f,avg_r,avg_n
0.000000,0.278426,0.000000
0.005005,0.328705,0.000000
0.010010,0.348179,0.000000
0.015015,0.382892,0.000000
0.020020,0.403148,0.000000
0.025025,0.432761,0.000000
0.030030,0.453684,0.000000
0.035035,0.477441,0.000000
0.040040,0.497662,0.000000
0.045045,0.521890,0.000000
0.050050,0.542392,0.000000
0.055055,0.564452,0.000000
0.060060,0.582255,0.000000
0.065065,0.603891,0.000000
0.070070,0.621994,0.000000
0.075075,0.639663,0.000000
0.080080,0.657345,0.000000
0.085085,0.678043,0.000000
0.090090,0.694130,0.000000
0.095095,0.711973,0.000000
0.100100,0.730333,0.000000
0.105105,0.746651,0.000000
0.110110,0.762345,0.000000
0.115115,0.777770,0.000000
0.120120,0.794656,0.000000
0.125125,0.808762,0.000000
0.130130,0.826351,0.000000
0.135135,0.839578,0.000000
0.140140,0.855692,0.000000
0.145145,0.870694,0.000000
0.150150,0.883244,0.000000
0.155155,0.899699,0.000000
0.160160,0.910871,0.000000
0.165165,0.924278,0.000000
0.170170,0.939345,0.000000
0.175175,0.952439,0.000000
0.180180,0.965610,0.000000
0.185185,0.978048,0.000000
0.190190,0.991296,0.000000
0.195195,1.003619,0.000000
0.200200,1.012808,0.000000
0.205205,1.026689,0.000000
0.210210,1.038443,0.000000
0.215215,1.049723,0.000000
0.220220,1.063249,0.000000
0.225225,1.071209,0.000000
0.230230,1.082619,0.000000
0.235235,1.094672,0.000000
0.240240,1.101997,0.000000
0.245245,1.113634,0.000000
0.250250,1.125705,0.000000
0.255255,1.134839,0.000000
0.260260,1.145433,0.000000
0.265265,1.154678,0.000000
0.270270,1.165733,0.000000
0.275275,1.176252,0.000000
0.280280,1.184328,0.000000
0.285285,1.194065,0.000000
0.290290,1.205380,0.000000
0.295295,1.211970,0.000000
0.300300,1.220875,0.000000
0.305305,1.228660,0.000000
0.310310,1.238501,0.000000
0.315315,1.245179,0.000000
0.320320,1.254920,0.000000
0.325325,1.263929,0.000000
0.330330,1.271323,0.000000
0.335335,1.280963,0.000000
0.340340,1.289548,0.000000
0.345345,1.296587,0.000000
0.350350,1.304597,0.000000
0.355355,1.311871,0.000000
0.360360,1.320383,0.000000
0.365365,1.326279,0.000000
0.370370,1.336500,0.000000
0.375375,1.343191,0.000000
0.380380,1.350832,0.000000
0.385385,1.355687,0.000000
0.390390,1.365358,0.000000
0.395395,1.370613,0.000000
0.400400,1.378528,0.000000
0.405405,1.384394,0.000000
0.410410,1.394419,0.000000
0.415415,1.399374,0.000000
0.420420,1.405720,0.000000
0.425425,1.410555,0.000000
0.430430,1.419279,0.000000
0.435435,1.424986,0.000000
0.440440,1.432347,0.000000
0.445445,1.436726,0.000000
0.450450,1.444748,0.000000
0.455455,1.451430,0.000000
0.460460,1.458014,0.000000
0.465465,1.463296,0.000000
0.470470,1.467601,0.000000
0.475475,1.474593,0.000000
0.480480,1.482119,0.000000
0.485485,1.486647,0.000000
0.490490,1.492689,0.000000
0.495495,1.498601,0.000000
0.500501,1.501714,0.000000
0.505506,1.510697,0.000000
0.510511,1.515005,0.000000
0.515516,1.520696,0.000000
0.520521,1.527613,0.000000
0.525526,1.530134,0.000000
0.530531,1.537118,0.000000
0.535536,1.542077,0.000000
0.540541,1.548349,0.000000
0.545546,1.553228,0.000000
0.550551,1.558522,0.000000
0.555556,1.561691,0.000000
0.560561,1.567130,0.000000
0.565566,1.574359,0.000000
0.570571,1.577864,0.000000
0.575576,1.584963,0.000000
0.580581,1.587673,0.000000
0.585586,1.592109,0.000000
0.590591,1.597868,0.000000
0.595596,1.601979,0.000000
0.600601,1.607841,0.000000
0.605606,1.612798,0.000000
0.610611,1.616385,0.000000
0.615616,1.620943,0.000000
0.620621,1.623076,0.000000
0.625626,1.628820,0.000000
0.630631,1.635567,0.000000
0.635636,1.640985,0.000000
0.640641,1.642447,0.000000
0.645646,1.645578,0.000000
0.650651,1.649536,0.000000
0.655656,1.655171,0.000000
0.660661,1.658777,0.000000
0.665666,1.666134,0.000000
0.670671,1.668779,0.000000
0.675676,1.672022,0.000000
0.680681,1.676672,0.000000
0.685686,1.680041,0.000000
0.690691,1.684815,0.000000
0.695696,1.690446,0.000000
0.700701,1.694766,0.000000
0.705706,1.697450,0.000000
0.710711,1.698944,0.000000
0.715716,1.704422,0.000000
0.720721,1.708261,0.000000
0.725726,1.711929,0.000000
0.730731,1.717368,0.000000
0.735736,1.722441,0.000000
0.740741,1.723834,0.000000
0.745746,1.727150,0.000000
0.750751,1.730385,0.000000
0.755756,1.734855,0.000000
0.760761,1.737255,0.000000
0.765766,1.741418,0.000000
0.770771,1.747558,0.000000
0.775776,1.750730,0.000000
0.780781,1.752675,0.000000
0.785786,1.754253,0.000000
0.790791,1.758975,0.000000
0.795796,1.762906,0.000000
0.800801,1.766459,0.000000
0.805806,1.771419,0.000000
0.810811,1.776524,0.000000
0.815816,1.777982,0.000000
0.820821,1.780997,0.000000
0.825826,1.782261,0.000000
0.830831,1.785848,0.000000
0.835836,1.788075,0.000000
0.840841,1.792745,0.000000
0.845846,1.795444,0.000000
0.850851,1.803036,0.000000
0.855856,1.805308,0.000000
0.860861,1.806396,0.000000
0.865866,1.809012,0.000000
0.870871,1.811220,0.000000
0.875876,1.814436,0.000000
0.880881,1.817242,0.000000
0.885886,1.822783,0.000000
0.890891,1.824776,0.000000
0.895896,1.831851,0.000000
0.900901,1.833416,0.000000
0.905906,1.835439,0.000000
0.910911,1.836657,0.000000
0.915916,1.838760,0.000000
0.920921,1.842622,0.000000
0.925926,1.843429,0.000000
0.930931,1.848161,0.000202
0.935936,1.851838,0.000303
0.940941,1.861398,0.000606
0.945946,1.865133,0.000707
0.950951,1.868025,0.000808
0.955956,1.870187,0.000808
0.960961,1.871403,0.000909
0.965966,1.873312,0.001010
0.970971,1.877200,0.001010
0.975976,1.877995,0.001010
0.980981,1.881216,0.001010
0.985986,1.884185,0.001010
0.990991,1.889814,0.001010
0.995996,1.894224,0.001010
1.001001,1.895737,0.001010
1.006006,1.897995,0.001010
1.011011,1.900060,0.001010
1.016016,1.902573,0.001111
1.021021,1.905390,0.001111
1.026026,1.908311,0.001212
1.031031,1.911039,0.001313
1.036036,1.913153,0.001313
1.041041,1.917784,0.001414
1.046046,1.920936,0.001414
1.051051,1.923265,0.001414
1.056056,1.926495,0.001515
1.061061,1.930079,0.001616
1.066066,1.933568,0.001717
1.071071,1.934521,0.001717
1.076076,1.936830,0.001717
1.081081,1.940318,0.001818
1.086086,1.942883,0.001818
1.091091,1.945600,0.001818
1.096096,1.947542,0.001919
1.101101,1.954046,0.001919
1.106106,1.954995,0.001919
1.111111,1.958665,0.002020
1.116116,1.959448,0.002020
1.121121,1.960629,0.002020
1.126126,1.962614,0.002020
1.131131,1.965217,0.002121
1.136136,1.967017,0.002222
1.141141,1.970969,0.002222
1.146146,1.973236,0.002222
1.151151,1.975549,0.002222
1.156156,1.978705,0.002222
1.161161,1.983891,0.002222
1.166166,1.985816,0.002222
1.171171,1.988589,0.002222
1.176176,1.990391,0.002222
1.181181,1.990391,0.002222
1.186186,1.992481,0.002323
1.191191,1.994919,0.002424
1.196196,1.996934,0.002424
1.201201,1.999843,0.002424
1.206206,2.002118,0.002424
1.211211,2.005136,0.002424
1.216216,2.006865,0.002424
1.221221,2.009595,0.002424
1.226226,2.012997,0.002424
1.231231,2.016261,0.002525
1.236236,2.017357,0.002525
1.241241,2.019975,0.002525
1.246246,2.021931,0.002626
1.251251,2.023418,0.002626
1.256256,2.024661,0.002626
1.261261,2.025599,0.002626
1.266266,2.027369,0.002626
1.271271,2.030318,0.002626
1.276276,2.032450,0.002626
1.281281,2.035860,0.002626
1.286286,2.037486,0.002626
1.291291,2.040807,0.002626
1.296296,2.043878,0.002626
1.301301,2.045688,0.002626
1.306306,2.047250,0.002626
1.311311,2.050271,0.002727
1.316316,2.051962,0.002727
1.321321,2.052476,0.002727
1.326326,2.053566,0.002727
1.331331,2.054805,0.002727
1.336336,2.056148,0.002727
1.341341,2.057410,0.002727
1.346346,2.060627,0.002727
1.351351,2.063918,0.002828
1.356356,2.067474,0.002828
1.361361,2.069134,0.002828
1.366366,2.073581,0.002828
1.371371,2.075225,0.002828
1.376376,2.075868,0.002828
1.381381,2.078560,0.002828
1.386386,2.079503,0.002828
1.391391,2.082027,0.002828
1.396396,2.083667,0.002828
1.401401,2.084327,0.002828
1.406406,2.086830,0.002929
1.411411,2.088727,0.003030
1.416416,2.090017,0.003030
1.421421,2.092486,0.003030
1.426426,2.097644,0.003333
1.431431,2.099000,0.003333
1.436436,2.103584,0.003535
1.441441,2.109742,0.003636
1.446446,2.114801,0.003737
1.451451,2.115773,0.003737
1.456456,2.116879,0.003737
1.461461,2.120824,0.003939
1.466466,2.123951,0.004040
1.471471,2.125377,0.004040
1.476476,2.127794,0.004040
1.481481,2.127929,0.004040
1.486486,2.129043,0.004040
1.491491,2.132739,0.004141
1.496496,2.134730,0.004242
1.501502,2.137440,0.004343
1.506507,2.144266,0.004646
1.511512,2.145463,0.004646
1.516517,2.150096,0.004747
1.521522,2.151148,0.004747
1.526527,2.155409,0.004848
1.531532,2.159137,0.004848
1.536537,2.160654,0.004848
1.541542,2.162964,0.004949
1.546547,2.164418,0.004949
1.551552,2.167602,0.005051
1.556557,2.171119,0.005152
1.561562,2.174558,0.005253
1.566567,2.177836,0.005354
1.571572,2.183047,0.005556
1.576577,2.183552,0.005556
1.581582,2.185393,0.005556
1.586587,2.188486,0.005657
1.591592,2.195180,0.005960
1.596597,2.201825,0.006162
1.601602,2.202694,0.006162
1.606607,2.208648,0.006364
1.611612,2.212900,0.006465
1.616617,2.219251,0.006667
1.621622,2.228759,0.006970
1.626627,2.237594,0.007273
1.631632,2.240913,0.007374
1.636637,2.250556,0.007778
1.641642,2.263948,0.008283
1.646647,2.267956,0.008384
1.651652,2.272461,0.008485
1.656657,2.288662,0.009192
1.661662,2.310659,0.010202
1.666667,2.322105,0.010606
1.671672,2.323325,0.010606
1.676677,2.326827,0.010909
1.681682,2.329629,0.011111
1.686687,2.334675,0.011414
1.691692,2.336433,0.011515
1.696697,2.340062,0.011616
1.701702,2.342457,0.011717
1.706707,2.348913,0.011818
1.711712,2.349352,0.011818
1.716717,2.351256,0.012020
1.721722,2.354476,0.012121
1.726727,2.355272,0.012121
1.731732,2.357503,0.012323
1.736737,2.359030,0.012424
1.741742,2.362037,0.012424
1.746747,6.492793,0.160909
1.751752,8.268736,0.230303
1.756757,10.424009,0.319394
1.761762,11.780346,0.378788
1.766767,12.852510,0.428283
1.771772,13.854124,0.477879
1.776777,14.629257,0.517475
1.781782,14.984057,0.537374
1.786787,16.173819,0.606667
1.791792,16.641768,0.636364
1.796797,17.550165,0.695758
1.801802,17.985438,0.725455
1.806807,18.138150,0.735253
1.811812,18.268071,0.745051
1.816817,18.291589,0.745051
1.821822,18.413125,0.754848
1.826827,18.647124,0.774444
1.831832,18.852768,0.794040
1.836837,19.063809,0.813636
1.841842,19.341249,0.843030
1.846847,19.702454,0.882222
1.851852,19.711900,0.882222
1.856857,19.735191,0.882222
1.861862,19.955584,0.911616
1.866867,20.046626,0.921414
1.871872,20.182191,0.941010
1.876877,20.265657,0.950808
1.881882,20.384957,0.970404
1.886887,20.461573,0.980202
1.891892,20.470002,0.980202
1.896897,20.495529,0.980202
1.901902,20.503616,0.980202
1.906907,20.529248,0.980202
1.911912,20.536810,0.980202
1.916917,20.601421,0.990101
1.921922,20.606867,0.990101
1.926927,20.635046,0.990101
1.931932,20.640066,0.990101
1.936937,20.668559,0.990101
1.941942,20.672298,0.990101
1.946947,20.693315,0.990101
1.951952,20.704807,0.990101
1.956957,20.718544,0.990101
1.961962,20.768115,1.000000
1.966967,20.778031,1.000000
1.971972,20.801606,1.000000
1.976977,20.809934,1.000000
1.981982,20.834752,1.000000
1.986987,20.841121,1.000000
1.991992,20.868425,1.000000
1.996997,20.873326,1.000000
2.002002,20.895604,1.000000
2.007007,20.904577,1.000000
2.012012,20.917982,1.000000
2.017017,20.937715,1.000000
2.022022,20.946754,1.000000
2.027027,20.970961,1.000000
2.032032,20.977408,1.000000
2.037037,21.004477,1.000000
2.042042,21.008704,1.000000
2.047047,21.029318,1.000000
2.052052,21.040222,1.000000
2.057057,21.050426,1.000000
2.062062,21.073456,1.000000
2.067067,21.081271,1.000000
2.072072,21.106734,1.000000
2.077077,21.111534,1.000000
2.082082,21.132012,1.000000
2.087087,21.142479,1.000000
2.092092,21.152683,1.000000
2.097097,21.175304,1.000000
2.102102,21.181861,1.000000
2.107107,21.208615,1.000000
2.112112,21.211540,1.000000
2.117117,21.226624,1.000000
2.122122,21.243879,1.000000
2.127127,21.252303,1.000000
2.132132,21.277006,1.000000
2.137137,21.281858,1.000000
2.142142,21.302763,1.000000
2.147147,21.312602,1.000000
2.152152,21.321930,1.000000
2.157157,21.345178,1.000000
2.162162,21.350563,1.000000
2.167167,21.378735,1.000000
2.172172,21.380640,1.000000
2.177177,21.390290,1.000000
2.182182,21.413276,1.000000
2.187187,21.418735,1.000000
2.192192,21.446906,1.000000
2.197197,21.448543,1.000000
2.202202,21.457353,1.000000
2.207207,21.481337,1.000000
2.212212,21.486142,1.000000
2.217217,21.506181,1.000000
2.222222,21.516225,1.000000
2.227227,21.524038,1.000000
2.232232,21.549233,1.000000
2.237237,21.551474,1.000000
2.242242,21.565494,1.000000
2.247247,21.583649,1.000000
2.252252,21.589464,1.000000
2.257257,21.617279,1.000000
2.262262,21.618677,1.000000
2.267267,21.627897,1.000000
2.272272,21.651490,1.000000
2.277277,21.654608,1.000000
2.282282,21.671177,1.000000
2.287287,21.685796,1.000000
2.292292,21.691977,1.000000
2.297297,21.719536,1.000000
2.302302,21.720803,1.000000
2.307307,21.729194,1.000000
2.312312,21.753622,1.000000
2.317317,21.755624,1.000000
2.322322,21.769423,1.000000
2.327327,21.788053,1.000000
2.332332,21.792433,1.000000
2.337337,21.815225,1.000000
2.342342,21.822139,1.000000
2.347347,21.828980,1.000000
2.352352,21.855392,1.000000
2.357357,21.856623,1.000000
2.362362,21.865109,1.000000
2.367367,21.889909,1.000000
2.372372,21.891122,1.000000
2.377377,21.901562,1.000000
2.382382,21.923995,1.000000
2.387387,21.926028,1.000000
2.392392,21.939680,1.000000
2.397397,21.958301,1.000000
2.402402,21.962096,1.000000
2.407407,21.980956,1.000000
2.412412,21.992386,1.000000
2.417417,21.997059,1.000000
2.422422,22.021240,1.000000
2.427427,22.026472,1.000000
2.432432,22.031790,1.000000
2.437437,22.059630,1.000000
2.442442,22.060558,1.000000
2.447447,22.066131,1.000000
2.452452,22.093715,1.000000
2.457457,22.094644,1.000000
2.462462,22.100847,1.000000
2.467467,22.127801,1.000000
2.472472,22.128967,1.000000
2.477477,22.134933,1.000000
2.482482,22.161887,1.000000
2.487487,22.162742,1.000000
2.492492,22.169019,1.000000
2.497497,22.195973,1.000000
2.502503,22.196828,1.000000
2.507508,22.202019,1.000000
2.512513,22.229760,1.000000
2.517518,22.230913,1.000000
2.522523,22.235663,1.000000
2.527528,22.263846,1.000000
2.532533,22.264894,1.000000
2.537538,22.269448,1.000000
2.542543,22.292079,1.000000
2.547548,22.298803,1.000000
2.552553,22.301965,1.000000
2.557558,22.319275,1.000000
2.562563,22.332669,1.000000
2.567568,22.334215,1.000000
2.572573,22.347827,1.000000
2.577578,22.366755,1.000000
2.582583,22.367744,1.000000
2.587588,22.377856,1.000000
2.592593,22.400534,1.000000
2.597598,22.401419,1.000000
2.602603,22.409058,1.000000
2.607608,22.434159,1.000000
2.612613,22.435267,1.000000
2.617618,22.440104,1.000000
2.622623,22.467864,1.000000
2.627628,22.469232,1.000000
2.632633,22.472623,1.000000
2.637638,22.488587,1.000000
2.642643,22.502997,1.000000
2.647648,22.503927,1.000000
2.652653,22.513959,1.000000
2.657658,22.536416,1.000000
2.662663,22.537762,1.000000
2.667668,22.544535,1.000000
2.672673,22.570502,1.000000
2.677678,22.571489,1.000000
2.682683,22.575168,1.000000
2.687688,22.594700,1.000000
2.692693,22.605254,1.000000
2.697698,22.606184,1.000000
2.702703,22.615910,1.000000
2.707708,22.638618,1.000000
2.712713,22.639660,1.000000
2.717718,22.645020,1.000000
2.722723,22.672249,1.000000
2.727728,22.673425,1.000000
2.732733,22.674626,1.000000
2.737738,22.687446,1.000000
2.742743,22.706716,1.000000
2.747748,22.708070,1.000000
2.752753,22.714797,1.000000
2.757758,22.740421,1.000000
2.762763,22.741761,1.000000
2.767768,22.743071,1.000000
2.772773,22.756461,1.000000
2.777778,22.774887,1.000000
2.782783,22.776085,1.000000
2.787788,22.782641,1.000000
2.792793,22.808213,1.000000
2.797798,22.809524,1.000000
2.802803,22.810643,1.000000
2.807808,22.822792,1.000000
2.812813,22.843059,1.000000
2.817818,22.844018,1.000000
2.822823,22.848295,1.000000
2.827828,22.876200,1.000000
2.832833,22.877553,1.000000
2.837838,22.878592,1.000000
2.842843,22.886677,1.000000
2.847848,22.910604,1.000000
2.852853,22.912001,1.000000
2.857858,22.914158,1.000000
2.862863,22.928452,1.000000
2.867868,22.945316,1.000000
2.872873,22.946202,1.000000
2.877878,22.950552,1.000000
2.882883,22.978145,1.000000
2.887888,22.979811,1.000000
2.892893,22.980776,1.000000
2.897898,22.987873,1.000000
2.902903,23.012672,1.000000
2.907908,23.013897,1.000000
2.912913,23.014862,1.000000
2.917918,23.025607,1.000000
2.922923,23.047138,1.000000
2.927928,23.048344,1.000000
2.932933,23.050891,1.000000
2.937938,23.066427,1.000000
2.942943,23.081493,1.000000
2.947948,23.082430,1.000000
2.952953,23.086540,1.000000
2.957958,23.109600,1.000000
2.962963,23.115579,1.000000
2.967968,23.116753,1.000000
2.972973,23.121251,1.000000
2.977978,23.148518,1.000000
2.982983,23.149664,1.000000
2.987988,23.150839,1.000000
2.992993,23.157223,1.000000
2.997998,23.182603,1.000000
3.003003,23.184159,1.000000
3.008008,23.184925,1.000000
3.013013,23.191643,1.000000
3.018018,23.216689,1.000000
3.023023,23.218245,1.000000
3.028028,23.218955,1.000000
3.033033,23.225507,1.000000
3.038038,23.250670,1.000000
3.043043,23.252331,1.000000
3.048048,23.253041,1.000000
3.053053,23.259593,1.000000
3.058058,23.284756,1.000000
3.063063,23.286211,1.000000
3.068068,23.287126,1.000000
3.073073,23.293128,1.000000
3.078078,23.318768,1.000000
3.083083,23.320093,1.000000
3.088088,23.321212,1.000000
3.093093,23.326565,1.000000
3.098098,23.352679,1.000000
3.103103,23.353910,1.000000
3.108108,23.355060,1.000000
3.113113,23.359070,1.000000
3.118118,23.386295,1.000000
3.123123,23.387996,1.000000
3.128128,23.389004,1.000000
3.133133,23.392265,1.000000
3.138138,23.409015,1.000000
3.143143,23.421496,1.000000
3.148148,23.422979,1.000000
3.153153,23.424264,1.000000
3.158158,23.435021,1.000000
3.163163,23.455237,1.000000
3.168168,23.456845,1.000000
3.173173,23.457805,1.000000
3.178178,23.464946,1.000000
3.183183,23.489141,1.000000
3.188188,23.490180,1.000000
3.193193,23.491641,1.000000
3.198198,23.496354,1.000000
3.203203,23.522481,1.000000
3.208208,23.523974,1.000000
3.213213,23.525236,1.000000
3.218218,23.528206,1.000000
3.223223,23.542022,1.000000
3.228228,23.557494,1.000000
3.233233,23.558973,1.000000
3.238238,23.560063,1.000000
3.243243,23.567565,1.000000
3.248248,23.591273,1.000000
3.253253,23.592381,1.000000
3.258258,23.593408,1.000000
3.263263,23.597555,1.000000
3.268268,23.624450,1.000000
3.273273,23.625850,1.000000
3.278278,23.627145,1.000000
3.283283,23.628234,1.000000
3.288288,23.636845,1.000000
3.293293,23.659344,1.000000
3.298298,23.660448,1.000000
3.303303,23.661688,1.000000
3.308308,23.666038,1.000000
3.313313,23.692621,1.000000
3.318318,23.694022,1.000000
3.323323,23.695316,1.000000
3.328328,23.696350,1.000000
3.333333,23.705017,1.000000
3.338338,23.727340,1.000000
3.343343,23.728488,1.000000
3.348348,23.729622,1.000000
3.353353,23.733542,1.000000
3.358358,23.752196,1.000000
3.363363,23.761782,1.000000
3.368368,23.763114,1.000000
3.373373,23.764195,1.000000
3.378378,23.770492,1.000000
3.383383,23.795046,1.000000
3.388388,23.796279,1.000000
3.393393,23.797573,1.000000
3.398398,23.798694,1.000000
3.403403,23.809183,1.000000
3.408408,23.829598,1.000000
3.413413,23.830746,1.000000
3.418418,23.831879,1.000000
3.423423,23.835430,1.000000
3.428428,23.853741,1.000000
3.433433,23.863858,1.000000
3.438438,23.864831,1.000000
3.443443,23.866203,1.000000
3.448448,23.871053,1.000000
3.453453,23.896915,1.000000
3.458458,23.898125,1.000000
3.463463,23.899457,1.000000
3.468468,23.900539,1.000000
3.473473,23.906762,1.000000
3.478478,23.931166,1.000000
3.483483,23.932396,1.000000
3.488488,23.933543,1.000000
3.493493,23.934624,1.000000
3.498498,23.942264,1.000000
3.503504,23.965252,1.000000
3.508509,23.966426,1.000000
3.513514,23.967629,1.000000
3.518519,23.968710,1.000000
3.523524,23.977458,1.000000
3.528529,23.999505,1.000000
3.533534,24.000512,1.000000
3.538539,24.001714,1.000000
3.543544,24.002796,1.000000
3.548549,24.011544,1.000000
3.553554,24.033591,1.000000
3.558559,24.034597,1.000000
3.563564,24.035800,1.000000
3.568569,24.036882,1.000000
3.573574,24.045630,1.000000
3.578579,24.067509,1.000000
3.583584,24.068683,1.000000
3.588589,24.069699,1.000000
3.593594,24.070967,1.000000
3.598599,24.078972,1.000000
3.603604,24.101356,1.000000
3.608609,24.102584,1.000000
3.613614,24.103785,1.000000
3.618619,24.105053,1.000000
3.623624,24.111508,1.000000
3.628629,24.135163,1.000000
3.633634,24.136367,1.000000
3.638639,24.137564,1.000000
3.643644,24.138728,1.000000
3.648649,24.144590,1.000000
3.653654,24.169089,1.000000
3.658659,24.170453,1.000000
3.663664,24.171447,1.000000
3.668669,24.172307,1.000000
3.673674,24.176417,1.000000
3.678679,24.194250,1.000000
3.683684,24.203946,1.000000
3.688689,24.205407,1.000000
3.693694,24.206393,1.000000
3.698699,24.207799,1.000000
3.703704,24.218315,1.000000
3.708709,24.237699,1.000000
3.713714,24.238927,1.000000
3.718719,24.240027,1.000000
3.723724,24.241235,1.000000
3.728729,24.247795,1.000000
3.733734,24.271346,1.000000
3.738739,24.272637,1.000000
3.743744,24.273579,1.000000
3.748749,24.274564,1.000000
3.753754,24.278532,1.000000
3.758759,24.296451,1.000000
3.763764,24.306036,1.000000
3.768769,24.307210,1.000000
3.773774,24.308198,1.000000
3.778779,24.309407,1.000000
3.783784,24.317406,1.000000
3.788789,24.339462,1.000000
3.793794,24.340808,1.000000
3.798799,24.341750,1.000000
3.803804,24.342736,1.000000
3.808809,24.347004,1.000000
3.813814,24.365005,1.000000
3.818819,24.374036,1.000000
3.823824,24.375260,1.000000
3.828829,24.376370,1.000000
3.833834,24.377578,1.000000
3.838839,24.384493,1.000000
3.843844,24.407633,1.000000
3.848849,24.408749,1.000000
3.853854,24.409848,1.000000
3.858859,24.410675,1.000000
3.863864,24.413608,1.000000
3.868869,24.425301,1.000000
3.873874,24.441879,1.000000
3.878879,24.443010,1.000000
3.883884,24.443934,1.000000
3.888889,24.445130,1.000000
3.893894,24.449781,1.000000
3.898899,24.475694,1.000000
3.903904,24.476294,1.000000
3.908909,24.477277,1.000000
3.913914,24.478554,1.000000
3.918919,24.479567,1.000000
3.923924,24.486395,1.000000
3.928929,24.509780,1.000000
3.933934,24.510547,1.000000
3.938939,24.511547,1.000000
3.943944,24.512639,1.000000
3.948949,24.513787,1.000000
3.953954,24.522664,1.000000
3.958959,24.543866,1.000000
3.963964,24.544632,1.000000
3.968969,24.546014,1.000000
3.973974,24.546945,1.000000
3.978979,24.548552,1.000000
3.983984,24.559117,1.000000
3.988989,24.577952,1.000000
3.993994,24.579063,1.000000
3.998999,24.580100,1.000000
4.004004,24.580975,1.000000
4.009009,24.583754,1.000000
4.014014,24.594443,1.000000
4.019019,24.612037,1.000000
4.024024,24.613149,1.000000
4.029029,24.614186,1.000000
4.034034,24.615061,1.000000
4.039039,24.617839,1.000000
4.044044,24.628529,1.000000
4.049049,24.646123,1.000000
4.054054,24.646890,1.000000
4.059059,24.648272,1.000000
4.064064,24.649146,1.000000
4.069069,24.650777,1.000000
4.074074,24.661269,1.000000
4.079079,24.680209,1.000000
4.084084,24.680976,1.000000
4.089089,24.681976,1.000000
4.094094,24.682887,1.000000
4.099099,24.683851,1.000000
4.104104,24.692846,1.000000
4.109109,24.714295,1.000000
4.114114,24.714894,1.000000
4.119119,24.716062,1.000000
4.124124,24.716973,1.000000
4.129129,24.717806,1.000000
4.134134,24.724693,1.000000
4.139139,24.748380,1.000000
4.144144,24.748541,1.000000
4.149149,24.749782,1.000000
4.154154,24.750854,1.000000
4.159159,24.751642,1.000000
4.164164,24.756322,1.000000
4.169169,24.782361,1.000000
4.174174,24.782466,1.000000
4.179179,24.783577,1.000000
4.184184,24.784615,1.000000
4.189189,24.785489,1.000000
4.194194,24.788052,1.000000
4.199199,24.799435,1.000000
4.204204,24.816552,1.000000
4.209209,24.817151,1.000000
4.214214,24.818319,1.000000
4.219219,24.819230,1.000000
4.224224,24.820063,1.000000
4.229229,24.826776,1.000000
4.234234,24.850477,1.000000
4.239239,24.850638,1.000000
4.244244,24.851924,1.000000
4.249249,24.852786,1.000000
4.254254,24.853661,1.000000
4.259259,24.857091,1.000000
4.264264,24.873038,1.000000
4.269269,24.884668,1.000000
4.274274,24.885323,1.000000
4.279279,24.886491,1.000000
4.284284,24.887402,1.000000
4.289289,24.888235,1.000000
4.294294,24.894947,1.000000
4.299299,24.918575,1.000000
4.304304,24.918753,1.000000
4.309309,24.919921,1.000000
4.314314,24.920958,1.000000
4.319319,24.921707,1.000000
4.324324,24.923981,1.000000
4.329329,24.934823,1.000000
4.334334,24.952661,1.000000
4.339339,24.952999,1.000000
4.344344,24.954181,1.000000
4.349349,24.955043,1.000000
4.354354,24.956031,1.000000
4.359359,24.959944,1.000000
4.364364,24.982300,1.000000
4.369369,24.986851,1.000000
4.374374,24.987414,1.000000
4.379379,24.988448,1.000000
4.384384,24.989538,1.000000
4.389389,24.990492,1.000000
4.394394,24.996594,1.000000
4.399399,25.020832,1.000000
4.404404,25.020937,1.000000
4.409409,25.021667,1.000000
4.414414,25.022663,1.000000
4.419419,25.023624,1.000000
4.424424,25.024578,1.000000
4.429429,25.031868,1.000000
4.434434,25.054918,1.000000
4.439439,25.055023,1.000000
4.444444,25.055753,1.000000
4.449449,25.056749,1.000000
4.454454,25.057710,1.000000
4.459459,25.058664,1.000000
4.464464,25.067052,1.000000
4.469469,25.089004,1.000000
4.474474,25.089109,1.000000
4.479479,25.089838,1.000000
4.484484,25.090834,1.000000
4.489489,25.091795,1.000000
4.494494,25.092749,1.000000
4.499499,25.101004,1.000000
4.504505,25.123089,1.000000
4.509510,25.123089,1.000000
4.514515,25.123924,1.000000
4.519520,25.124920,1.000000
4.524525,25.125825,1.000000
4.529530,25.126835,1.000000
4.534535,25.133992,1.000000
4.539540,25.156932,1.000000
4.544545,25.157175,1.000000
4.549550,25.157769,1.000000
4.554555,25.158821,1.000000
4.559560,25.159911,1.000000
4.564565,25.160796,1.000000
4.569570,25.166892,1.000000
4.574575,25.191018,1.000000
4.579580,25.191261,1.000000
4.584585,25.191526,1.000000
4.589590,25.192726,1.000000
4.594595,25.193588,1.000000
4.599600,25.194576,1.000000
4.604605,25.198413,1.000000
4.609610,25.218708,1.000000
4.614615,25.225347,1.000000
4.619620,25.225347,1.000000
4.624625,25.226452,1.000000
4.629630,25.227558,1.000000
4.634635,25.228302,1.000000
4.639640,25.230416,1.000000
4.644645,25.240086,1.000000
4.649650,25.259190,1.000000
4.654655,25.259432,1.000000
4.659660,25.260026,1.000000
4.664665,25.261263,1.000000
4.669670,25.262168,1.000000
4.674675,25.262997,1.000000
4.679680,25.269093,1.000000
4.684685,25.293275,1.000000
4.689690,25.293518,1.000000
4.694695,25.293518,1.000000
4.699700,25.294799,1.000000
4.704705,25.295730,1.000000
4.709710,25.296474,1.000000
4.714715,25.299312,1.000000
4.719720,25.310296,1.000000
4.724725,25.327361,1.000000
4.729730,25.327604,1.000000
4.734735,25.328032,1.000000
4.739740,25.329066,1.000000
4.744745,25.330340,1.000000
4.749750,25.330797,1.000000
4.754755,25.336603,1.000000
4.759760,25.361391,1.000000
4.764765,25.361589,1.000000
4.769770,25.361690,1.000000
4.774775,25.362451,1.000000
4.779780,25.363447,1.000000
4.784785,25.364426,1.000000
4.789790,25.365255,1.000000
4.794795,25.373503,1.000000
4.799800,25.395477,1.000000
4.804805,25.395675,1.000000
4.809810,25.395776,1.000000
4.814815,25.396881,1.000000
4.819820,25.397914,1.000000
4.824825,25.398731,1.000000
4.829830,25.401284,1.000000
4.834835,25.411568,1.000000
4.839840,25.429563,1.000000
4.844845,25.429760,1.000000
4.849850,25.430022,1.000000
4.854855,25.431142,1.000000
4.859860,25.432000,1.000000
4.864865,25.432817,1.000000
4.869870,25.436237,1.000000
4.874875,25.449610,1.000000
4.879880,25.463648,1.000000
4.884885,25.463790,1.000000
4.889890,25.464107,1.000000
4.894895,25.465228,1.000000
4.899900,25.466085,1.000000
4.904905,25.466903,1.000000
4.909910,25.470618,1.000000
4.914915,25.486025,1.000000
4.919920,25.497734,1.000000
4.924925,25.497876,1.000000
4.929930,25.498193,1.000000
4.934935,25.499313,1.000000
4.939940,25.500171,1.000000
4.944945,25.500988,1.000000
4.949950,25.504114,1.000000
4.954955,25.517781,1.000000
4.959960,25.531820,1.000000
4.964965,25.531962,1.000000
4.969970,25.532063,1.000000
4.974975,25.533224,1.000000
4.979980,25.534257,1.000000
4.984985,25.535001,1.000000
4.989990,25.537344,1.000000
4.994995,25.547493,1.000000
5.000000,25.565906,1.000000
