r,r1,r2,r3,n1,n2,n3
0.0,0.0,0.0,0.0,0.0,0.0,0.0
0.0523023023023023,0.009499307154057312,0.019018060038943675,0.023784935109301315,0.0,0.0,0.0
0.1046046046046046,0.018997917372500346,0.03803588203761474,0.04757080519448953,0.0,0.0,0.0
0.1569069069069069,0.028495892316726088,0.05705393046052984,0.07135708412965097,0.0,0.0,0.0
0.2092092092092092,0.03799318587763457,0.07607167808848354,0.09514434524309111,0.0,0.0,0.0
0.26151151151151153,0.04754670984161391,0.095095906563733,0.11886889510616462,0.0,0.0,0.0
0.3138138138138138,0.05705613775771962,0.11411519035094118,0.14264248570515298,0.0,0.0,0.0
0.3661161161161161,0.06656545651961474,0.1331346805635054,0.16641597903299601,0.0,0.0,0.0
0.4184184184184184,0.07607491973070951,0.1521540221619391,0.1901894765257698,0.0,0.0,0.0
0.47072072072072074,0.0855840612864625,0.17117303812753557,0.21396362130672267,0.0,0.0,0.0
0.5230230230230231,0.09509335457260493,0.19019239231392365,0.23773727613649448,0.0,0.0,0.0
0.5753253253253253,0.10460253159686186,0.20921187261230448,0.26151092111615903,0.0,0.0,0.0
0.6276276276276276,0.11411172314662872,0.22823149620860142,0.2852844082723974,0.0,0.0,0.0
0.67992992992993,0.12362090642328187,0.24725083728780992,0.3090581862188382,0.0,0.0,0.0
0.7322322322322322,0.1331301471527885,0.2662701916340708,0.33283189344537295,0.0,0.0,0.0
0.7845345345345346,0.14263919170936767,0.28528991163231093,0.356605431192856,0.0,0.0,0.0
0.8368368368368369,0.15214810534515105,0.30430955021943906,0.3803791812722468,0.0,0.0,0.0
0.8891391391391391,0.1616568137373581,0.3233292093287268,0.40415311607305426,0.0,0.0,0.0
0.9414414414414415,0.17116579662838835,0.34234938466261927,0.42792626015043383,0.0,0.0,0.0
0.9937437437437437,0.18067459094704283,0.36136888076133544,0.45170027203536545,0.0,0.0,0.0
1.0460460460460461,0.19018354210496807,0.38038850220959525,0.47547400173148285,0.0,0.0,0.0
1.0983483483483483,0.1996922445593658,0.3994090401156733,0.4992470636733091,0.0,0.0,0.0
1.1506506506506506,0.20920086026356044,0.4184290131645494,0.5230207772225408,0.0,0.0,0.0
1.202952952952953,0.21870935191896537,0.43744908890024997,0.5467945121337376,0.0,0.0,0.0
1.2552552552552552,0.22821786310883055,0.4564689614564973,0.5705684306899274,0.0,0.0,0.0
1.3075575575575575,0.23772606329000187,0.47548918325188916,0.5943423110156666,0.0,0.0,0.0
1.35985985985986,0.2472343558673116,0.49450998211829994,0.6181155218742485,0.0,0.0,0.0
1.4121621621621623,0.25674238062103794,0.5135305210580549,0.6418892604830696,0.0,0.0,0.0
1.4644644644644644,0.26625040643092046,0.5325511510735175,0.6656629069600264,0.0,0.0,0.0
1.5167667667667668,0.27575827290163585,0.5515719307591977,0.6894365631059332,0.0,0.0,0.0
1.5690690690690692,0.2852662626034627,0.5705927383229065,0.7132100681426999,0.0,0.0,0.0
1.6213713713713713,0.294773773966921,0.5896133834726452,0.7369842139318051,0.0,0.0,0.0
1.6736736736736737,0.3042813368005226,0.6086346534386663,0.7607576834344848,0.0,0.0,0.0
1.725975975975976,0.31378840022644944,0.6276560581978962,0.7845315175516304,0.0,0.0,0.0
1.7782782782782782,0.32329567178288404,0.6466776495181413,0.8083049569772528,0.0,0.0,0.0
1.8305805805805806,0.33280289769334287,0.6656993058568845,0.8320783770303533,0.0,0.0,0.0
1.882882882882883,0.34230963278076115,0.6847213129067891,0.8558519371953328,0.0,0.0,0.0
1.9351851851851851,0.3518158720130406,0.7037434539852562,0.8796258591868883,0.0,0.0,0.0
1.9874874874874875,0.36132236700185666,0.722765462126589,0.9033996583590419,0.0,0.0,0.0
2.03978978978979,0.3708285537848055,0.7417875777378111,0.9271736582671732,0.0,0.0,0.0
2.0920920920920922,0.38037918633488316,0.760763389579554,0.9509495161776551,0.0,0.0,0.0
2.1443943943943946,0.38988872354831267,0.7797824133788401,0.9747232574672419,0.0,0.0,0.0
2.1966966966966965,0.3993982617779603,0.7988017715788098,0.9984966633399264,0.0,0.0,0.0
2.248998998998999,0.4089075128849187,0.8178213183817713,1.022270167732309,0.0,0.0,0.0
2.3013013013013013,0.41841673390750594,0.8368405593550187,1.0460440080387765,0.0,0.0,0.0
2.3536036036036037,0.4279262387371195,0.8558600710461612,1.069817293820323,0.0,0.0,0.0
2.405905905905906,0.43743575686257186,0.8748792818377974,1.0935908672055366,0.0,0.0,0.0
2.4582082082082084,0.4469449242564702,0.8938984894428131,1.1173647945089251,0.0,0.0,0.0
2.5105105105105103,0.4564543524488239,0.9129180730049219,1.1411380850567645,0.0,0.0,0.0
2.5628128128128127,0.4659637961436463,0.9319374757651525,1.1649115409040136,0.0,0.0,0.0
2.615115115115115,0.4754730493426116,0.9509568754654188,1.1886851903070843,0.0,0.0,0.0
2.6674174174174174,0.4849822345025116,0.9699763911928604,1.2124587917220455,0.0,0.0,0.0
2.71971971971972,0.4944914544381869,0.988995977318533,1.2362322879630003,0.0,0.0,0.0
2.772022022022022,0.5040008984739021,1.0080156160761446,1.2600055074719756,0.0,0.0,0.0
2.8243243243243246,0.5135099386981103,1.027035199756943,1.2837791858692713,0.0,0.0,0.0
2.8766266266266265,0.5230192990371144,1.0460550801881607,1.3075522474013515,0.0,0.0,0.0
2.928928928928929,0.5325285005247228,1.0650745882209067,1.3313258401832995,0.0,0.0,0.0
2.9812312312312312,0.542037582952405,1.0840942103971376,1.3550994378816885,0.0,0.0,0.0
3.0335335335335336,0.5515469733647087,1.1031140730374551,1.37887248713137,0.0,0.0,0.0
3.085835835835836,0.5610559539407599,1.122134049150129,1.4026458327449471,0.0,0.0,0.0
3.1381381381381384,0.5705651003747886,1.1411535835704452,1.4264194541929045,0.0,0.0,0.0
3.1904404404404403,0.580074017399984,1.160173542126877,1.4501928809135793,0.0,0.0,0.0
3.2427427427427427,0.5895833057235809,1.1791935951914614,1.4739658418277004,0.0,0.0,0.0
3.295045045045045,0.5990924530908937,1.1982134815256782,1.4977391104284734,0.0,0.0,0.0
3.3473473473473474,0.6086012869525829,1.2172336175995842,1.5215124427951805,0.0,0.0,0.0
3.3996496496496498,0.6181102486322969,1.2362535357428237,1.5452858652745294,0.0,0.0,0.0
3.451951951951952,0.6276193682330335,1.2552738278397977,1.569058755879121,0.0,0.0,0.0
3.5042542542542545,0.6371282671210334,1.2742939582918873,1.5928320288413338,0.0,0.0,0.0
3.5565565565565564,0.6466373294361368,1.2933142193361944,1.6166050077842253,0.0,0.0,0.0
3.608858858858859,0.6561461209515558,1.3123342930597353,1.640378444847568,0.0,0.0,0.0
3.661161161161161,0.6656551606226,1.3313547255259586,1.6641512750126024,0.0,0.0,0.0
3.7134634634634636,0.6751639245661133,1.3503749796387463,1.6879245592586039,0.0,0.0,0.0
3.765765765765766,0.68467277806138,1.3693956284104838,1.711697359293902,0.0,0.0,0.0
3.8180680680680683,0.694181558973473,1.3884157805958202,1.7354707284987754,0.0,0.0,0.0
3.8703703703703702,0.7036902517165659,1.4074363088673458,1.7592438097864587,0.0,0.0,0.0
3.9226726726726726,0.7131990982656012,1.4264565852389908,1.7830169891680805,0.0,0.0,0.0
3.974974974974975,0.7227079952064785,1.4454773811018646,1.8067895986666316,0.0,0.0,0.0
4.027277277277277,0.732216608575538,1.4644977623302156,1.8305629063715236,0.0,0.0,0.0
4.07957957957958,0.7417252745951447,1.4835186484392917,1.8543356565451434,0.0,0.0,0.0
4.131881881881882,0.7512340034273925,1.502539205888528,1.8781086725659613,0.0,0.0,0.0
4.1841841841841845,0.7607426717600533,1.5215598065691873,1.9018817058549438,0.0,0.0,0.0
4.236486486486487,0.7702514373771089,1.540580487923495,1.925654561185883,0.0,0.0,0.0
4.288788788788789,0.7797600991572268,1.559601398759148,1.9494272908724144,0.0,0.0,0.0
4.341091091091092,0.789268667439846,1.5786221684681898,1.9732002551830559,0.0,0.0,0.0
4.393393393393393,0.7987773899152627,1.5976427639007051,1.9969732395774253,0.0,0.0,0.0
4.4456956956956954,0.8082858695101733,1.616663665153345,2.020746161032177,0.0,0.0,0.0
4.497997997997998,0.8177945040968263,1.6356841789592174,2.0445193149419545,0.0,0.0,0.0
4.5503003003003,0.8273031748372052,1.654705105460817,2.0682920200022776,0.0,0.0,0.0
4.602602602602603,0.8368118368512077,1.6737260821279376,2.092064683623457,0.0,0.0,0.0
4.654904904904905,0.8463204234560929,1.6927465156667307,2.1158379657820814,0.0,0.0,0.0
4.707207207207207,0.8558289865787354,1.711767614453238,2.139610606175234,0.0,0.0,0.0
4.75950950950951,0.8653655839037255,1.73073216164252,2.163411763963264,0.0,0.0,0.0
4.811811811811812,0.8748751848905518,1.7497510688766993,2.1871855580445607,0.0,0.0,0.0
4.864114114114114,0.8843847572788079,1.768770263804085,2.2109590930312217,0.0,0.0,0.0
4.916416416416417,0.8938942295263,1.7877892738914658,2.234732912998651,0.0,0.0,0.0
4.968718718718719,0.903403707157986,1.8068083774101158,2.258506634150617,0.0,0.0,0.0
5.021021021021021,0.9129132708266546,1.8258273053312544,2.2822804448631113,0.0,0.0,0.0
5.073323323323323,0.922422775866498,1.8448466179558096,2.306053929501015,0.0,0.0,0.0
5.125625625625625,0.9319322748432145,1.8638655541252624,2.329827796657148,0.0,0.0,0.0
5.177927927927928,0.9414417476621861,1.8828847538398115,2.3536014264259295,0.0,0.0,0.0
5.23023023023023,0.950951252390306,1.901903723948463,2.3773752538914614,0.0,0.0,0.0
5.2825325325325325,0.9604607675727284,1.9209229265612104,2.4011488383985937,0.0,0.0,0.0
5.334834834834835,0.9699704492681537,1.9399418087468427,2.4249225768198386,0.0,0.0,0.0
5.387137137137137,0.979479794156795,1.9589609889207784,2.448696354059564,0.0,0.0,0.0
5.43943943943944,0.9889893607840707,1.97798009631723,2.472469982338138,0.0,0.0,0.0
5.491741741741742,0.9984987895203962,1.996999047342938,2.4962439048784075,0.0,0.0,0.0
5.544044044044044,1.0080084299095904,2.016018191881527,2.5200174222529266,0.0,0.0,0.0
5.596346346346347,1.0175178429836953,2.035037248341231,2.5437912550214206,0.0,0.0,0.0
5.648648648648649,1.027027382005573,2.0540562823410697,2.567564984302006,0.0,0.0,0.0
5.700950950950951,1.036536937791628,2.0730753710148955,2.591338642144427,0.0,0.0,0.0
5.753253253253253,1.0460464338177808,2.0920944983402934,2.6151123210951783,0.0,0.0,0.0
5.805555555555555,1.0555559664729812,2.1111133735380196,2.638886215544554,0.0,0.0,0.0
5.857857857857858,1.0650655999543113,2.13013232452641,2.662659933377136,0.0,0.0,0.0
5.91016016016016,1.0745749455113331,2.149151448863066,2.6864337657857607,0.0,0.0,0.0
5.9624624624624625,1.0840844532000595,2.1681705011115824,2.7102075081508206,0.0,0.0,0.0
6.014764764764765,1.0935939684230713,2.18718943554194,2.733981360799753,0.0,0.0,0.0
6.067067067067067,1.1031034227912384,2.206208595026589,2.7577550492492398,0.0,0.0,0.0
6.11936936936937,1.112612996068928,2.225227462074447,2.7815289112259944,0.0,0.0,0.0
6.171671671671672,1.1221224549969682,2.2442465766605113,2.8053026400141925,0.0,0.0,0.0
6.223973973973974,1.1316320613775102,2.263265468223192,2.8290764443732725,0.0,0.0,0.0
6.276276276276277,1.141141674804009,2.282284299120297,2.8528503023519702,0.0,0.0,0.0
6.328578578578579,1.1506511278353457,2.301303315488718,2.876624135254515,0.0,0.0,0.0
6.380880880880881,1.1601606688277033,2.3203221694458196,2.9003980426073572,0.0,0.0,0.0
6.433183183183183,1.1696702257648925,2.339341181237157,2.924171776181134,0.0,0.0,0.0
6.485485485485485,1.1791796682995086,2.358360193749666,2.947945623436311,0.0,0.0,0.0
6.537787787787788,1.188689090236151,2.377379209839249,2.9717194877123876,0.0,0.0,0.0
6.59009009009009,1.1981986283846187,2.3963979815331777,2.9954934801722937,0.0,0.0,0.0
6.642392392392392,1.207708058740739,2.415416955688638,3.0192673779630157,0.0,0.0,0.0
6.694694694694695,1.2172176311705387,2.4344358708752463,3.04304119264891,0.0,0.0,0.0
6.746996996996997,1.2267271252942917,2.453454664499412,3.0668152072032933,0.0,0.0,0.0
6.7992992992992995,1.2362186549644698,2.4725244317083717,3.0905562126264585,0.0,0.0,0.0
6.851601601601602,1.245729984468322,2.4915400134243875,3.1143316037088926,0.0,0.0,0.0
6.903903903903904,1.2552412995038367,2.5105551522033376,3.13810745219673,0.0,0.0,0.0
6.956206206206207,1.2647526926667663,2.5295701701490114,3.161883343390429,0.0,0.0,0.0
7.008508508508509,1.2742640820671032,2.548585162295181,3.185659264146225,0.0,0.0,0.0
7.0608108108108105,1.2837751491410314,2.5676001431491886,3.2094355185205905,0.0,0.0,0.0
7.113113113113113,1.2932862949355923,2.586615069044995,3.233211749132525,0.0,0.0,0.0
7.165415415415415,1.3027974060331966,2.6056297927790384,3.2569882166031805,0.0,0.0,0.0
7.217717717717718,1.3123082718233154,2.624644683066332,3.28076476282807,0.0,0.0,0.0
7.27002002002002,1.321818953888949,2.643659889368637,3.3045411767624344,0.0,0.0,0.0
7.322322322322322,1.3313295490105235,2.6626753370340683,3.3283174362777306,0.0,0.0,0.0
7.374624624624625,1.3408397804926662,2.6816911172272624,3.3520937269046964,0.0,0.0,0.0
7.426926926926927,1.3503499175609595,2.700707346286684,3.3758696630792837,0.0,0.0,0.0
7.4792292292292295,1.359859690080657,2.719724064643232,3.399645474505341,0.0,0.0,0.0
7.531531531531532,1.369369410652578,2.738741330329231,3.4234207905497223,0.0,0.0,0.0
7.583833833833834,1.3788789602703055,2.7577589650943493,3.4471959084691797,0.0,0.0,0.0
7.636136136136137,1.3883680760636532,2.7768116750266394,3.4709563850458443,0.0,0.0,0.0
7.688438438438439,1.397889068298391,2.7958120824703143,3.4947372876697336,0.0,0.0,0.0
7.7407407407407405,1.4074048279043916,2.81482004027464,3.5185158725617085,0.0,0.0,0.0
7.793043043043043,1.4168994032285738,2.833856552548072,3.5422870872663967,0.0,0.0,0.0
7.845345345345345,1.4264280563323668,2.852850918588306,3.5660663704246724,0.0,0.0,0.0
7.897647647647648,1.4359369571258014,2.87184782023836,3.589862870283486,0.0,0.0,0.0
7.94994994994995,1.4454810626746952,2.8908891438536415,3.6135797434216137,0.0,0.0,0.0
8.002252252252253,1.4549569407410576,2.9099052932943166,3.637390018216879,0.0,0.0,0.0
8.054554554554555,1.4644911202491997,2.928893791724204,3.661169642581151,0.0,0.0,0.0
8.106856856856856,1.4739789410185473,2.947943259233436,3.684934656604873,0.0,0.0,0.0
8.15915915915916,1.4834935667865612,2.966960723348038,3.7087048690245603,0.0,0.0,0.0
8.211461461461461,1.4930155411829067,2.9859660145279334,3.7324799057506213,0.0,0.0,0.0
8.263763763763764,1.5025024575572148,3.00500504160978,3.756256264596769,0.0,0.0,0.0
8.316066066066066,1.512011035084558,3.0240284845360654,3.7800265464454426,0.0,0.0,0.0
8.368368368368369,1.5215178115134682,3.043063083331078,3.8037874735238226,0.0,0.0,0.0
8.42067067067067,1.5310303679992017,3.062062601502591,3.8275777011688774,0.0,0.0,0.0
8.472972972972974,1.5405389755194436,3.081082815144419,3.851351182309111,0.0,0.0,0.0
8.525275275275275,1.5500473618784212,3.1001036340657397,3.875124279331114,0.0,0.0,0.0
8.577577577577578,1.5595555206566944,3.1191248363794046,3.8988972205414796,0.0,0.0,0.0
8.62987987987988,1.5690636757629253,3.138146566962672,3.9226696371542826,0.0,0.0,0.0
8.682182182182183,1.5785718178117139,3.157168211780236,3.9464421525902336,0.0,0.0,0.0
8.734484484484485,1.5880802990671041,3.1761897796542793,3.9702144057631013,0.0,0.0,0.0
8.786786786786786,1.5975890587824595,3.1952111875105005,3.9939865404938266,0.0,0.0,0.0
8.83908908908909,1.6070982705236645,3.2142317669105473,4.017759051654878,0.0,0.0,0.0
8.891391391391391,1.616607770696901,3.2332517552178204,4.041531865476669,0.0,0.0,0.0
8.943693693693694,1.62611765845198,3.252270839014794,4.06530519622692,0.0,0.0,0.0
8.995995995995996,1.6356277910804162,3.271289070607538,4.089079134308041,0.0,0.0,0.0
9.048298298298299,1.6451381720936222,3.290306712217007,4.11285341398767,0.0,0.0,0.0
9.1006006006006,1.6546487194849697,3.309323635675023,4.136628245440608,0.0,0.0,0.0
9.152902902902904,1.6641593889427262,3.328340412746486,4.16040310121369,0.0,0.0,0.0
9.205205205205205,1.673670000709297,3.347356860404382,4.184178344091526,0.0,0.0,0.0
9.257507507507508,1.6831803835352788,3.3663735341199836,4.207953589852247,0.0,0.0,0.0
9.30980980980981,1.692690716442169,3.3853905921447622,4.231728501222879,0.0,0.0,0.0
9.362112112112113,1.7022008637070558,3.4044078469542733,4.255503401450785,0.0,0.0,0.0
9.414414414414415,1.7117109081231605,3.423425703120371,4.279277803170883,0.0,0.0,0.0
9.466716716716716,1.7212207027745123,3.442443915314606,4.303052098627598,0.0,0.0,0.0
9.51901901901902,1.730730430080267,3.461462314832257,4.326826274106495,0.0,0.0,0.0
9.57132132132132,1.7402400583334419,3.480481033903498,4.350600229084381,0.0,0.0,0.0
9.623623623623624,1.749749608515227,3.499499949157661,4.374374065950736,0.0,0.0,0.0
9.675925925925926,1.7592592055491354,3.5185186951976686,4.398148025179122,0.0,0.0,0.0
9.728228228228229,1.7687686843160226,3.5375378168271085,4.421921727085098,0.0,0.0,0.0
9.78053053053053,1.778278121431929,3.556557091315291,4.44569531778331,0.0,0.0,0.0
9.832832832832834,1.7877874678088668,3.575577677230535,4.469467687793431,0.0,0.0,0.0
9.885135135135135,1.7972982062399012,3.594604876835477,4.493232052059756,0.0,0.0,0.0
9.937437437437438,1.8068167582517076,3.6136313982428394,4.516989280942891,0.0,0.0,0.0
9.98973973973974,1.816315037435045,3.6326206707246644,4.540804031580031,0.0,0.0,0.0
10.042042042042041,1.8258393462684253,3.6516527913871935,4.564549904386422,0.0,0.0,0.0
10.094344344344345,1.8353677113108455,3.6706649524397337,4.5883116805937645,0.0,0.0,0.0
10.146646646646646,1.8448767420056826,3.6896788099333624,4.612091094707601,0.0,0.0,0.0
10.19894894894895,1.8543850670031399,3.7086952435971767,4.635868638348633,0.0,0.0,0.0
10.25125125125125,1.8638962709874323,3.7277115938293557,4.659643386434463,0.0,0.0,0.0
10.303553553553554,1.8734101725659706,3.746727216626985,4.683416164360599,0.0,0.0,0.0
10.355855855855856,1.8828839582709085,3.7657639938606047,4.707207903724344,0.0,0.0,0.0
10.408158158158159,1.892393701700144,3.784782599216015,4.730981857242,0.0,0.0,0.0
10.46046046046046,1.9019034430923114,3.803801324521222,4.754755692846926,0.0,0.0,0.0
10.512762762762764,1.9114131458100478,3.8228198713648824,4.778529745587833,0.0,0.0,0.0
10.565065065065065,1.9209201521229577,3.8418426505093435,4.802302262432763,0.0,0.0,0.0
10.617367367367368,1.9304295800644085,3.860861994098939,4.82607579320402,0.0,0.0,0.0
10.66966966966967,1.9399390794944722,3.8798810183551793,4.849849571820018,0.0,0.0,0.0
10.721971971971971,1.949188305717684,3.8983796229085725,4.874404043345715,0.0,0.0,0.000293731689453125
10.774274274274275,1.958401208641583,3.9168053084368655,4.8990677571958265,0.0,0.0,0.0006256103515625
10.826576576576576,1.9676079350309492,3.9352183195033135,4.923750322042313,0.0,0.0,0.0009613037109375
10.87887887887888,1.976805071534624,3.9536122273924903,4.948461579951765,0.0,0.0,0.00130462646484375
10.93118118118118,1.985999277555566,3.972000488465903,4.973181415159712,0.0,0.0,0.00164794921875
10.983483483483484,1.995190256626336,3.9903835021518015,4.997909724705347,0.0,0.0,0.00199127197265625
11.035785785785786,2.004370190210733,4.00874990128564,5.022665694289412,0.0,0.0,0.00234222412109375
11.088088088088089,2.013546085958764,4.027134664561474,5.047407337567852,0.0,0.0,0.00269317626953125
11.14039039039039,2.0227201002921724,4.045441672209755,5.072228617888463,0.0,0.0,0.0030517578125
11.192692692692694,2.031887563603331,4.0637715942290455,5.0970335348603175,0.0,0.0,0.00341796875
11.244994994994995,2.0410359438141983,4.082066876532332,5.121892174648464,0.0,0.0,0.0037841796875
11.297297297297298,2.050210078419661,4.10038588370433,5.146701335173308,0.0,0.0,0.004150390625
11.3495995995996,2.0593455688756976,4.118662387099006,5.171591643624897,0.0,0.0,0.00452423095703125
11.401901901901901,2.068476353821791,4.1369474558422965,5.196478092237815,0.0,3.814697265625e-06,0.0048980712890625
11.454204204204204,2.0773735763061665,4.156046463969945,5.2207841639280925,0.0,0.000316619873046875,0.00527191162109375
11.506506506506506,2.0862669388830857,4.175147464944779,5.245092102678642,0.0,0.000629425048828125,0.005645751953125
11.55880880880881,2.0951459447450764,4.194245553943208,5.269417310120524,0.0,0.000946044921875,0.0060272216796875
11.61111111111111,2.104017361932285,4.213354792633097,5.293738956545728,0.0,0.0012664794921875,0.00640869140625
11.663413413413414,2.112884027817145,4.2324653551474745,5.318064030448794,0.0,0.0015869140625,0.0067901611328125
11.715715715715715,2.121732610884652,4.2515830497843865,5.342400055046678,0.0,0.00191497802734375,0.00717926025390625
11.768018018018019,2.130568739287632,4.270686982852917,5.36676229587747,0.0,0.0022430419921875,0.00757598876953125
11.82032032032032,2.139401372657801,4.289827714607992,5.391091233054527,0.0,0.0025787353515625,0.007965087890625
11.872622622622623,2.1482065627778466,4.308924916211993,5.415491143632785,0.0,0.0029144287109375,0.0083770751953125
11.924924924924925,2.1570215139394486,4.328053114035294,5.439850296950182,0.0,0.0032501220703125,0.0087738037109375
11.977227227227228,2.165810395042238,4.347173520535579,5.464243311649412,0.0,0.00359344482421875,0.009185791015625
12.02952952952953,2.1745882395598963,4.36631603673449,5.488625253235144,0.0,0.00394439697265625,0.0095977783203125
12.081831831831831,2.1833518594928027,4.385408485764717,5.513071486574312,0.0,0.0042877197265625,0.0100250244140625
12.134134134134134,2.192119697834939,4.404553334582838,5.537461101716358,0.0,0.004638671875,0.01043701171875
12.186436436436436,2.200861391882026,4.423690752144358,5.561884292410051,0.0,0.00499725341796875,0.0108642578125
12.23873873873874,2.209598410458235,4.44282934143501,5.586310986845495,0.0,0.0053558349609375,0.01129150390625
12.29104104104104,2.218324813859391,4.461990817460585,5.610725409721065,0.0,0.0057220458984375,0.01171875
12.343343343343344,2.227031731416304,4.481123012318487,5.635188599608553,0.0,0.0060882568359375,0.0121612548828125
12.395645645645645,2.2356990287164704,4.500256110235163,5.659690506694013,0.0,0.0064544677734375,0.012603759765625
12.447947947947949,2.244382193842155,4.51941177398303,5.684153980122764,0.0,0.00682830810546875,0.0130462646484375
12.50025025025025,2.253044294432256,4.538537405119057,5.708668550698937,0.0,0.0072021484375,0.0135040283203125
12.552552552552553,2.2616943407948216,4.557686093010123,5.733172118747609,0.0,0.0075836181640625,0.0139617919921875
12.604854854854855,2.2703387732950078,4.576835580956573,5.757680500603275,0.0,0.007965087890625,0.0144195556640625
12.657157157157158,2.278965145603899,4.596030705101854,5.782161306451406,0.0,0.00836181640625,0.0148773193359375
12.70945945945946,2.2875828460552587,4.615150942545567,5.806725670858635,0.0,0.0087432861328125,0.015350341796875
12.761761761761761,2.2961825036504875,4.634316360654675,5.831262897456598,0.0,0.0091400146484375,0.0158233642578125
12.814064064064064,1.606728995813534,3.213402032587995,7.993933035662536,0.0,0.0,0.9901580810546875
12.866366366366366,1.6131740371522567,3.2263785654766215,8.026813763737486,0.0,0.0,0.9903106689453125
12.91866866866867,1.6196516987242244,3.2393046863843997,8.059712283560046,0.0,0.0,0.990478515625
12.97097097097097,1.6261202937301156,3.2522522792902566,8.092598397950598,0.0,0.0,0.990631103515625
13.023273273273274,1.6326028064746487,3.265203395151174,8.125467071647451,0.0,0.0,0.9907989501953125
13.075575575575575,1.6390799149343478,3.278154137638362,8.158341523002866,0.0,0.0,0.9909515380859375
13.127877877877879,1.6455484062460697,3.2910872996136327,8.191242172018177,0.0,0.0,0.991119384765625
13.18018018018018,1.6520162482083587,3.304020052502048,8.224143879469773,0.0,0.0,0.9912872314453125
13.232482482482483,1.6584921806072683,3.3169698057854418,8.257020496089773,0.0,0.0,0.9914398193359375
13.284784784784785,1.6649515612241372,3.3299509611661207,8.289882262394526,0.0,0.0,0.991607666015625
13.337087087087088,1.6714142648620594,3.3428909110241265,8.322781911200902,0.0,0.0,0.9917755126953125
13.38938938938939,1.6778749245458553,3.355830958854411,8.355683505989123,0.0,0.0,0.991943359375
13.441691691691691,1.684363691587741,3.3687294606148193,8.38859853948913,0.0,0.0,0.9921112060546875
13.493993993993994,1.6908245776458926,3.381652049447511,8.421517366900591,0.0,0.0,0.9922866821289062
13.546296296296296,1.6972846222011333,3.3945737541192744,8.454437919975888,0.0,0.0,0.992462158203125
13.598598598598599,1.703743788537066,3.4074942017915593,8.487360608269974,0.0,0.0,0.9926376342773438
13.6509009009009,1.7102020580076298,3.420414076583178,8.520284766310093,0.0,0.0,0.9928131103515625
13.703203203203204,1.7166591711988508,3.4333331768758124,8.55321085512854,0.0,0.0,0.9929885864257812
13.755505505505505,1.7231148899604316,3.446252381528778,8.586138234016296,0.0,0.0,0.9931640625
13.807807807807809,1.7295689219601547,3.459172139937545,8.619066745910109,0.0,0.0,0.9933395385742188
13.86011011011011,1.7360161820459938,3.472084881433335,8.65200904663078,0.0,0.0,0.9935226440429688
13.912412412412413,1.7424600487646007,3.4850007111097336,8.684951652538079,0.0,0.0,0.9937057495117188
13.964714714714715,1.748929446721406,3.497860746652445,8.717924521340862,0.0,0.0,0.9938888549804688
14.017017017017018,1.7553789718482744,3.5107616200871594,8.750876425081584,0.0,0.0,0.9940719604492188
14.06931931931932,1.7618274775369078,3.523662026037559,8.783829815744852,0.0,0.0,0.9942550659179688
14.121621621621621,1.768274559680356,3.5365625278906583,8.816784534050608,0.0,0.0,0.9944381713867188
14.173923923923924,1.774715524102312,3.5494564519732803,8.849751947848333,0.0,0.0,0.99462890625
14.226226226226226,1.781162231600301,3.5623258468611576,8.882738147764766,0.0,0.0,0.9948196411132812
14.278528528528529,1.787601078612222,3.575215692933373,8.915711756982933,0.0,0.0,0.9950103759765625
14.33083083083083,1.794043059627093,3.588036801522405,8.948750969681333,0.0,0.0,0.9952011108398438
14.383133133133134,1.800488278583703,3.600963951137091,8.98168090341234,0.0,0.0,0.995391845703125
14.435435435435435,1.8069244377975984,3.6138374797308566,9.014673517906981,0.0,0.0,0.9955902099609375
14.487737737737739,1.8133510534870214,3.626712533055046,9.047674151195672,0.0,0.0,0.99578857421875
14.54004004004004,1.819779979987817,3.6395882513038225,9.0806718087484,0.0,0.0,0.9959793090820312
14.592342342342343,1.8262186408103076,3.652434886999895,9.113688814532141,0.0,0.0,0.996185302734375
14.644644644644645,1.832644777011959,3.6652908341272714,9.146709033505415,0.0,0.0,0.9963836669921875
14.696946946946948,1.8390824919160222,3.6781627185439647,9.179701736486962,0.0,0.0,0.99658203125
14.74924924924925,1.8455044094486435,3.691009275957621,9.212735563842985,0.0,0.0,0.9967880249023438
14.801551551551551,1.851899845622471,3.7038895045770985,9.245762201351981,0.0,0.0,0.9969940185546875
14.853853853853854,1.8583395259989768,3.716736939829235,9.278777388025642,0.0,0.0,0.9972000122070312
14.906156156156156,1.8647648984964933,3.7295693321785577,9.311821925481103,0.0,0.0,0.997406005859375
14.958458458458459,1.8712149092947452,3.7423886855297006,9.344854863634014,0.0,0.0,0.99761962890625
15.01076076076076,1.8789503370515428,3.7546506112485614,9.377159812460658,0.000885009765625,0.0,0.99798583984375
15.063063063063064,1.8919327542544835,3.7658296339412995,9.40530067486728,0.004791259765625,0.0,0.9980316162109375
15.115365365365365,1.9043129843287587,3.7771805653112547,9.433871815725352,0.008331298828125,0.0,0.998077392578125
15.167667667667668,1.9168835859806017,3.790398710142312,9.460385371544755,0.011444091796875,0.0,0.9967041015625
15.21996996996997,1.9283522451060602,3.7994341825966225,9.492183542267288,0.01507568359375,0.0,0.9986572265625
15.272272272272273,1.940880552851755,3.810590257717952,9.520801461702566,0.0186767578125,0.0,0.998809814453125
15.324574574574575,1.9525245105690616,3.8220121171453223,9.550037946860192,0.021728515625,0.0,0.9989547729492188
15.376876876876878,1.9648372324159782,3.833097837515678,9.578941806945222,0.025177001953125,0.0,0.99920654296875
15.42917917917918,1.978315284195042,3.84402045839535,9.606843436588788,0.029296875,0.0,0.9993324279785156
15.481481481481481,1.9898235587147288,3.8554007078313095,9.636257214935442,0.0322265625,0.0,0.9995307922363281
15.533783783783784,2.0026599899780626,3.8664157304249276,9.664708063380795,0.03594970703125,0.0,0.9997291564941406
15.586086086086086,2.01546620007719,3.8774467722536126,9.693173113755282,0.039581298828125,0.0,0.999908447265625
15.638388388388389,2.0276658613444853,3.888788625950066,9.721933901093838,0.0428466796875,0.0,1.0
15.69069069069069,2.041416804635121,3.8997924301610873,9.749481455894482,0.04693603515625,0.0,1.0
15.742992992992994,2.052802038596294,3.9114829158301365,9.778708038566563,0.04962158203125,0.0,0.9999885559082031
15.795295295295295,2.0665257196396922,3.922551579996154,9.806217995659448,0.053680419921875,0.0,1.0
15.847597597597598,2.0794670371843766,3.93622398967818,9.831906570735043,0.05657958984375,0.0,0.9982414245605469
15.8998998998999,2.0922003251341343,3.945854480754581,9.861845094011183,0.060455322265625,0.0,0.9994354248046875
15.952202202202203,2.1049540822667567,3.956355842905981,9.890892277029465,0.0640869140625,0.0,1.0
16.004504504504506,2.117000368819093,3.96785236555392,9.919651770131493,0.06707763671875,0.0,1.0
16.056806806806808,2.130538855112159,3.978971792557394,9.947296159137256,0.0709228515625,0.0,0.9999961853027344
16.10910910910911,2.142884866462195,3.990709745853712,9.975514496793203,0.073944091796875,9.5367431640625e-07,0.9997539520263672
16.16141141141141,2.1594356961109966,4.007734706903234,9.99424100839718,0.07763671875,0.0,0.9949874877929688
16.213713713713712,2.1705840525010256,4.012323564500153,10.030806096712535,0.081939697265625,0.0,1.0
16.266016016016017,2.1834760299116125,4.023668378561078,10.058871607543326,0.0853271484375,0.0,0.99993896484375
16.31831831831832,2.1960729570553315,4.03492699106949,10.087318370193497,0.088531494140625,0.0,1.0
16.37062062062062,2.2086964994593736,4.04627263174231,10.115651489418937,0.09173583984375,0.0,0.9999966621398926
16.422922922922922,2.221849923797494,4.057507049045287,10.143565950080141,0.095184326171875,0.0,0.9999637603759766
16.475225225225227,2.234737106233615,4.068699373338144,10.171788745653469,0.0985107421875,0.0,0.999997615814209
16.52752752752753,2.247930381713363,4.079883912141821,10.199713233672345,0.101959228515625,0.0,1.0
16.57982982982983,2.2612308108830503,4.091022164561886,10.227576854384893,0.10546875,0.0,1.0
16.63213213213213,2.275937058367938,4.103089294855323,10.253105778908871,0.109375,0.0,0.9990997314453125
16.684434434434436,2.2876557715630996,4.11358115764022,10.283197505231119,0.1123046875,5.340576171875e-05,0.9999599456787109
16.736736736736738,2.302491563565991,4.124067695897129,10.31017747727362,0.116607666015625,0.0,1.0
16.78903903903904,2.3162647895915605,4.135078095843205,10.337696153604274,0.12030029296875,0.0,1.0
16.84134134134134,2.3289621040263646,4.14836050970965,10.364018727605327,0.123046875,0.00019073486328125,0.999053955078125
16.893643643643642,3.7341740114316937,3.7625974851462862,9.396872147065661,0.984893798828125,0.0,0.9979476928710938
16.945945945945947,3.745646648229245,3.774014226866017,9.426285070850685,0.9849700927734375,0.0,0.998138427734375
16.99824824824825,3.7571426027944614,3.785422914213046,9.455682731240742,0.9850616455078125,0.0,0.9983291625976562
17.05055055055055,3.7686148701773985,3.7968355854098115,9.485100094963341,0.985137939453125,0.0,0.9985198974609375
17.102852852852852,3.78010245255635,3.80823350817664,9.514516892119863,0.9852294921875,0.0,0.99871826171875
17.155155155155157,3.7915969011248114,3.8196368602144313,9.543921393815914,0.985321044921875,0.0,0.9989089965820312
17.20745745745746,3.8030604216059882,3.831038262522052,9.573358773329419,0.9853973388671875,0.0,0.9991073608398438
17.25975975975976,3.8145453609911364,3.842431063600947,9.602783335167675,0.9854888916015625,0.0,0.9993057250976562
17.31206206206206,3.826029851438387,3.8538229212179655,9.63220928940571,0.9855804443359375,0.0,0.9995040893554688
17.364364364364366,3.837514283341976,3.865212906762021,9.661637174260369,0.9856719970703125,0.0,0.9997024536132812
17.416666666666668,3.8489709126438547,3.876603386384927,9.691092367637886,0.985748291015625,0.0,0.9999046325683594
17.46896896896897,3.8605641230622565,3.8881022497504745,9.720302596156237,0.98583984375,0.0,1.0
17.52127127127127,3.8722610310432097,3.89970264587788,9.749307594350181,0.985931396484375,0.0,1.0
17.573573573573572,3.88395920413528,3.911303475510173,9.778310893928118,0.98602294921875,0.0,1.0
17.625875875875877,3.8956572039053126,3.922903437082643,9.807315234887922,0.986114501953125,0.0,1.0
17.67817817817818,3.9073789464748323,3.934496978307078,9.83630225339627,0.9862213134765625,0.0,1.0
17.73048048048048,3.9190785362600695,3.9460969421981,9.86530500202231,0.9863128662109375,0.0,1.0
17.782782782782782,3.9307795564942047,3.9576962108156293,9.894307015472947,0.9864044189453125,0.0,1.0
17.835085085085087,3.942479854412245,3.969294974099797,9.923310256573046,0.9864959716796875,0.0,1.0
17.88738738738739,3.9542057979729495,3.980887787837416,9.952293801577023,0.986602783203125,0.0,1.0
17.93968968968969,3.965907233449365,3.9924860148123114,9.981296441428015,0.9866943359375,0.0,1.0
17.99199199199199,3.9776097346202417,4.004083874929052,10.010298382442699,0.986785888671875,0.0,1.0
18.044294294294296,3.989336715251848,4.015675381969196,10.039282197073252,0.9868927001953125,0.0,1.0
18.096596596596598,4.0010786278840635,4.027286919814437,10.068231048898099,0.9869842529296875,0.0,1.0
18.1488988988989,4.012810095343129,4.038877930022036,10.097210873533735,0.987091064453125,0.0,1.0
18.2012012012012,4.024518710653373,4.05047562034236,10.126206870205468,0.9871826171875,0.0,1.0
18.253503503503502,4.0362518527435185,4.062066153685735,10.15518549707425,0.9872894287109375,0.0,1.0
18.305805805805807,4.047986115883429,4.07365626073053,10.184163429191848,0.987396240234375,0.0,1.0
18.35810810810811,4.059696804891607,4.0852527985439355,10.213158504672565,0.98748779296875,0.0,1.0
18.41041041041041,4.071433143228718,4.096842227228358,10.242135039953336,0.9875946044921875,0.0,1.0
18.46271271271271,4.083169945984369,4.108431038271573,10.27111172845677,0.987701416015625,0.0,1.0
18.515015015015017,4.0949079073772685,4.120019563315571,10.300087544322176,0.9878082275390625,0.0,1.0
18.56731731731732,4.106646518649712,4.131607821395231,10.329062977272375,0.9879150390625,0.0,1.0
18.61961961961962,4.118282999102367,4.143557581805579,10.357779038711675,0.9880218505859375,0.0001125335693359375,1.0
18.67192192192192,4.129814231818391,4.155798940462101,10.38630874964143,0.9881134033203125,0.00031280517578125,1.0
18.724224224224226,4.141372106769436,4.1680303570450645,10.414821760409726,0.98822021484375,0.00051116943359375,1.0
18.776526526526528,4.15292669946148,4.180277648096903,10.443322178968145,0.9883270263671875,0.000713348388671875,1.0
18.82882882882883,4.164478553601621,4.1925412197737515,10.471809055453456,0.988433837890625,0.000919342041015625,1.0
18.88113113113113,4.17603416332752,4.204796569574164,10.500300398229447,0.9885406494140625,0.00112152099609375,1.0
18.933433433433432,4.187611980242996,4.217061651885953,10.528759801304485,0.9886627197265625,0.0013275146484375,1.0
18.985735735735737,4.199164978809121,4.229338410760415,10.557232346166199,0.98876953125,0.00153350830078125,1.0
19.03803803803804,4.210711237311187,4.241644720094649,10.585682080632203,0.9888763427734375,0.00174713134765625,1.0
19.09034034034034,4.222263777454841,4.253930257483744,10.614146305401754,0.988983154296875,0.001953125,1.0
19.14264264264264,4.233834010781438,4.266237263079849,10.642571368781354,0.989105224609375,0.002166748046875,1.0
19.194944944944947,4.245378687022432,4.278555097102815,10.671011160819699,0.9892120361328125,0.00238037109375,1.0
19.24724724724725,4.256922220061782,4.2908754787315395,10.699449548453927,0.98931884765625,0.002593994140625,1.0
19.29954954954955,4.268483867334033,4.303216862008325,10.72784882020719,0.98944091796875,0.00281524658203125,1.0
19.35185185185185,4.280027146773664,4.315542663111198,10.75628204196699,0.9895477294921875,0.00302886962890625,1.0
19.404154154154156,4.291568689408529,4.327871273105243,10.784714191640385,0.9896697998046875,0.0032501220703125,1.0
19.456456456456458,4.3031117623828585,4.340235090633123,10.813109603440477,0.989776611328125,0.00347137451171875,1.0
19.50875875875876,4.3146779987421064,4.352592852028949,10.841487907987705,0.989898681640625,0.003692626953125,1.0
19.56106106106106,4.32624224157673,4.3649533419707645,10.869865477513567,0.990020751953125,0.00391387939453125,1.0
19.613363363363362,4.337798142168539,4.377341917045783,10.89822330414904,0.990142822265625,0.00414276123046875,1.0
19.665665665665667,4.349326943518387,4.3897405248872206,10.92659819726006,0.9902496337890625,0.00437164306640625,1.0
19.71796796796797,4.360881344217491,4.402135504345629,10.95495111940485,0.9903717041015625,0.00460052490234375,1.0
19.77027027027027,4.372434933424341,4.414533104014357,10.983302232831573,0.9904937744140625,0.00482940673828125,1.0
19.82257257257257,4.383988380163045,4.426933993009638,11.011650199399888,0.9906158447265625,0.00505828857421875,1.0
19.874874874874877,4.395533663808116,4.4393631291414515,11.039978081925309,0.9907379150390625,0.0052947998046875,1.0
19.927177177177178,4.407085551667921,4.451767204012312,11.068324421496946,0.9908599853515625,0.005523681640625,1.0
19.97947947947948,4.4186298055386795,4.464195281605788,11.096654392335013,0.9909820556640625,0.00576019287109375,1.0
20.03178178178178,4.430206029608,4.476618984160627,11.124956768013154,0.991119384765625,0.0059967041015625,1.0
20.084084084084083,4.441751019425106,4.489114314087785,11.153218750571192,0.991241455078125,0.0062408447265625,1.0
20.136386386386388,4.453293130010119,4.501577197719572,11.181516058656698,0.991363525390625,0.00647735595703125,1.0
20.18868868868869,4.464847202714893,4.514055447597876,11.20978603837592,0.991485595703125,0.00672149658203125,1.0
20.24099099099099,4.476420733005003,4.52653836859184,11.238031889394147,0.9916229248046875,0.00696563720703125,1.0
20.293293293293292,4.487943110077312,4.5390560610012844,11.266294122214696,0.9917449951171875,0.0072174072265625,1.0
20.345595595595597,4.499499903994942,4.551540883075574,11.294554808525081,0.99188232421875,0.0074615478515625,1.0
20.3978978978979,4.511025230396542,4.564063334612396,11.322809332888962,0.99200439453125,0.00771331787109375,1.0
20.4502002002002,4.522579246779029,4.576582677318673,11.3510382761025,0.9921417236328125,0.007965087890625,1.0
20.5025025025025,4.534142328984481,4.589079697277274,11.379280476240748,0.992279052734375,0.008209228515625,1.0
20.554804804804807,3.7199587607030447,7.474386743084037,9.360459301017727,0.9847869873046875,0.9939804077148438,0.9977188110351562
20.607107107107108,3.7292996052281104,7.493407333418422,9.384400168460576,0.9848480224609375,0.994110107421875,0.9978713989257812
20.65940940940941,3.7386633618163767,7.512419133857732,9.408326913735301,0.98492431640625,0.9942398071289062,0.9980239868164062
20.71171171171171,3.748002760103061,7.531442914219518,9.432266037389134,0.9849853515625,0.9943695068359375,0.9981765747070312
20.764014014014013,3.7573539273703624,7.5505014093157845,9.456158677327863,0.9850616455078125,0.9944992065429688,0.9983367919921875
20.816316316316318,3.766693105546616,7.569508019982659,9.480115190787043,0.9851226806640625,0.9946365356445312,0.9984893798828125
20.86861861861862,3.7760482663659025,7.58849323249357,9.504077119759149,0.985198974609375,0.9947662353515625,0.9986495971679688
20.92092092092092,3.785400449665324,7.607498763362721,9.528021707892876,0.9852752685546875,0.9948959350585938,0.998809814453125
20.973223223223222,3.7947383355740762,7.626536428283523,9.551948459365622,0.9853363037109375,0.9950332641601562,0.99896240234375
21.025525525525527,3.8040861300167492,7.645517718447327,9.575921677061451,0.98541259765625,0.9951629638671875,0.9991264343261719
21.07782782782783,3.8134093260775033,7.664566338768356,9.599852162981968,0.9854736328125,0.99530029296875,0.9992866516113281
21.13013013013013,3.8227637540642916,7.683574961469831,9.62379141459601,0.9855499267578125,0.9954376220703125,0.9994468688964844
21.18243243243243,3.8321073368627188,7.702585969459943,9.64773912610977,0.985626220703125,0.9955673217773438,0.9996109008789062
21.234734734734737,3.84145525196732,7.72161066497003,9.671668817797386,0.9857025146484375,0.9957046508789062,0.9997711181640625
21.287037037037038,3.8507767581019716,7.740624241356675,9.695636037578392,0.9857635498046875,0.9958419799804688,0.9999370574951172
21.33933933933934,3.8601949582260815,7.7598429866585645,9.719301394454693,0.98583984375,0.9959869384765625,1.0
21.39164164164164,3.8696753076347745,7.779156451173247,9.742809882833619,0.9859161376953125,0.996124267578125,1.0
21.443943943943943,3.879145789925672,7.798498035956426,9.766300118061844,0.985992431640625,0.9962692260742188,1.0
21.496246246246248,3.8886182849442834,7.817830654654624,9.78979730664734,0.9860687255859375,0.9964065551757812,1.0
21.54854854854855,3.898127859985913,7.837111930129395,9.81330875843324,0.98614501953125,0.996551513671875,1.0
21.60085085085085,3.907608127156036,7.856443897163299,9.836798826531517,0.9862213134765625,0.9966964721679688,1.0
21.653153153153152,3.9170886410298116,7.875776871755868,9.860287640367474,0.986297607421875,0.9968414306640625,1.0
21.705455455455457,3.926569579090006,7.895111058844793,9.883774817520656,0.9863739013671875,0.9969863891601562,1.0
21.75775775775776,3.936050980735743,7.9144465112614215,9.907260265760595,0.9864501953125,0.99713134765625,1.0
21.81006006006006,3.945527109635213,7.9338022923913805,9.930730658033465,0.9865264892578125,0.997283935546875,1.0
21.86236236236236,3.9550093905804737,7.95313972663926,9.954213245142626,0.986602783203125,0.9974288940429688,1.0
21.914664664664667,3.9644864601590806,7.972497890912188,9.9776803135934,0.9866790771484375,0.9975814819335938,1.0
21.966966966966968,3.9739689273039147,7.991838027025329,10.001160012637724,0.98675537109375,0.9977264404296875,1.0
22.01926926926927,3.9834711093343005,8.011188171553139,10.024609988381831,0.986846923828125,0.9978790283203125,1.0
22.07157157157157,3.9929482808788066,8.03055083867458,10.048072452018184,0.9869232177734375,0.9980316162109375,1.0
22.123873873873872,4.002425377035978,8.049914279582849,10.071534217255044,0.98699951171875,0.9981842041015625,1.0
22.176176176176178,4.0119025744010095,8.069280586370857,10.094993015404311,0.9870758056640625,0.9983367919921875,1.0
22.22847847847848,4.021392225903455,8.08868848439951,10.118397768175514,0.9871673583984375,0.9984893798828125,1.0
22.28078078078078,4.030871237562854,8.10804877029951,10.141860772918415,0.98724365234375,0.9986419677734375,1.0
22.333083083083082,4.04034484774671,8.127433618596747,10.165304616739625,0.9873199462890625,0.9988021850585938,1.0
22.385385385385387,4.049848470493554,8.14679180100076,10.188745113891073,0.9874114990234375,0.9989547729492188,1.0
22.43768768768769,4.0593205672624855,8.166184845842945,10.212182274582258,0.98748779296875,0.999114990234375,1.0
22.48998998998999,4.068820519560073,8.185562386199862,10.235607084230054,0.987579345703125,0.9992713928222656,1.0
22.54229229229229,4.078292377597273,8.204967902374165,10.259032012320855,0.9876556396484375,0.9994316101074219,1.0
22.594594594594597,4.087795702041322,8.224312783542295,10.282486109010978,0.9877471923828125,0.9995918273925781,1.0
22.646896896896898,4.097266859274361,8.243715017780266,10.305915019842269,0.987823486328125,0.9997520446777344,1.0
22.6991991991992,4.10676110150668,8.263115294205392,10.329322803487127,0.9879150390625,0.9999141693115234,1.0
22.7515015015015,4.116284631306325,8.282334204587718,10.352882665607458,0.9879913330078125,1.0,1.0
22.803803803803802,4.1258970058025906,8.30132778434682,10.376579013654391,0.9880828857421875,1.0,1.0
22.856106106106107,4.135527731743564,8.320258761230278,10.400319613132265,0.9881744384765625,1.0,1.0
22.90840840840841,4.145146685361117,8.339230413666778,10.424031309380515,0.9882659912109375,1.0,1.0
22.96071071071071,4.1547382194908264,8.358249238576132,10.447723252643751,0.98834228515625,1.0,1.0
23.013013013013012,4.164365025309021,8.3771783073635,10.47146968034049,0.988433837890625,1.0,1.0
23.065315315315317,4.173981907332466,8.396137697448685,10.495195710534164,0.988525390625,1.0,1.0
23.11761761761762,4.18361953110783,8.415122671498416,10.518875415011372,0.988616943359375,1.0,1.0
23.16991991991992,4.193233574371437,8.434081953911397,10.542604391637086,0.98870849609375,1.0,1.0
23.22222222222222,4.202867481739254,8.453041819621177,10.56631292086179,0.988800048828125,1.0,1.0
23.274524524524526,4.212514691267208,8.471991788208195,10.590018045049126,0.9888916015625,1.0,1.0
23.326826826826828,4.2221091312076435,8.490982939336675,10.613734756282511,0.988983154296875,1.0,1.0
23.37912912912913,4.231736206582059,8.509948893108072,10.637444029438997,0.98907470703125,1.0,1.0
23.43143143143143,4.241363351600394,8.52891429295021,10.661153786880826,0.989166259765625,1.0,1.0
23.483733733733732,4.250991238936047,8.547879328448296,10.684863166349388,0.9892578125,1.0,1.0
23.536036036036037,4.26064664925035,8.56683306469173,10.708556322093957,0.9893646240234375,1.0,1.0
23.58833833833834,4.2702759039915685,8.585797792991748,10.732264641355023,0.9894561767578125,1.0,1.0
23.64064064064064,4.27990564166127,8.604763091829799,10.755971907149572,0.9895477294921875,1.0,1.0
23.692942942942942,4.289536503873753,8.623727713706165,10.779678725363022,0.9896392822265625,1.0,1.0
23.745245245245247,4.299194761370993,8.642680883804871,10.80336960006938,0.98974609375,1.0,1.0
23.79754754754755,4.308826516404843,8.661645388201713,10.827075642940994,0.989837646484375,1.0,1.0
23.84984984984985,4.318485799035649,8.68059827013922,10.850765780674982,0.9899444580078125,1.0,1.0
23.90215215215215,4.328119537345468,8.6995629688201,10.874469645986583,0.9900360107421875,1.0,1.0
23.954454454454456,4.337780291125227,8.718514960989477,10.898159202339752,0.990142822265625,1.0,1.0
24.006756756756758,4.347396508111185,8.737511500726345,10.921848747919228,0.990234375,1.0,1.0
24.05905905905906,4.357056226360396,8.756468197002592,10.945534635696072,0.9903411865234375,1.0,1.0
24.11136136136136,4.366688997829376,8.775437075198656,10.969235288333326,0.9904327392578125,1.0,1.0
24.163663663663662,4.376349455820473,8.79439711863564,10.992917089207548,0.99053955078125,1.0,1.0
24.215965965965967,4.386038952786238,8.813301908688077,11.016625104491654,0.9906463623046875,1.0,1.0
24.26826826826827,4.39567629541371,8.832265019482524,11.040326953372034,0.9907379150390625,1.0,1.0
24.32057057057057,4.405340027176579,8.851217844542864,11.064012698851128,0.9908447265625,1.0,1.0
24.372872872872872,4.415000779406739,8.870176461730612,11.08769563173552,0.9909515380859375,1.0,1.0
24.425175175175177,4.424651090891283,8.88915593929258,11.111368144991316,0.991058349609375,1.0,1.0
24.47747747747748,4.434347871896712,8.908058556372316,11.13507104920845,0.9911651611328125,1.0,1.0
24.52977977977978,4.443990437062435,8.927019527349557,11.158769815367787,0.9912567138671875,1.0,1.0
24.58208208208208,4.453664998846868,8.945963668546701,11.182453414688512,0.991363525390625,1.0,1.0
24.634384384384386,4.463341667347886,8.964908626013246,11.206134091023253,0.9914703369140625,1.0,1.0
24.686686686686688,4.473015370746175,8.983851929681029,11.229819386259484,0.9915771484375,1.0,1.0
24.73898898898899,4.482691199721929,9.002795699013818,11.25350209025324,0.9916839599609375,1.0,1.0
24.79129129129129,4.49239526078177,9.021726627760861,11.27716940274866,0.9918060302734375,1.0,1.0
24.843593593593592,4.502071583319552,9.040670621736401,11.30085138853764,0.991912841796875,1.0,1.0
24.895895895895897,4.511747992098196,9.059615597554245,11.324532306243455,0.9920196533203125,1.0,1.0
24.9481981981982,4.521425305410738,9.078559404273097,11.348213488514364,0.99212646484375,1.0,1.0
25.0005005005005,4.531116600709904,9.097497543021417,11.37188635676918,0.9922409057617188,1.0,1.0
25.052802802802802,4.540808593344157,9.116434924418806,11.39555928503984,0.9923553466796875,1.0,1.0
25.105105105105107,4.550487026700654,9.135379845361085,11.419238233043368,0.992462158203125,1.0,1.0
25.15740740740741,4.56018122274689,9.154316879963524,11.442909304696993,0.9925765991210938,1.0,1.0
25.20970970970971,4.569876042153765,9.173254271101529,11.466579396454415,0.9926910400390625,1.0,1.0
25.26201201201201,4.579571773707814,9.19219076475187,11.490249473552325,0.9928054809570312,1.0,1.0
25.314314314314316,4.589268920333095,9.211126051741333,11.51391934223989,0.992919921875,1.0,1.0
25.366616616616618,4.598980727016928,9.230055585938631,11.537580303661057,0.9930419921875,1.0,1.0
25.41891891891892,4.6086795065912955,9.24899086761408,11.561248544713546,0.9931564331054688,1.0,1.0
25.47122122122122,4.618378693643473,9.267925621591344,11.584916905986406,0.9932708740234375,1.0,1.0
25.523523523523522,4.6280939320538605,9.286853437570826,11.608576153898834,0.9933929443359375,1.0,1.0
25.575825825825827,4.637795024712649,9.305788270098331,11.632242531014848,0.9935073852539062,1.0,1.0
25.62812812812813,4.64751201948366,9.324714606322269,11.6559015023222,0.9936294555664062,1.0,1.0
25.68043043043043,4.657230177526976,9.343641183453885,11.679559069449569,0.9937515258789062,1.0,1.0
25.73273273273273,4.666948905879451,9.362567367153956,11.703216459699325,0.9938735961914062,1.0,1.0
25.785035035035037,4.676668849059539,9.381492852395697,11.726873333579801,0.9939956665039062,1.0,1.0
25.83733733733734,4.686389758701744,9.400418114867763,11.750529463767831,0.9941177368164062,1.0,1.0
25.88963963963964,4.696111436006783,9.419342632775162,11.774185570857696,0.9942398071289062,1.0,1.0
25.94194194194194,4.7058341745852665,9.438267900193937,11.797839867162738,0.9943618774414062,1.0,1.0
25.994244244244246,4.715557933008345,9.457191414236103,11.821494896999798,0.9944839477539062,1.0,1.0
26.046546546546548,4.725297243064925,9.476108959532892,11.84514034394873,0.9946136474609375,1.0,1.0
26.09884884884885,4.735023202591267,9.495031472126968,11.868794174130613,0.9947357177734375,1.0,1.0
26.15115115115115,4.744764805893226,9.513946803440051,11.892439541817874,0.9948654174804688,1.0,1.0
26.203453453453452,4.7545072426016715,9.532862453450775,11.916083757401005,0.9949951171875,1.0,1.0
26.255755755755757,4.764250854414505,9.551777384186323,11.939727517154928,0.9951248168945312,1.0,1.0
26.30805805805806,4.773995409782976,9.57069180278246,11.963370845492623,0.9952545166015625,1.0,1.0
26.36036036036036,4.783740982623604,9.589605732080592,11.987013645656162,0.9953842163085938,1.0,1.0
26.41266266266266,4.793487637562797,9.608519660445968,12.010655364653896,0.995513916015625,1.0,1.0
26.464964964964967,4.803235081171954,9.627432865081259,12.034297018711753,0.9956436157226562,1.0,1.0
26.51726726726727,4.81299891840888,9.646339518001867,12.057928830856522,0.9957809448242188,1.0,1.0
26.56956956956957,4.822748462299768,9.665251620008858,12.081569487260944,0.99591064453125,1.0,1.0
26.62187187187187,4.832514462438555,9.684156754601021,12.105200654832293,0.9960479736328125,1.0,1.0
26.674174174174176,4.842266181277235,9.703068059590567,12.128839933306374,0.9961776733398438,1.0,1.0
26.726476476476478,4.852034064632663,9.721971671016203,12.152470740827614,0.9963150024414062,1.0,1.0
26.77877877877878,4.861803035490559,9.740875668242332,12.176100075045888,0.9964523315429688,1.0,1.0
26.83108108108108,4.871573029541056,9.759779100839003,12.19972895070102,0.9965896606445312,1.0,1.0
26.883383383383382,4.881344419324287,9.778680831256242,12.223358132802854,0.9967269897460938,1.0,1.0
26.935685685685687,4.891116660703023,9.797582962764526,12.246986062218138,0.9968643188476562,1.0,1.0
26.98798798798799,4.900905006192907,9.816478156538539,12.270604825256543,0.99700927734375,1.0,1.0
27.04029029029029,4.91068123676949,9.835377211823882,12.29423184169692,0.9971466064453125,1.0,1.0
27.09259259259259,4.920475759691324,9.854266933403341,12.317849899497926,0.9972915649414062,1.0,1.0
27.144894894894897,4.930270498566539,9.873158707768685,12.341465688559673,0.9974365234375,1.0,1.0
27.197197197197198,4.940063352203001,9.89205309840479,12.365080746589406,0.9975814819335938,1.0,1.0
27.2494994994995,4.949839065419121,9.910955882829516,12.388704551250864,0.9977188110351562,1.0,1.0
27.3018018018018,4.959645919214624,9.929844185280572,12.412311697306606,0.9978713989257812,1.0,1.0
27.354104104104106,4.9694388231747775,9.94873853254101,12.43592674838832,0.998016357421875,1.0,1.0
27.406406406406408,4.97926056619894,9.967627123745977,12.459518716461488,0.9981613159179688,1.0,1.0
27.45870870870871,4.9890200226658665,9.986532925515082,12.483155760527762,0.9983139038085938,1.0,1.0
27.51101101101101,4.998848769436412,10.005404741395793,12.506757500178807,0.9984588623046875,1.0,1.0
27.563313313313312,5.00866558991096,10.024287833357132,12.530359890045222,0.9986114501953125,1.0,1.0
27.615615615615617,5.018483291530316,10.043169410224392,12.553962913860909,0.9987640380859375,1.0,1.0
27.66791791791792,5.028284218868411,10.062063000375767,12.57757069867374,0.9989166259765625,1.0,1.0
27.72022022022022,5.038129313507506,10.080921864901804,12.601169041810913,0.9990653991699219,1.0,1.0
27.77252252252252,5.047941271693097,10.099814659933825,12.624766590895598,0.9992218017578125,1.0,1.0
27.824824824824827,5.0577632617633,10.118693701801496,12.648367861260029,0.9993743896484375,1.0,1.0
27.877127127127128,5.067628192505213,10.13752921664652,12.671969717975394,0.9995307922363281,1.0,1.0
27.92942942942943,5.0774197597154975,10.156443640601251,12.695566029112682,0.9996871948242188,1.0,1.0
27.98173173173173,5.087268937179485,10.175317218834362,12.719145575717885,0.999847412109375,1.0,1.0
28.034034034034036,5.097093192988916,10.19419537256612,12.742745468479,1.0,1.0,1.0
28.086336336336338,5.106598075332197,10.213216985132547,12.766521275871593,1.0,1.0,1.0
28.13863863863864,5.116101700642318,10.232239049164226,12.790297888832095,1.0,1.0,1.0
28.19094094094094,5.125626218028787,10.251249325993513,12.814065396918643,1.0,1.0,1.0
28.243243243243242,5.13513619957514,10.270268148480438,12.837838895187664,1.0,1.0,1.0
28.295545545545547,5.144645748212332,10.2892881560959,12.861611641237317,1.0,1.0,1.0
28.34784784784785,5.154154672414032,10.308306278384693,12.885386897049122,1.0,1.0,1.0
28.40015015015015,5.163664725899667,10.327324661027392,12.90916076322309,1.0,1.0,1.0
28.45245245245245,5.173173829891906,10.346343408459814,12.932935214100732,1.0,1.0,1.0
28.504754754754757,5.1826832524775694,10.36536283033668,12.956708671940506,1.0,1.0,1.0
28.557057057057058,5.192193048245002,10.384381622348304,12.980482386463752,1.0,1.0,1.0
28.60935935935936,5.2017024686985405,10.40340040888232,13.004256481778498,1.0,1.0,1.0
28.66166166166166,5.211212112857431,10.422418203602296,13.028031345201933,1.0,1.0,1.0
28.713963963963966,5.2207219508126474,10.441437938495818,13.051804074655498,1.0,1.0,1.0
28.766266266266268,5.230231505164665,10.460456038133254,13.07557872296835,1.0,1.0,1.0
28.81856856856857,5.239740757556321,10.47947281439119,13.099354996621056,1.0,1.0,1.0
28.87087087087087,5.249250577547111,10.498488752585066,13.123131540738692,1.0,1.0,1.0
28.923173173173172,5.258759271595017,10.51750202481367,13.146911876764484,1.0,1.0,1.0
28.975475475475477,5.268267289915723,10.536514695159456,13.170693490400298,1.0,1.0,1.0
29.02777777777778,5.277773290204124,10.555528614072886,13.19447587350077,1.0,1.0,1.0
29.08008008008008,5.287281035660982,10.574553653982571,13.218245390436527,1.0,1.0,1.0
29.13238238238238,5.296794423840319,10.593591206434017,13.241996752108047,1.0,1.0,1.0
29.184684684684687,5.306301447257702,10.61261049568168,13.265772741745304,1.0,1.0,1.0
29.236986986986988,5.315807804198264,10.631627375838937,13.289551806949786,1.0,1.0,1.0
29.28928928928929,5.325310910400938,10.650644658747096,13.313333720141257,1.0,1.0,1.0
29.34159159159159,5.334808393613426,10.66966126754259,13.337121930435575,1.0,1.0,1.0
29.393893893893896,5.344343617821629,10.688686186503428,13.360864089568839,1.0,1.0,1.0
29.446196196196198,5.353851538752343,10.70770328182163,13.384641375622223,1.0,1.0,1.0
29.4984984984985,5.363354872995366,10.726717652111537,13.408425973391596,1.0,1.0,1.0
29.5508008008008,5.372866539318801,10.74573827657762,13.43219598490438,1.0,1.0,1.0
29.603103103103102,5.3823821721211695,10.764763838656249,13.455957092325685,1.0,1.0,1.0
29.655405405405407,5.391877062292568,10.783786971161517,13.479741371951322,1.0,1.0,1.0
29.70770770770771,5.40139916970058,10.802805205865983,13.503503332141147,1.0,1.0,1.0
29.76001001001001,5.410898142120123,10.821833651913193,13.527278215976695,1.0,1.0,1.0
29.81231231231231,5.42039691653633,10.840878326480812,13.55103706929517,1.0,1.0,1.0
29.864614614614617,5.429926120499009,10.859869222977203,13.574819271138406,1.0,1.0,1.0
29.916916916916918,5.439435800221821,10.87887945233799,13.598601664357105,1.0,1.0,1.0
29.96921921921922,5.448938807521326,10.897884035651058,13.622396376046835,1.0,1.0,1.0
30.02152152152152,4.9999999995,10.007173840507173,15.01434768151435,0.0,1.0,1.0
30.073823823823826,4.9999999995,10.024607941274608,15.049215883049216,0.0,1.0,1.0
30.126126126126128,4.9999999995,10.042042042042043,15.084084084584083,0.0,1.0,1.0
30.17842842842843,4.9999999995,10.059476142809476,15.118952286118951,0.0,1.0,1.0
30.23073073073073,4.9999999995,10.07691024357691,15.15382048765382,0.0,1.0,1.0
30.283033033033032,4.9999999995,10.094344344344345,15.188688689188686,0.0,1.0,1.0
30.335335335335337,4.9999999995,10.11177844511178,15.22355689072356,0.0,1.0,1.0
30.38763763763764,4.9999999995,10.129212545879213,15.258425092258427,0.0,1.0,1.0
30.43993993993994,4.9999999995,10.146646646646646,15.293293293793296,0.0,1.0,1.0
30.49224224224224,4.9999999995,10.164080747414081,15.328161495328162,0.0,1.0,1.0
30.544544544544546,4.9999999995,10.181514848181516,15.363029696863029,0.0,1.0,1.0
30.596846846846848,4.9999999995,10.19894894894895,15.397897898397897,0.0,1.0,1.0
30.64914914914915,4.9999999995,10.216383049716383,15.432766099932765,0.0,1.0,1.0
30.70145145145145,4.9999999995,10.233817150483818,15.467634301467632,0.0,1.0,1.0
30.753753753753756,4.9999999995,10.251251251251253,15.502502503002505,0.0,1.0,1.0
30.806056056056057,4.9999999995,10.268685352018686,15.537370704537373,0.0,1.0,1.0
30.85835835835836,4.9999999995,10.286119452786119,15.572238906072242,0.0,1.0,1.0
30.91066066066066,4.9999999995,10.303553553553554,15.607107107607108,0.0,1.0,1.0
30.962962962962962,4.9999999995,10.320987654320987,15.641975309141976,0.0,1.0,1.0
31.015265265265267,4.9999999995,10.338421755088422,15.676843510676843,0.0,1.0,1.0
31.06756756756757,4.9999999995,10.355855855855856,15.711711712211711,0.0,1.0,1.0
31.11986986986987,4.9999999995,10.37328995662329,15.746579913746578,0.0,1.0,1.0
31.17217217217217,4.9999999995,10.390724057390724,15.781448115281446,0.0,1.0,1.0
31.224474474474476,4.9999999995,10.408158158158159,15.81631631681632,0.0,1.0,1.0
31.276776776776778,4.9999999995,10.425592258925592,15.851184518351188,0.0,1.0,1.0
31.32907907907908,4.9999999995,10.443026359693027,15.886052719886054,0.0,1.0,1.0
31.38138138138138,4.9999999995,10.46046046046046,15.920920921420922,0.0,1.0,1.0
31.433683683683686,4.9999999995,10.477894561227895,15.955789122955789,0.0,1.0,1.0
31.485985985985987,4.9999999995,10.495328661995329,15.990657324490657,0.0,1.0,1.0
31.53828828828829,4.9999999995,10.512762762762764,16.025525526025525,0.0,1.0,1.0
31.59059059059059,4.9999999995,10.530196863530197,16.060393727560392,0.0,1.0,1.0
31.642892892892892,4.9999999995,10.54763096429763,16.09526192909526,0.0,1.0,1.0
31.695195195195197,4.9999999995,10.565065065065065,16.130130130630135,0.0,1.0,1.0
31.7474974974975,4.9999999995,10.5824991658325,16.164998332165,0.0,1.0,1.0
31.7997997997998,4.9999999995,10.599933266599933,16.19986653369987,0.0,1.0,1.0
31.8521021021021,4.9999999995,10.617367367367367,16.23473473523474,0.0,1.0,1.0
31.904404404404406,4.9999999995,10.634801468134802,16.2696029367696,0.0,1.0,1.0
31.956706706706708,4.9999999995,10.652235568902237,16.30447113830447,0.0,1.0,1.0
32.00900900900901,4.9999999995,10.669669669669672,16.33933933983934,0.0,1.0,1.0
32.061311311311314,4.9999999995,10.687103770437105,16.37420754137421,0.0,1.0,1.0
32.113613613613616,4.9999999995,10.704537871204538,16.40907574290908,0.0,1.0,1.0
32.16591591591592,4.9999999995,10.721971971971973,16.443943944443944,0.0,1.0,1.0
32.21821821821822,4.9999999995,10.739406072739406,16.478812145978814,0.0,1.0,1.0
32.27052052052052,4.9999999995,10.75684017350684,16.513680347513684,0.0,1.0,1.0
32.32282282282282,4.9999999995,10.774274274274275,16.548548549048547,0.0,1.0,1.0
32.37512512512512,4.9999999995,10.791708375041708,16.583416750583417,0.0,1.0,1.0
32.427427427427425,4.9999999995,10.809142475809141,16.618284952118287,0.0,1.0,1.0
32.47972972972973,4.9999999995,10.826576576576578,16.653153153653157,0.0,1.0,1.0
32.532032032032035,4.9999999995,10.844010677344011,16.688021355188027,0.0,1.0,1.0
32.584334334334336,4.9999999995,10.861444778111446,16.72288955672289,0.0,1.0,1.0
32.63663663663664,4.9999999995,10.87887887887888,16.75775775825776,0.0,1.0,1.0
32.68893893893894,4.9999999995,10.896312979646313,16.79262595979263,0.0,1.0,1.0
32.74124124124124,4.9999999995,10.913747080413748,16.827494161327493,0.0,1.0,1.0
32.79354354354354,4.9999999995,10.93118118118118,16.862362362862363,0.0,1.0,1.0
32.845845845845844,4.9999999995,10.948615281948614,16.897230564397233,0.0,1.0,1.0
32.898148148148145,4.9999999995,10.966049382716049,16.932098765932096,0.0,1.0,1.0
32.950450450450454,4.9999999995,10.983483483483484,16.966966967466973,0.0,1.0,1.0
33.002752752752755,4.9999999995,11.000917584250919,17.001835169001836,0.0,1.0,1.0
33.05505505505506,4.9999999995,11.018351685018352,17.036703370536706,0.0,1.0,1.0
33.10735735735736,4.9999999995,11.035785785785786,17.071571572071576,0.0,1.0,1.0
33.15965965965966,4.9999999995,11.05321988655322,17.10643977360644,0.0,1.0,1.0
33.21196196196196,4.9999999995,11.070653987320654,17.14130797514131,0.0,1.0,1.0
33.26426426426426,4.9999999995,11.088088088088087,17.17617617667618,0.0,1.0,1.0
33.316566566566564,4.9999999995,11.105522188855522,17.211044378211042,0.0,1.0,1.0
33.36886886886887,4.9999999995,11.122956289622957,17.24591257974592,0.0,1.0,1.0
33.421171171171174,4.9999999995,11.140390390390392,17.280780781280782,0.0,1.0,1.0
33.473473473473476,4.9999999995,11.157824491157825,17.315648982815652,0.0,1.0,1.0
33.52577577577578,4.9999999995,11.175258591925259,17.350517184350522,0.0,1.0,1.0
33.57807807807808,4.9999999995,11.192692692692694,17.385385385885385,0.0,1.0,1.0
33.63038038038038,4.9999999995,11.210126793460127,17.420253587420255,0.0,1.0,1.0
33.68268268268268,4.9999999995,11.22756089422756,17.455121788955125,0.0,1.0,1.0
33.73498498498498,4.9999999995,11.244994994994995,17.48998999048999,0.0,1.0,1.0
33.787287287287285,4.9999999995,11.262429095762428,17.52485819202486,0.0,1.0,1.0
33.83958958958959,4.9999999995,11.279863196529865,17.55972639355973,0.0,1.0,1.0
33.891891891891895,4.9999999995,11.297297297297298,17.5945945950946,0.0,1.0,1.0
33.944194194194196,4.9999999995,11.314731398064731,17.62946279662947,0.0,1.0,1.0
33.9964964964965,4.9999999995,11.332165498832167,17.66433099816433,0.0,1.0,1.0
34.0487987987988,4.9999999995,11.3495995995996,17.6991991996992,0.0,1.0,1.0
34.1011011011011,4.9999999995,11.367033700367033,17.73406740123407,0.0,1.0,1.0
34.1534034034034,4.9999999995,11.384467801134468,17.768935602768934,0.0,1.0,1.0
34.205705705705704,4.9999999995,11.401901901901901,17.803803804303804,0.0,1.0,1.0
34.258008008008005,4.9999999995,11.419336002669334,17.838672005838674,0.0,1.0,1.0
34.310310310310314,4.9999999995,11.436770103436771,17.873540207373544,0.0,1.0,1.0
34.362612612612615,4.9999999995,11.454204204204204,17.908408408908414,0.0,1.0,1.0
34.41491491491492,4.9999999995,11.47163830497164,17.943276610443277,0.0,1.0,1.0
34.46721721721722,4.9999999995,11.489072405739073,17.978144811978147,0.0,1.0,1.0
34.51951951951952,4.9999999995,11.506506506506506,18.013013013513017,0.0,1.0,1.0
34.57182182182182,4.9999999995,11.523940607273941,18.04788121504788,0.0,1.0,1.0
34.62412412412412,4.9999999995,11.541374708041374,18.08274941658275,0.0,1.0,1.0
34.676426426426424,4.9999999995,11.558808808808807,18.11761761811762,0.0,1.0,1.0
34.72872872872873,4.9999999995,11.576242909576244,18.15248581965249,0.0,1.0,1.0
34.781031031031034,4.9999999995,11.593677010343677,18.18735402118736,0.0,1.0,1.0
34.833333333333336,4.9999999995,11.611111111111112,18.222222222722223,0.0,1.0,1.0
34.88563563563564,4.9999999995,11.628545211878546,18.257090424257093,0.0,1.0,1.0
34.93793793793794,4.9999999995,11.645979312645979,18.291958625791963,0.0,1.0,1.0
34.99024024024024,4.9999999995,11.663413413413414,18.326826827326826,0.0,1.0,1.0
35.04254254254254,4.9999999995,11.680847514180847,18.361695028861696,0.0,1.0,1.0
35.09484484484484,4.9999999995,11.69828161494828,18.396563230396566,0.0,1.0,1.0
35.147147147147145,4.9999999995,11.715715715715715,18.43143143193143,0.0,1.0,1.0
35.19944944944945,4.9999999995,11.73314981648315,18.466299633466306,0.0,1.0,1.0
35.251751751751755,4.9999999995,11.750583917250585,18.50116783500117,0.0,1.0,1.0
35.304054054054056,4.9999999995,11.768018018018019,18.53603603653604,0.0,1.0,1.0
35.35635635635636,4.9999999995,11.785452118785452,18.57090423807091,0.0,1.0,1.0
35.40865865865866,4.9999999995,11.802886219552887,18.605772439605772,0.0,1.0,1.0
35.46096096096096,4.9999999995,11.82032032032032,18.640640641140642,0.0,1.0,1.0
35.51326326326326,4.9999999995,11.837754421087753,18.675508842675512,0.0,1.0,1.0
35.565565565565564,4.9999999995,11.855188521855188,18.710377044210375,0.0,1.0,1.0
35.617867867867865,4.9999999995,11.872622622622622,18.745245245745245,0.0,1.0,1.0
35.670170170170174,4.9999999995,11.890056723390058,18.780113447280115,0.0,1.0,1.0
35.722472472472475,4.9999999995,11.907490824157492,18.814981648814985,0.0,1.0,1.0
35.77477477477478,4.9999999995,11.924924924924925,18.849849850349855,0.0,1.0,1.0
35.82707707707708,4.9999999995,11.94235902569236,18.884718051884718,0.0,1.0,1.0
35.87937937937938,4.9999999995,11.959793126459793,18.919586253419588,0.0,1.0,1.0
35.93168168168168,4.9999999995,11.977227227227226,18.95445445495446,0.0,1.0,1.0
35.98398398398398,4.9999999995,11.994661327994661,18.98932265648932,0.0,1.0,1.0
36.036286286286284,4.9999999995,12.012095428762095,19.02419085802419,0.0,1.0,1.0
36.08858858858859,4.9999999995,12.029529529529531,19.05905905955906,0.0,1.0,1.0
36.140890890890894,4.9999999995,12.046963630296965,19.09392726109393,0.0,1.0,1.0
36.193193193193196,4.9999999995,12.064397731064398,19.1287954626288,0.0,1.0,1.0
36.2454954954955,4.9999999995,12.081831831831833,19.163663664163664,0.0,1.0,1.0
36.2977977977978,4.9999999995,12.099265932599266,19.198531865698534,0.0,1.0,1.0
36.3501001001001,4.9999999995,12.1167000333667,19.233400067233404,0.0,1.0,1.0
36.4024024024024,4.9999999995,12.134134134134134,19.268268268768267,0.0,1.0,1.0
36.4547047047047,4.9999999995,12.151568234901568,19.303136470303137,0.0,1.0,1.0
36.507007007007005,4.9999999995,12.169002335669001,19.338004671838007,0.0,1.0,1.0
36.55930930930931,4.9999999995,12.186436436436438,19.372872873372877,0.0,1.0,1.0
36.611611611611615,4.9999999995,12.203870537203871,19.407741074907747,0.0,1.0,1.0
36.663913913913916,4.9999999995,12.221304637971306,19.44260927644261,0.0,1.0,1.0
36.71621621621622,4.9999999995,12.23873873873874,19.47747747797748,0.0,1.0,1.0
36.76851851851852,4.9999999995,12.256172839506172,19.51234567951235,0.0,1.0,1.0
36.82082082082082,4.9999999995,12.273606940273607,19.547213881047213,0.0,1.0,1.0
36.87312312312312,4.9999999995,12.29104104104104,19.582082082582083,0.0,1.0,1.0
36.92542542542542,4.9999999995,12.308475141808474,19.616950284116953,0.0,1.0,1.0
36.977727727727725,4.9999999995,12.325909242575909,19.651818485651816,0.0,1.0,1.0
37.030030030030034,4.9999999995,12.343343343343344,19.686686687186693,0.0,1.0,1.0
37.082332332332335,4.9999999995,12.360777444110779,19.721554888721556,0.0,1.0,1.0
37.13463463463464,4.9999999995,12.378211544878212,19.756423090256426,0.0,1.0,1.0
37.18693693693694,4.9999999995,12.395645645645645,19.791291291791296,0.0,1.0,1.0
37.23923923923924,4.9999999995,12.41307974641308,19.82615949332616,0.0,1.0,1.0
37.29154154154154,4.9999999995,12.430513847180514,19.86102769486103,0.0,1.0,1.0
37.34384384384384,4.9999999995,12.447947947947947,19.8958958963959,0.0,1.0,1.0
37.396146146146144,4.9999999995,12.465382048715382,19.930764097930762,0.0,1.0,1.0
37.44844844844845,4.9999999995,12.482816149482817,19.96563229946564,0.0,1.0,1.0
37.500750750750754,4.9999999995,12.500250250250252,20.000500501000502,0.0,1.0,1.0
37.553053053053056,4.9999999995,12.517684351017685,20.035368702535372,0.0,1.0,1.0
37.60535535535536,4.9999999995,12.535118451785118,20.070236904070242,0.0,1.0,1.0
37.65765765765766,4.9999999995,12.552552552552553,20.105105105605105,0.0,1.0,1.0
37.70995995995996,4.9999999995,12.569986653319987,20.139973307139975,0.0,1.0,1.0
37.76226226226226,4.9999999995,12.58742075408742,20.174841508674845,0.0,1.0,1.0
37.81456456456456,4.9999999995,12.604854854854855,20.209709710209708,0.0,1.0,1.0
37.866866866866864,4.9999999995,12.622288955622288,20.244577911744578,0.0,1.0,1.0
37.91916916916917,4.9999999995,12.639723056389725,20.279446113279448,0.0,1.0,1.0
37.971471471471475,4.9999999995,12.657157157157158,20.314314314814318,0.0,1.0,1.0
38.023773773773776,4.9999999995,12.674591257924591,20.349182516349188,0.0,1.0,1.0
38.07607607607608,4.9999999995,12.692025358692026,20.38405071788405,0.0,1.0,1.0
38.12837837837838,4.9999999995,12.70945945945946,20.41891891941892,0.0,1.0,1.0
38.18068068068068,4.9999999995,12.726893560226893,20.45378712095379,0.0,1.0,1.0
38.23298298298298,4.9999999995,12.744327660994328,20.488655322488654,0.0,1.0,1.0
38.28528528528528,4.9999999995,12.761761761761761,20.523523524023524,0.0,1.0,1.0
38.337587587587585,4.9999999995,12.779195862529194,20.558391725558394,0.0,1.0,1.0
38.38988988988989,4.9999999995,12.796629963296631,20.593259927093264,0.0,1.0,1.0
38.442192192192195,4.9999999995,12.814064064064064,20.628128128628134,0.0,1.0,1.0
38.4944944944945,4.9999999995,12.8314981648315,20.662996330162997,0.0,1.0,1.0
38.5467967967968,4.9999999995,12.848932265598933,20.697864531697867,0.0,1.0,1.0
38.5990990990991,4.9999999995,12.866366366366366,20.732732733232737,0.0,1.0,1.0
38.6514014014014,4.9999999995,12.883800467133801,20.7676009347676,0.0,1.0,1.0
38.7037037037037,4.9999999995,12.901234567901234,20.80246913630247,0.0,1.0,1.0
38.756006006006004,4.9999999995,12.918668668668667,20.83733733783734,0.0,1.0,1.0
38.80830830830831,4.9999999995,12.936102769436104,20.87220553937221,0.0,1.0,1.0
38.860610610610614,4.9999999995,12.953536870203537,20.90707374090708,0.0,1.0,1.0
38.912912912912915,4.9999999995,12.970970970970972,20.941941942441943,0.0,1.0,1.0
38.96521521521522,4.9999999995,12.988405071738406,20.976810143976813,0.0,1.0,1.0
39.01751751751752,4.9999999995,13.005839172505839,21.011678345511683,0.0,1.0,1.0
39.06981981981982,4.9999999995,13.023273273273274,21.046546547046546,0.0,1.0,1.0
39.12212212212212,4.9999999995,13.040707374040707,21.081414748581416,0.0,1.0,1.0
39.17442442442442,4.9999999995,13.05814147480814,21.116282950116286,0.0,1.0,1.0
39.226726726726724,4.9999999995,13.075575575575575,21.15115115165115,0.0,1.0,1.0
39.27902902902903,4.9999999995,13.09300967634301,21.186019353186026,0.0,1.0,1.0
39.331331331331334,4.9999999995,13.110443777110445,21.22088755472089,0.0,1.0,1.0
39.383633633633636,4.9999999995,13.127877877877879,21.25575575625576,0.0,1.0,1.0
39.43593593593594,4.9999999995,13.145311978645312,21.29062395779063,0.0,1.0,1.0
39.48823823823824,4.9999999995,13.162746079412747,21.325492159325492,0.0,1.0,1.0
39.54054054054054,4.9999999995,13.18018018018018,21.360360360860362,0.0,1.0,1.0
39.59284284284284,4.9999999995,13.197614280947613,21.395228562395232,0.0,1.0,1.0
39.64514514514514,4.9999999995,13.215048381715048,21.430096763930095,0.0,1.0,1.0
39.697447447447445,4.9999999995,13.232482482482482,21.464964965464965,0.0,1.0,1.0
39.74974974974975,4.9999999995,13.249916583249918,21.499833166999835,0.0,1.0,1.0
39.802052052052055,4.9999999995,13.267350684017352,21.534701368534705,0.0,1.0,1.0
39.854354354354356,4.9999999995,13.284784784784785,21.569569570069575,0.0,1.0,1.0
39.90665665665666,4.9999999995,13.30221888555222,21.604437771604438,0.0,1.0,1.0
39.95895895895896,4.9999999995,13.319652986319653,21.639305973139308,0.0,1.0,1.0
40.01126126126126,4.9999999995,13.337087087087086,21.674174174674178,0.0,1.0,1.0
40.06356356356356,4.9999999995,13.354521187854521,21.70904237620904,0.0,1.0,1.0
40.115865865865864,4.9999999995,13.371955288621955,21.74391057774391,0.0,1.0,1.0
40.168168168168165,4.9999999995,13.389389389389388,21.77877877927878,0.0,1.0,1.0
40.220470470470474,4.9999999995,13.406823490156825,21.81364698081365,0.0,1.0,1.0
40.272772772772775,4.9999999995,13.424257590924258,21.84851518234852,0.0,1.0,1.0
40.32507507507508,4.9999999995,13.441691691691693,21.883383383883384,0.0,1.0,1.0
40.37737737737738,4.9999999995,13.459125792459126,21.918251585418254,0.0,1.0,1.0
40.42967967967968,4.9999999995,13.47655989322656,21.953119786953124,0.0,1.0,1.0
40.48198198198198,4.9999999995,13.493993993993994,21.987987988487987,0.0,1.0,1.0
40.53428428428428,4.9999999995,13.511428094761428,22.022856190022857,0.0,1.0,1.0
40.586586586586584,4.9999999995,13.52886219552886,22.057724391557727,0.0,1.0,1.0
40.63888888888889,4.9999999995,13.546296296296298,22.092592593092597,0.0,1.0,1.0
40.691191191191194,4.9999999995,13.56373039706373,22.127460794627467,0.0,1.0,1.0
40.743493493493496,4.9999999995,13.581164497831166,22.16232899616233,0.0,1.0,1.0
40.7957957957958,4.9999999995,13.598598598598599,22.1971971976972,0.0,1.0,1.0
40.8480980980981,4.9999999995,13.616032699366032,22.23206539923207,0.0,1.0,1.0
40.9004004004004,4.9999999995,13.633466800133467,22.266933600766933,0.0,1.0,1.0
40.9527027027027,4.9999999995,13.6509009009009,22.301801802301803,0.0,1.0,1.0
41.005005005005,4.9999999995,13.668335001668334,22.336670003836673,0.0,1.0,1.0
41.057307307307305,4.9999999995,13.685769102435769,22.371538205371536,0.0,1.0,1.0
41.10960960960961,4.9999999995,13.703203203203204,22.406406406906413,0.0,1.0,1.0
41.161911911911915,4.9999999995,13.720637303970639,22.441274608441276,0.0,1.0,1.0
41.214214214214216,4.9999999995,13.738071404738072,22.476142809976146,0.0,1.0,1.0
41.26651651651652,4.9999999995,13.755505505505505,22.511011011511016,0.0,1.0,1.0
41.31881881881882,4.9999999995,13.77293960627294,22.54587921304588,0.0,1.0,1.0
41.37112112112112,4.9999999995,13.790373707040374,22.58074741458075,0.0,1.0,1.0
41.42342342342342,4.9999999995,13.807807807807807,22.61561561611562,0.0,1.0,1.0
41.475725725725724,4.9999999995,13.825241908575242,22.650483817650482,0.0,1.0,1.0
41.528028028028025,4.9999999995,13.842676009342675,22.685352019185352,0.0,1.0,1.0
41.580330330330334,4.9999999995,13.860110110110112,22.720220220720222,0.0,1.0,1.0
41.632632632632635,4.9999999995,13.877544210877545,22.755088422255092,0.0,1.0,1.0
41.68493493493494,4.9999999995,13.894978311644978,22.789956623789962,0.0,1.0,1.0
41.73723723723724,4.9999999995,13.912412412412413,22.824824825324825,0.0,1.0,1.0
41.78953953953954,4.9999999995,13.929846513179847,22.859693026859695,0.0,1.0,1.0
41.84184184184184,4.9999999995,13.94728061394728,22.894561228394565,0.0,1.0,1.0
41.89414414414414,4.9999999995,13.964714714714715,22.929429429929428,0.0,1.0,1.0
41.946446446446444,4.9999999995,13.982148815482148,22.964297631464298,0.0,1.0,1.0
41.99874874874875,4.9999999995,13.999582916249585,22.999165832999168,0.0,1.0,1.0
42.051051051051054,4.9999999995,14.017017017017018,23.034034034534038,0.0,1.0,1.0
42.103353353353356,4.9999999995,14.034451117784451,23.068902236068908,0.0,1.0,1.0
42.15565565565566,4.9999999995,14.051885218551886,23.10377043760377,0.0,1.0,1.0
42.20795795795796,4.9999999995,14.06931931931932,23.13863863913864,0.0,1.0,1.0
42.26026026026026,4.9999999995,14.086753420086753,23.17350684067351,0.0,1.0,1.0
42.31256256256256,4.9999999995,14.104187520854188,23.208375042208374,0.0,1.0,1.0
42.36486486486486,4.9999999995,14.121621621621621,23.243243243743244,0.0,1.0,1.0
42.417167167167165,4.9999999995,14.139055722389054,23.278111445278114,0.0,1.0,1.0
42.46946946946947,4.9999999995,14.156489823156491,23.312979646812984,0.0,1.0,1.0
42.521771771771775,4.9999999995,14.173923923923924,23.347847848347854,0.0,1.0,1.0
42.574074074074076,4.9999999995,14.19135802469136,23.382716049882717,0.0,1.0,1.0
42.62637637637638,4.9999999995,14.208792125458793,23.417584251417587,0.0,1.0,1.0
42.67867867867868,4.9999999995,14.226226226226226,23.452452452952457,0.0,1.0,1.0
42.73098098098098,4.9999999995,14.24366032699366,23.48732065448732,0.0,1.0,1.0
42.78328328328328,4.9999999995,14.261094427761094,23.52218885602219,0.0,1.0,1.0
42.835585585585584,4.9999999995,14.278528528528527,23.55705705755706,0.0,1.0,1.0
42.887887887887885,4.9999999995,14.295962629295962,23.591925259091923,0.0,1.0,1.0
42.940190190190194,4.9999999995,14.313396730063397,23.6267934606268,0.0,1.0,1.0
42.992492492492495,4.9999999995,14.330830830830832,23.661661662161663,0.0,1.0,1.0
43.0447947947948,4.9999999995,14.348264931598266,23.696529863696533,0.0,1.0,1.0
43.0970970970971,4.9999999995,14.365699032365699,23.731398065231403,0.0,1.0,1.0
43.1493993993994,4.9999999995,14.383133133133134,23.766266266766266,0.0,1.0,1.0
43.2017017017017,4.9999999995,14.400567233900567,23.801134468301136,0.0,1.0,1.0
43.254004004004,4.9999999995,14.418001334668,23.836002669836006,0.0,1.0,1.0
43.306306306306304,4.9999999995,14.435435435435435,23.87087087137087,0.0,1.0,1.0
43.35860860860861,4.9999999995,14.45286953620287,23.905739072905746,0.0,1.0,1.0
43.410910910910914,4.9999999995,14.470303636970305,23.94060727444061,0.0,1.0,1.0
43.463213213213216,4.9999999995,14.487737737737739,23.97547547597548,0.0,1.0,1.0
43.51551551551552,4.9999999995,14.505171838505172,24.01034367751035,0.0,1.0,1.0
43.56781781781782,4.9999999995,14.522605939272607,24.045211879045212,0.0,1.0,1.0
43.62012012012012,4.9999999995,14.54004004004004,24.080080080580082,0.0,1.0,1.0
43.67242242242242,4.9999999995,14.557474140807473,24.114948282114952,0.0,1.0,1.0
43.72472472472472,4.9999999995,14.574908241574908,24.149816483649815,0.0,1.0,1.0
43.777027027027025,4.9999999995,14.592342342342342,24.184684685184685,0.0,1.0,1.0
43.82932932932933,4.9999999995,14.609776443109778,24.219552886719555,0.0,1.0,1.0
43.881631631631635,4.9999999995,14.627210543877212,24.254421088254425,0.0,1.0,1.0
43.933933933933936,4.9999999995,14.644644644644645,24.289289289789295,0.0,1.0,1.0
43.98623623623624,4.9999999995,14.66207874541208,24.324157491324158,0.0,1.0,1.0
44.03853853853854,4.9999999995,14.679512846179513,24.359025692859028,0.0,1.0,1.0
44.09084084084084,4.9999999995,14.696946946946946,24.393893894393898,0.0,1.0,1.0
44.14314314314314,4.9999999995,14.714381047714381,24.42876209592876,0.0,1.0,1.0
44.19544544544544,4.9999999995,14.731815148481815,24.46363029746363,0.0,1.0,1.0
44.247747747747745,4.9999999995,14.749249249249248,24.4984984989985,0.0,1.0,1.0
44.300050050050054,4.9999999995,14.766683350016685,24.53336670053337,0.0,1.0,1.0
44.352352352352355,4.9999999995,14.784117450784118,24.56823490206824,0.0,1.0,1.0
44.40465465465466,4.9999999995,14.801551551551553,24.603103103603104,0.0,1.0,1.0
44.45695695695696,4.9999999995,14.818985652318986,24.637971305137974,0.0,1.0,1.0
44.50925925925926,4.9999999995,14.83641975308642,24.672839506672844,0.0,1.0,1.0
44.56156156156156,4.9999999995,14.853853853853854,24.707707708207707,0.0,1.0,1.0
44.61386386386386,4.9999999995,14.871287954621287,24.742575909742577,0.0,1.0,1.0
44.666166166166164,4.9999999995,14.88872205538872,24.777444111277447,0.0,1.0,1.0
44.71846846846847,4.9999999995,14.906156156156158,24.812312312812317,0.0,1.0,1.0
44.770770770770774,4.9999999995,14.92359025692359,24.847180514347187,0.0,1.0,1.0
44.823073073073076,4.9999999995,14.941024357691026,24.88204871588205,0.0,1.0,1.0
44.87537537537538,4.9999999995,14.958458458458459,24.91691691741692,0.0,1.0,1.0
44.92767767767768,4.9999999995,14.975892559225892,24.95178511895179,0.0,1.0,1.0
44.97997997997998,4.9999999995,14.993326659993327,24.986653320486653,0.0,1.0,1.0
45.03228228228228,5.021820067857193,15.01076076076076,24.99970145366433,0.004364013671875,1.0,1.0
45.08458458458458,5.056610106916214,15.028194861528194,24.999779616140174,0.011322021484375,1.0,1.0
45.136886886886884,5.091552733865845,15.045628962295629,24.999705190725408,0.018310546875,1.0,1.0
45.18918918918919,5.126342772924866,15.063063063063064,24.999783353201266,0.0252685546875,1.0,1.0
45.241491491491495,5.1612853998744965,15.080497163830499,24.9997089277865,0.032257080078125,1.0,1.0
45.293793793793796,5.1960754389335175,15.097931264597932,24.999787090262345,0.039215087890625,1.0,1.0
45.3460960960961,5.231018065883148,15.115365365365365,24.999712664847586,0.04620361328125,1.0,1.0
45.3983983983984,5.265808104942169,15.1327994661328,24.99979082732343,0.05316162109375,1.0,1.0
45.4507007007007,5.3007507318918,15.150233566900233,24.999716401908664,0.060150146484375,1.0,1.0
45.503003003003,5.335540770950821,15.167667667667667,24.999794564384516,0.067108154296875,1.0,1.0
45.5553053053053,5.370483397900451,15.185101768435102,24.99972013896975,0.0740966796875,1.0,1.0
45.607607607607605,5.405273436959472,15.202535869202535,24.999798301445594,0.0810546875,1.0,1.0
45.65990990990991,5.440216063909103,15.219969969969972,24.999723876030835,0.088043212890625,1.0,1.0
45.712212212212215,5.475006102968124,15.237404070737405,24.999802038506687,0.095001220703125,1.0,1.0
45.76451451451452,5.509948729917755,15.254838171504838,24.999727613091927,0.10198974609375,1.0,1.0
45.81681681681682,5.544738768976776,15.272272272272273,24.999805775567765,0.10894775390625,1.0,1.0
45.86911911911912,5.579681395926407,15.289706373039706,24.999731350153006,0.115936279296875,1.0,1.0
45.92142142142142,5.614471434985428,15.30714047380714,24.999809512628858,0.122894287109375,1.0,1.0
45.97372372372372,5.649414061935059,15.324574574574575,24.999735087214084,0.1298828125,1.0,1.0
46.026026026026024,5.684356688884689,15.342008675342008,24.999660661799325,0.136871337890625,1.0,1.0
46.07832832832833,5.71914672794371,15.359442776109445,24.999738824275177,0.143829345703125,1.0,1.0
46.130630630630634,5.754089354893341,15.376876876876878,24.999664398860418,0.15081787109375,1.0,1.0
46.182932932932935,5.788879393952362,15.394310977644311,24.999742561336262,0.15777587890625,1.0,1.0
46.23523523523524,5.823822020901993,15.411745078411746,24.999668135921496,0.164764404296875,1.0,1.0
46.28753753753754,5.858612059961014,15.42917917917918,24.999746298397348,0.171722412109375,1.0,1.0
46.33983983983984,5.893554686910645,15.446613279946613,24.99967187298258,0.1787109375,1.0,1.0
46.39214214214214,5.928344725969666,15.464047380714048,24.999750035458426,0.1856689453125,1.0,1.0
46.44444444444444,5.963287352919297,15.481481481481481,24.999675610043667,0.192657470703125,1.0,1.0
46.496746746746744,5.998077391978318,15.498915582248914,24.99975377251951,0.199615478515625,1.0,1.0
46.54904904904905,6.033020018927948,15.516349683016351,24.999679347104752,0.20660400390625,1.0,1.0
46.601351351351354,6.067810057986969,15.533783783783784,24.999757509580604,0.21356201171875,1.0,1.0
46.653653653653656,6.1027526849366,15.55121788455122,24.999683084165838,0.220550537109375,1.0,1.0
46.70595595595596,6.137542723995621,15.568651985318652,24.999761246641683,0.227508544921875,1.0,1.0
46.75825825825826,6.1724853509452515,15.586086086086086,24.999686821226923,0.2344970703125,1.0,1.0
46.81056056056056,6.2072753900042725,15.60352018685352,24.999764983702768,0.241455078125,1.0,1.0
46.86286286286286,6.242218016953903,15.620954287620954,24.999690558288002,0.248443603515625,1.0,1.0
46.91516516516516,6.277008056012924,15.638388388388387,24.999768720763853,0.255401611328125,1.0,1.0
46.967467467467465,6.311950682962555,15.655822489155822,24.999694295349087,0.26239013671875,1.0,1.0
47.01976976976977,6.346740722021576,15.673256589923257,24.99977245782494,0.26934814453125,1.0,1.0
47.072072072072075,6.381683348971206,15.690690690690692,24.999698032410173,0.276336669921875,1.0,1.0
47.124374374374376,6.416473388030227,15.708124791458125,24.999776194886024,0.283294677734375,1.0,1.0
47.17667667667668,6.451416014979858,15.725558892225559,24.999701769471265,0.290283203125,1.0,1.0
47.22897897897898,6.486206054038879,15.742992992992994,24.999779931947103,0.2972412109375,1.0,1.0
47.28128128128128,6.52114868098851,15.760427093760427,24.999705506532344,0.304229736328125,1.0,1.0
47.33358358358358,6.555938720047531,15.77786119452786,24.999783669008195,0.311187744140625,1.0,1.0
47.385885885885884,6.590881346997162,15.795295295295295,24.999709243593422,0.31817626953125,1.0,1.0
47.43818818818819,6.625671386056183,15.81272939606273,24.99978740606928,0.32513427734375,1.0,1.0
47.490490490490494,6.660614013005814,15.830163496830165,24.999712980654515,0.332122802734375,1.0,1.0
47.542792792792795,6.695404052064835,15.847597597597598,24.99979114313036,0.339080810546875,1.0,1.0
47.5950950950951,6.730346679014465,15.865031698365032,24.9997167177156,0.3460693359375,1.0,1.0
47.6473973973974,6.765136718073486,15.882465799132467,24.999794880191445,0.35302734375,1.0,1.0
47.6996996996997,6.800079345023117,15.8998998998999,24.999720454776686,0.360015869140625,1.0,1.0
47.752002002002,6.834869384082138,15.917334000667333,24.99979861725253,0.366973876953125,1.0,1.0
47.8043043043043,6.869812011031769,15.934768101434768,24.999724191837764,0.37396240234375,1.0,1.0
47.856606606606604,6.90460205009079,15.952202202202201,24.999802354313616,0.38092041015625,1.0,1.0
47.90890890890891,6.939544677040421,15.969636302969638,24.99972792889885,0.387908935546875,1.0,1.0
47.961211211211214,6.974334716099442,15.987070403737071,24.9998060913747,0.394866943359375,1.0,1.0
48.013513513513516,7.009277343049073,16.004504504504506,24.99973166595994,0.40185546875,1.0,1.0
48.06581581581582,7.044219969998703,16.021938605271938,24.99965724054518,0.408843994140625,1.0,1.0
48.11811811811812,7.079010009057724,16.039372706039373,24.99973540302102,0.415802001953125,1.0,1.0
48.17042042042042,7.113800048116745,16.056806806806808,24.99981356549687,0.422760009765625,1.0,1.0
48.22272272272272,7.148742675066376,16.07424090757424,24.99973914008211,0.42974853515625,1.0,1.0
48.27502502502502,7.1836853020160065,16.091675008341674,24.99966471466734,0.436737060546875,1.0,1.0
48.327327327327325,7.2184753410750275,16.10910910910911,24.999742877143188,0.443695068359375,1.0,1.0
48.37962962962963,7.253417968024658,16.126543209876544,24.999668451728432,0.45068359375,1.0,1.0
48.431931931931935,7.288208007083679,16.14397731064398,24.999746614204273,0.4576416015625,1.0,1.0
48.484234234234236,7.32315063403331,16.16141141141141,24.999672188789514,0.464630126953125,1.0,1.0
48.53653653653654,7.357940673092331,16.178845512178846,24.999750351265362,0.471588134765625,1.0,1.0
48.58883883883884,7.392883300041961,16.19627961294628,24.9996759258506,0.47857666015625,1.0,1.0
48.64114114114114,7.427673339100982,16.213713713713712,24.999754088326444,0.48553466796875,1.0,1.0
48.69344344344344,7.462615966050613,16.231147814481147,24.99967966291168,0.492523193359375,1.0,1.0
48.745745745745744,7.497406005109634,16.248581915248582,24.99975782538753,0.499481201171875,1.0,1.0
48.79804804804805,7.532348632059265,16.266016016016017,24.999683399972767,0.5064697265625,1.0,1.0
48.850350350350354,7.567138671118286,16.283450116783452,24.999761562448615,0.513427734375,1.0,1.0
48.902652652652655,7.602081298067917,16.300884217550884,24.999687137033856,0.520416259765625,1.0,1.0
48.95495495495496,7.636871337126938,16.31831831831832,24.999765299509697,0.527374267578125,1.0,1.0
49.00725725725726,7.671813964076569,16.335752419085754,24.999690874094934,0.53436279296875,1.0,1.0
49.05955955955956,7.70660400313559,16.353186519853185,24.999769036570786,0.54132080078125,1.0,1.0
49.11186186186186,7.74154663008522,16.37062062062062,24.999694611156023,0.548309326171875,1.0,1.0
49.16416416416416,7.776336669144241,16.388054721388055,24.999772773631864,0.555267333984375,1.0,1.0
49.216466466466464,7.811279296093872,16.405488822155487,24.999698348217105,0.562255859375,1.0,1.0
49.26876876876877,7.846069335152893,16.422922922922925,24.999776510692957,0.5692138671875,1.0,1.0
49.321071071071074,7.881011962102524,16.440357023690357,24.99970208527819,0.576202392578125,1.0,1.0
49.373373373373376,7.915802001161545,16.457791124457792,24.99978024775404,0.583160400390625,1.0,1.0
49.42567567567568,7.950744628111176,16.475225225225227,24.999705822339276,0.59014892578125,1.0,1.0
49.47797797797798,7.985534667170197,16.49265932599266,24.99978398481512,0.59710693359375,1.0,1.0
49.53028028028028,8.020477294119827,16.510093426760093,24.999709559400358,0.604095458984375,1.0,1.0
49.58258258258258,8.055267333178849,16.52752752752753,24.999787721876206,0.611053466796875,1.0,1.0
49.63488488488488,8.09020996012848,16.54496162829496,24.999713296461447,0.6180419921875,1.0,1.0
49.687187187187185,8.1249999991875,16.562395729062395,24.99979145893729,0.625,1.0,1.0
49.73948948948949,8.15994262613713,16.57982982982983,24.999717033522533,0.631988525390625,1.0,1.0
49.791791791791795,8.194732665196153,16.597263930597265,24.999795195998374,0.638946533203125,1.0,1.0
49.844094094094096,8.229675292145782,16.6146980313647,24.999720770583618,0.64593505859375,1.0,1.0
49.8963963963964,8.264465331204804,16.63213213213213,24.999798933059463,0.65289306640625,1.0,1.0
49.9486986986987,8.299407958154434,16.649566232899566,24.9997245076447,0.659881591796875,1.0,1.0
50.001001001001,8.334197997213455,16.667000333667,24.99980267012055,0.666839599609375,1.0,1.0
50.0533033033033,8.369140624163085,16.684434434434433,24.999728244705782,0.673828125,1.0,1.0
50.105605605605604,8.403930663222107,16.701868535201868,24.99980640718163,0.6807861328125,1.0,1.0
50.15790790790791,8.438873290171738,16.719302635969303,24.999731981766868,0.687774658203125,1.0,1.0
50.210210210210214,8.473663329230758,16.736736736736738,24.999810144242716,0.694732666015625,1.0,1.0
50.262512512512515,8.50860595618039,16.754170837504173,24.999735718827953,0.70172119140625,1.0,1.0
50.31481481481482,8.54354858313002,16.771604938271604,24.999661293413194,0.708709716796875,1.0,1.0
50.36711711711712,8.57833862218904,16.78903903903904,24.999739455889042,0.715667724609375,1.0,1.0
50.41941941941942,8.613281249138671,16.806473139806474,24.999665030474272,0.72265625,1.0,1.0
50.47172172172172,8.648071288197693,16.823907240573906,24.999743192950124,0.7296142578125,1.0,1.0
50.52402402402402,8.682861327256713,16.84134134134134,24.999821355425972,0.736572265625,1.0,1.0
50.576326326326324,8.717803954206344,16.858775442108776,24.999746930011202,0.743560791015625,1.0,1.0
50.62862862862863,8.752746581155975,16.87620954287621,24.999672504596447,0.75054931640625,1.0,1.0
50.680930930930934,8.787536620214997,16.893643643643646,24.999750667072288,0.75750732421875,1.0,1.0
50.733233233233236,8.822479247164628,16.911077744411077,24.99967624165753,0.764495849609375,1.0,1.0
50.78553553553554,8.857269286223648,16.928511845178512,24.999754404133377,0.771453857421875,1.0,1.0
50.83783783783784,8.892211913173279,16.945945945945947,24.999679978718614,0.7784423828125,1.0,1.0
50.89014014014014,8.927001952232299,16.96338004671338,24.999758141194466,0.785400390625,1.0,1.0
50.94244244244244,8.96194457918193,16.980814147480814,24.999683715779696,0.792388916015625,1.0,1.0
50.99474474474474,8.996734618240952,16.99824824824825,24.999761878255544,0.799346923828125,1.0,1.0
51.047047047047045,9.031677245190583,17.01568234901568,24.999687452840785,0.80633544921875,1.0,1.0
51.09934934934935,9.066467284249603,17.03311644978312,24.99976561531663,0.81329345703125,1.0,1.0
51.151651651651655,9.101409911199234,17.05055055055055,24.99969118990187,0.820281982421875,1.0,1.0
51.203953953953956,9.136199950258256,17.067984651317985,24.99976935237771,0.827239990234375,1.0,1.0
51.25625625625626,9.171142577207887,17.08541875208542,24.99969492696295,0.834228515625,1.0,1.0
51.30855855855856,9.205932616266907,17.102852852852852,24.9997730894388,0.8411865234375,1.0,1.0
51.36086086086086,9.240875243216538,17.120286953620287,24.999698664024038,0.848175048828125,1.0,1.0
51.41316316316316,9.275665282275558,17.137721054387722,24.999776826499886,0.855133056640625,1.0,1.0
51.46546546546546,9.310607909225189,17.155155155155153,24.99970240108512,0.86212158203125,1.0,1.0
51.51776776776777,9.34539794828421,17.172589255922592,24.99978056356097,0.86907958984375,1.0,1.0
51.570070070070074,,,,,,
51.622372372372375,,,,,,
51.67467467467468,,,,,,
51.72697697697698,,,,,,
51.77927927927928,,,,,,
51.83158158158158,,,,,,
51.88388388388388,,,,,,
51.936186186186184,,,,,,
51.98848848848849,,,,,,
52.040790790790794,,,,,,
52.093093093093096,,,,,,
52.1453953953954,,,,,,
52.1976976976977,,,,,,
52.25,,,,,,
