r,r1,r2,n1,n2
0.0,0.0,0.0,0.0,0.0
0.01046046046046046,0.009509517200231389,0.0009509432602290702,0.0,0.0
0.02092092092092092,0.01901900701307672,0.0019019139078441973,0.0,0.0
0.03138138138138138,0.02852853207693853,0.002852849304442847,0.0,0.0
0.04184184184184184,0.03803802211228332,0.0038038197295585177,0.0,0.0
0.052302302302302296,0.047547608015806736,0.00475469428649556,0.0,0.0
0.06276276276276276,0.05705706934205578,0.005705693420706974,0.0,0.0
0.07322322322322322,0.06656662059719723,0.0066566026260259925,0.0,0.0
0.08368368368368367,0.07607606976189288,0.007607613921790796,0.0,0.0
0.09414414414414413,0.0855855218034959,0.00855862234064822,0.0,0.0
0.10460460460460459,0.09509507868928474,0.009509525915319852,0.0,0.0
0.11506506506506506,0.10460453674690436,0.010460528318160703,0.0,0.0
0.1255255255255255,0.11411410186717087,0.011411423658354639,0.0,0.0
0.13598598598598596,0.12362358905255315,0.012362396933432815,0.0,0.0
0.14644644644644644,0.13313309504887014,0.013313351397576306,0.0,0.0
0.1569069069069069,0.14264266233282655,0.014264244574080348,0.0,0.0
0.16736736736736735,0.15215215804235646,0.015215209325010887,0.0,0.0
0.1778278278278278,0.16166166765801773,0.016166160169810068,0.0,0.0
0.18828828828828825,0.17117122144370087,0.017117066844587386,0.0,0.0
0.19874874874874873,0.18068065794201243,0.018068090806736298,0.0,0.0
0.20920920920920918,0.19019019520771338,0.019019014001495804,0.0,0.0
0.21966966966966964,0.19969967164748123,0.019969998022188407,0.0,0.0
0.23013013013013012,0.20920918325484247,0.020920946875287644,0.0,0.0
0.24059059059059057,0.21871871813967494,0.021871872450915625,0.0,0.0
0.251051051051051,0.22822822752655453,0.022822823524496494,0.0,0.0
0.2615115115115115,0.2377376669929534,0.023773844518558074,0.0,0.0
0.2719719719719719,0.24724722586671244,0.024724746105259487,0.0,0.0
0.2824324324324324,0.25675679573689064,0.025675636695541737,0.0,0.0
0.2928928928928929,0.26626620912238985,0.026626683770503035,0.0,0.0
0.30335335335335334,0.2757757494611379,0.02757760389221542,0.0,0.0
0.3138138138138138,0.28528530526444473,0.028528508549369058,0.0,0.0
0.32427427427427424,0.29479478482499955,0.0294794894492747,0.0,0.0
0.3347347347347347,0.3043042508209619,0.030430483913772788,0.0,0.0
0.34519519519519515,0.31381383395038104,0.03138136124481411,0.0,0.0
0.3556556556556556,0.32332333805526403,0.03233231760039157,0.0,0.0
0.36611611611611605,0.3328328768867366,0.03328323922937948,0.0,0.0
0.3765765765765765,0.34234236115445815,0.03423421542211835,0.0,0.0
0.387037037037037,0.3518518689133754,0.035185168123661625,0.0,0.0
0.39749749749749747,0.36136142282286576,0.0361360746746317,0.0,0.0
0.4079579579579579,0.37087091395349164,0.037087044004466274,0.0,0.0
0.41841841841841837,0.38038037167398797,0.0380380467444304,0.0,0.0
0.4288788788788788,0.3898898575713881,0.03898902130749071,0.0,0.0
0.4393393393393393,0.3993993685701296,0.03993997076920969,0.0,0.0
0.4497997997997997,0.40890884389449295,0.04089095590530678,0.0,0.0
0.46026026026026023,0.4184184510321244,0.04184180922813585,0.0,0.0
0.4707207207207207,0.42792794599704487,0.04279277472367582,0.0,0.0
0.48118118118118114,0.43743745582867,0.04374372535251114,0.0,0.0
0.4916416416416416,0.446946904755868,0.04469473688577358,0.0,0.0
0.502102102102102,0.45645643163076116,0.04564567047134088,0.0,0.0
0.5125625625625625,0.46596601197580945,0.04659655058675305,0.0,0.0
0.523023023023023,0.4754753979060566,0.04754762511696636,0.0,0.0
0.5334834834834834,0.4849850572555042,0.048498426227979174,0.0,0.0
0.5439439439439439,0.49449442175731523,0.049449522186628625,0.0,0.0
0.5544044044044043,0.5040040136463959,0.050400390758008395,0.0,0.0
0.5648648648648648,0.5135134905222706,0.05135137434259418,0.0,0.0
0.5753253253253252,0.5230230893024286,0.05230223602289663,0.0,0.0
0.5857857857857858,0.5325326060649447,0.05325317972084109,0.0,0.0
0.5962462462462462,0.5420419530252917,0.05420429322095455,0.0,0.0
0.6067067067067067,0.5515514903947463,0.05515521631196041,0.0,0.0
0.6171671671671671,0.5610610726639816,0.05610609450318549,0.0,0.0
0.6276276276276276,0.5705705457296658,0.05705708189796177,0.0,0.0
0.638088088088088,0.580080066992199,0.058008021095888984,0.0,0.0
0.6485485485485485,0.5895896011522215,0.05895894739632701,0.0,0.0
0.6590090090090089,0.5990990523103095,0.059909956698699474,0.0,0.0
0.6694694694694694,0.608608648576789,0.06086082089268041,0.0,0.0
0.6799299299299298,0.618118077546669,0.06181185238326081,0.0,0.0
0.6903903903903903,0.6276275665497563,0.06276282384063403,0.0,0.0
0.7008508508508507,0.6371370851146617,0.06371376573618903,0.0,0.0
0.7113113113113112,0.6466466455322154,0.0646646657790958,0.0,0.0
0.7217717717717717,0.6561561109708732,0.06561566080089842,0.0,0.0
0.7322322322322321,0.6656656251561034,0.06656660707612871,0.0,0.0
0.7426926926926926,0.6751751616756977,0.06751753101699487,0.0,0.0
0.753153153153153,0.6846846241184279,0.06846852903472511,0.0,0.0
0.7636136136136136,0.6941942103854502,0.06941940322816342,0.0,0.0
0.774074074074074,0.7037037304618756,0.0703703436121984,0.0,0.0
0.7845345345345345,0.7132132641604357,0.07132127037409874,0.0,0.0
0.7949949949949949,0.7227227226497352,0.07227227234525968,0.0,0.0
0.8054554554554554,0.7322322319718717,0.07322322348358368,0.0,0.0
0.8159159159159158,0.7417417416153125,0.07417417430060336,0.0,0.0
0.8263763763763763,0.7512513019866754,0.07512507438970084,0.0,0.0
0.8368368368368367,0.7607608331350592,0.07607600370177758,0.0,0.0
0.8472972972972972,0.7702702874531848,0.07702700984411237,0.0,0.0
0.8577577577577576,0.7797797970418336,0.077977960715924,0.0,0.0
0.8682182182182181,0.7892893477835543,0.07892887043466379,0.0,0.0
0.8786786786786785,0.7987988163695487,0.0798798623091298,0.0,0.0
0.889139139139139,0.8083083260398954,0.08083081309924356,0.0,0.0
0.8995995995995995,0.817817820371766,0.08178177922783347,0.0,0.0
0.9100600600600599,0.8273273694015729,0.08273269065848698,0.0,0.0
0.9205205205205205,0.8368368775839663,0.08368364293655417,0.0,0.0
0.9309809809809809,0.8463463271493293,0.08463465383165159,0.0,0.0
0.9414414414414414,0.8558558155683722,0.08558562587306917,0.0,0.0
0.9519019019019018,0.8653653205021922,0.08653658139970966,0.0,0.0
0.9623623623623623,0.8748748535243022,0.08748750883806011,0.0,0.0
0.9728228228228227,0.8843844151586706,0.08843840766415212,0.0,0.0
0.9832832832832832,0.8938939370650458,0.08938934621823735,0.0,0.0
0.9937437437437436,0.9034034488601472,0.0903402948835964,0.0,0.0
1.004204204204204,0.9129130063047917,0.09129119789941242,0.0,0.0
1.0146646646646647,0.9224224261761932,0.09224223848847146,0.0,0.0
1.025125125125125,0.9319319371110737,0.0931931880140513,0.0,0.0
1.0355855855855856,0.9414413840795371,0.09414420150604841,0.0,0.0
1.046046046046046,0.9509509413353051,0.09509510471074079,0.0,0.0
1.0565065065065065,0.9604604871469237,0.09604601935958279,0.0,0.0
1.0669669669669668,0.9699699979881085,0.09699696897885834,0.0,0.0
1.0774274274274274,0.9794794090840588,0.09794801834336853,0.0,0.0
1.0878878878878877,0.9889890390760604,0.09889884881182731,0.0,0.0
1.0983483483483483,0.9984985497235777,0.09984979862477061,0.0,0.0
1.1088088088088086,1.0080079478241344,0.10080086098467422,0.0,0.0
1.1192692692692692,1.0175175509919994,0.10175171827726981,0.0,0.0
1.1297297297297295,1.0270270613488053,0.10270266838092423,0.0,0.0
1.14019019019019,1.0365365155814101,0.10365367460877994,0.0,0.0
1.1506506506506504,1.046045978058874,0.10460467259177642,0.0,0.0
1.161111111111111,1.0555554732239767,0.10555563788713429,0.0,0.0
1.1715715715715715,1.0650651238414899,0.10650644773008167,0.0,0.0
1.1820320320320319,1.0745745928675912,0.10745743916444073,0.0,0.0
1.1924924924924925,1.0840840446223314,0.10840844787016102,0.0,0.0
1.2029529529529528,1.0935936126223624,0.10935934033059036,0.0,0.0
1.2134134134134134,1.1031030441230554,0.11031036929035798,0.0,0.0
1.2238738738738737,1.1126126524197848,0.1112612214540889,0.0,0.0
1.2343343343343343,1.1221221217148913,0.11221221261944292,0.0,0.0
1.2447947947947946,1.1316316707298462,0.11316312406494844,0.0,0.0
1.2552552552552552,1.1411411110820344,0.11411414417322074,0.0,0.0
1.2657157157157155,1.1506506704470914,0.11506504526862416,0.0,0.0
1.276176176176176,1.1601602115649734,0.11601596461120267,0.0,0.0
1.2866366366366364,1.1696697037209696,0.11696693291566684,0.0,0.0
1.297097097097097,1.1791791782987497,0.11791791879834723,0.0,0.0
1.3075575575575573,1.1886887099306667,0.11886884762689065,0.0,0.0
1.3180180180180179,1.1981981593333721,0.11981985868464573,0.0,0.0
1.3284784784784782,1.2077077338607396,0.12077074461773862,0.0,0.0
1.3389389389389388,1.2172172228239653,0.12172171611497351,0.0,0.0
1.3493993993993993,1.226726689171122,0.12267271022827742,0.0,0.0
1.3598598598598597,1.2362362193845882,0.12362364047527152,0.0,0.0
1.3703203203203203,1.2457457274414923,0.124574592878828,0.0,0.0
1.3807807807807806,1.2552552570099083,0.12552552377087234,0.0,0.0
1.3912412412412412,1.2647647870482899,0.12647645419295128,0.0,0.0
1.4017017017017015,1.2742742936005145,0.12742740810118702,0.0,0.0
1.412162162162162,1.2837838231046985,0.12837833905746354,0.0,0.0
1.4226226226226224,1.2932933075404962,0.1293293150821262,0.0,0.0
1.433083083083083,1.3028028142162345,0.13028026886684851,0.0,0.0
1.4435435435435433,1.3123123210150605,0.13123122252848285,0.0,0.0
1.4540040040040039,1.3218218277164355,0.13218217628756834,0.0,0.0
1.4644644644644642,1.3313313815296142,0.13313308293485004,0.0,0.0
1.4749249249249248,1.3408408882409866,0.1340840366839382,0.0,0.0
1.4853853853853851,1.3503503257856078,0.13503505959977735,0.0,0.0
1.4958458458458457,1.3598599064922616,0.13598593935358405,0.0,0.0
1.506306306306306,1.3693693995948781,0.13693690671142789,0.0,0.0
1.5167667667667666,1.3788788779413959,0.13788788882537073,0.0,0.0
1.5272272272272271,1.388388389327305,0.13883883789992213,0.0,0.0
1.5376876876876875,1.3978979221343626,0.1397897655533249,0.0,0.0
1.548148148148148,1.4074073775846516,0.14074077056349643,0.0,0.0
1.5586086086086084,1.4169169415867242,0.14169166702188418,0.0,0.0
1.569069069069069,1.4264263989424952,0.14264267012657372,0.0,0.0
1.5795295295295293,1.4359359356810901,0.14359359384843917,0.0,0.0
1.5899899899899899,1.445445480152412,0.14454450983757794,0.0,0.0
1.6004504504504502,1.4549549853370536,0.14549546511339662,0.0,0.0
1.6109109109109108,1.4644645269006475,0.14644638401026322,0.0,0.0
1.621371371371371,1.473973963260488,0.1473974081108831,0.0,0.0
1.6318318318318317,1.4834835028627464,0.14834832896908523,0.0,0.0
1.642292292292292,1.4929929644541164,0.14929932783817557,0.0,0.0
1.6527527527527526,1.5025025498261513,0.1502502029266013,0.0,0.0
1.663213213213213,1.5120120593779873,0.1512011538352256,0.0,0.0
1.6736736736736735,1.5215215538964801,0.15215211977719334,0.0,0.0
1.684134134134134,1.5310309867219443,0.15310314741218978,0.0,0.0
1.6945945945945944,1.540540508603977,0.15405408599061743,0.0,0.0
1.705055055055055,1.5500499890752193,0.15500506597983565,0.0,0.0
1.7155155155155153,1.5595595852309445,0.15595593028457078,0.0,0.0
1.7259759759759759,1.5690691214538666,0.15690685452210928,0.0,0.0
1.7364364364364362,1.578578639859557,0.15785779657687926,0.0,0.0
1.7468968968968968,1.5880881162238092,0.15880878067308757,0.0,0.0
1.757357357357357,1.5975975987520885,0.1597597586052686,0.0,0.0
1.7678178178178177,1.6071070809084762,0.16071073690934146,0.0,0.0
1.778278278278278,1.6166165896378741,0.16166168864040387,0.0,0.0
1.7887387387387386,1.6261260983069978,0.16261264043174073,0.0,0.0
1.799199199199199,1.6356356815297501,0.16356351766944877,0.0,0.0
1.8096596596596595,1.6451451168585023,0.16451454280115718,0.0,0.0
1.8201201201201198,1.6546546549895143,0.16546546513060556,0.0,0.0
1.8305805805805804,1.6641641640240779,0.16641641655650252,0.0,0.0
1.841041041041041,1.6736736741458014,0.16736736689523957,0.0,0.0
1.8515015015015013,1.683183154817511,0.16831834668399037,0.0,0.0
1.8619619619619618,1.692692724608129,0.16926923735383292,0.0,0.0
1.8724224224224222,1.702202230925149,0.1702201914972732,0.0,0.0
1.8828828828828827,1.7117117879502468,0.17117109493263594,0.0,0.0
1.893343343343343,1.7212211930762407,0.17212215026710243,0.0,0.0
1.9038038038038037,1.730730731335603,0.17307307246820058,0.0,0.0
1.914264264264264,1.7402402696618,0.17402399460246398,0.0,0.0
1.9247247247247246,1.7497497500293089,0.17497497469541567,0.0,0.0
1.935185185185185,1.759259289066051,0.1759258961191339,0.0,0.0
1.9456456456456455,1.7687687981885047,0.17687684745714072,0.0,0.0
1.9561061061061058,1.7782783077759783,0.17782779833012752,0.0,0.0
1.9665665665665664,1.787787792401779,0.17877877416478727,0.0,0.0
1.9770270270270267,1.797297307351321,0.17972971967570572,0.0,0.0
1.9874874874874873,1.806806822121725,0.18068066536576222,0.0,0.0
1.9979479479479476,1.8163163668284361,0.1816315811195115,0.0,0.0
2.008408408408408,1.8258257703640723,0.18258263804433583,0.0,0.0
2.0188688688688687,1.8353353033234046,0.18353356554546418,0.0,0.0
2.0293293293293293,1.844844844534183,0.18448448479514634,0.0,0.0
2.0397897897897894,1.8543543287186337,0.18543546107115572,0.0,0.0
2.05025025025025,1.8638638401390457,0.18638641011120427,0.0,0.0
2.0607107107107105,1.8733733507966475,0.18733735991406308,0.0,0.0
2.071171171171171,1.8828828290586446,0.18828834211252654,0.0,0.0
2.0816316316316312,1.8923923687390636,0.18923926289256765,0.0,0.0
2.092092092092092,1.901901876037277,0.1901902160548148,0.0,0.0
2.1025525525525524,1.911411442482191,0.19114111007036128,0.0,0.0
2.113013013013013,1.920920951585713,0.19209206142729984,0.0,0.0
2.123473473473473,1.9304304553166627,0.19304301815681035,0.0,0.0
2.1339339339339336,1.9399399582759198,0.1939939756580138,0.0,0.0
2.144394394394394,1.9494494602021704,0.1949449341922238,0.0,0.0
2.1548548548548547,1.9589589607849445,0.19589589406991026,0.0,0.0
2.165315315315315,1.9684685012774574,0.19684681403785742,0.0,0.0
2.1757757757757754,1.977977978323215,0.19779779745256043,0.0,0.0
2.186236236236236,1.9874875209658465,0.1987487152703895,0.0,0.0
2.1966966966966965,1.996996965059832,0.1996997316368645,0.0,0.0
2.207157157157157,2.006506507740709,0.20065064941644817,0.0,0.0
2.217617617617617,2.016015984472147,0.20160163314547042,0.0,0.0
2.228078078078078,2.025525494199678,0.2025525838783997,0.0,0.0
2.2385385385385383,2.0350350709061082,0.2035034676324301,0.0,0.0
2.248998998998999,2.0445445136603313,0.2044544853386676,0.0,0.0
2.259459459459459,2.0540540571905277,0.20540540226893134,0.0,0.0
2.2699199199199196,2.063563533211376,0.2063563867085434,0.0,0.0
2.28038038038038,2.0730730430833173,0.20730733729706285,0.0,0.0
2.2908408408408407,2.0825825529263398,0.20825828791450096,0.0,0.0
2.301301301301301,2.092092028507292,0.2092092727940087,0.0,0.0
2.3117617617617614,2.101601572775561,0.2101601889862006,0.0,0.0
2.322222222222222,2.1111110481033277,0.21111117411889424,0.0,0.0
2.3326826826826825,2.120620592700904,0.21206208998177845,0.0,0.0
2.343143143143143,2.130130137606109,0.21301300553703406,0.0,0.0
2.353603603603603,2.1396396126793933,0.21396399092420992,0.0,0.0
2.3640640640640638,2.1491491226537396,0.2149149414103242,0.0,0.0
2.3745245245245243,2.1586586679942084,0.21586585653031598,0.0,0.0
2.384984984984985,2.1681681071411982,0.21681687784378667,0.0,0.0
2.395445445445445,2.177677652563538,0.21776779288190706,0.0,0.0
2.4059059059059056,2.187187162513188,0.21871874339271757,0.0,0.0
2.416366366366366,2.1966966364935825,0.21966972987278366,0.0,0.0
2.4268268268268267,2.206206182262468,0.2206206445643586,0.0,0.0
2.437287287287287,2.2157157282684676,0.2215715590188192,0.0,0.0
2.4477477477477474,2.2252252018115946,0.22252254593615284,0.0,0.0
2.458208208208208,2.2347347114496596,0.22347349675854833,0.0,0.0
2.4686686686686685,2.244244221048072,0.22442444762059655,0.0,0.0
2.4791291291291286,2.253753753855779,0.22537537527334983,0.0,0.0
2.489589589589589,2.263263300505353,0.22632628908423635,0.0,0.0
2.5000500500500498,2.272772810023657,0.22727724002639293,0.0,0.0
2.5105105105105103,2.2822823196052897,0.22822819090522062,0.0,0.0
2.520970970970971,2.2917917921814173,0.22917917878955363,0.0,0.0
2.531431431431431,2.301301301854163,0.23013012957726797,0.0,0.0
2.5418918918918916,2.310810848611744,0.23108104328014756,0.0,0.0
2.552352352352352,2.320320320908607,0.23203203144374518,0.0,0.0
2.5628128128128127,2.3298298301905658,0.23298298262224693,0.0,0.0
2.573273273273273,2.339339377671891,0.2339338956013819,0.0,0.0
2.5837337337337334,2.3488488873649587,0.2348848463687747,0.0,0.0
2.594194194194194,2.358358397021287,0.23583579717290704,0.0,0.0
2.6046546546546545,2.3678678681932017,0.2367867864614528,0.0,0.0
2.6151151151151146,2.3773774163612105,0.23773769875390416,0.0,0.0
2.625575575575575,2.3868868872706677,0.23868868830490753,0.0,0.0
2.6360360360360358,2.3963964357557392,0.23963960028029652,0.0,0.0
2.6464964964964963,2.405905945329917,0.24059055116657913,0.0,0.0
2.6569569569569564,2.4154154549473725,0.2415415020095839,0.0,0.0
2.667417417417417,2.4249249254581615,0.24249249195925549,0.0,0.0
2.6778778778778776,2.4344344743498696,0.24344340352800797,0.0,0.0
2.688338338338338,2.443943983803912,0.24439435453442604,0.0,0.0
2.6987987987987987,2.4534534537401282,0.24534534505867045,0.0,0.0
2.709259259259259,2.4629629633007957,0.24629629595846314,0.0,0.0
2.7197197197197194,2.472472472897927,0.24724724682179255,0.0,0.0
2.73018018018018,2.4819820227017035,0.2481981574784764,0.0,0.0
2.7406406406406405,2.491491493894196,0.2491491467464444,0.0,0.0
2.7511011011011006,2.5010010054692247,0.25010009563187596,0.0,0.0
2.761561561561561,2.5105105170506743,0.2510510445108869,0.0,0.0
2.7720220220220217,2.5200200287864063,0.25200199323561545,0.0,0.0
2.7824824824824823,2.5295295406816924,0.25295294180078987,0.0,0.0
2.7929429429429424,2.53903905264737,0.2539038902955726,0.0,0.0
2.803403403403403,2.5485485646993475,0.25485483870405545,0.0,0.0
2.8138638638638636,2.5580580575615546,0.255805806302309,0.0,0.0
2.824324324324324,2.5675675670699567,0.2567567572543674,0.0,0.0
2.8347847847847842,2.57707707655227,0.2577077082325143,0.0,0.0
2.845245245245245,2.5865865858242825,0.25865865942096233,0.0,0.0
2.8557057057057054,2.596096137338644,0.25960956836706117,0.0,0.0
2.866166166166166,2.6056056047600316,0.26056056140613437,0.0,0.0
2.8766266266266265,2.615115114319229,0.26151151230739744,0.0,0.0
2.8870870870870866,2.624624666122477,0.2624624209646096,0.0,0.0
2.897547547547547,2.6341341332097934,0.2634134143377538,0.0,0.0
2.9080080080080077,2.643643642864388,0.26436436514361983,0.0,0.0
2.9184684684684683,2.6531531950206517,0.2653152734478166,0.0,0.0
2.9289289289289284,2.662662704633898,0.26626622429503044,0.0,0.0
2.939389389389389,2.672172214197663,0.26721717519172605,0.0,0.0
2.9498498498498495,2.6816816806893713,0.26816816916047825,0.0,0.0
2.96031031031031,2.6911912334919976,0.2691190768183125,0.0,0.0
2.9707707707707702,2.700700699755744,0.27007007101502634,0.0,0.0
2.981231231231231,2.7102102528122827,0.2710209784189481,0.0,0.0
2.9916916916916914,2.719719762383951,0.2719719293077403,0.0,0.0
3.002152152152152,2.729229184569109,0.2729229675830429,0.0,0.0
3.012612612612612,2.738738737757023,0.2738738748555889,0.0,0.0
3.0230730730730726,2.748248247579395,0.2748248254936776,0.0,0.0
3.033533533533533,2.7577577569588616,0.27577577657467156,0.0,0.0
3.0439939939939937,2.7672672663836444,0.27672672761034933,0.0,0.0
3.0544544544544543,2.776776775981286,0.2776776784731685,0.0,0.0
3.0649149149149144,2.7862863303815066,0.2786285845334078,0.0,0.0
3.075375375375375,2.7957957501268362,0.27957962524853874,0.0,0.0
3.0858358358358355,2.8053053049888925,0.280530530846943,0.0,0.0
3.096296296296296,2.814814814238841,0.28148148205745516,0.0,0.0
3.106756756756756,2.824324278498399,0.2824324782583574,0.0,0.0
3.117217217217217,2.8338338788599837,0.28338333835723306,0.0,0.0
3.1276776776776773,2.843343342936671,0.28433433474100633,0.0,0.0
3.138138138138138,2.852852852695718,0.28528528544241993,0.0,0.0
3.148598598598598,2.8623623620710203,0.2862362365275777,0.0,0.0
3.1590590590590586,2.8718718718938123,0.28718718716524627,0.0,0.0
3.169519519519519,2.8813813808923996,0.28813813862711957,0.0,0.0
3.1799799799799797,2.8908908899834507,0.28908908999652905,0.0,0.0
3.1904404404404403,2.9004004000759354,0.2900400403645049,0.0,0.0
3.2009009009009004,2.9099099110434516,0.29099098985744876,0.0,0.0
3.211361361361361,2.9194194169849115,0.2919419443764495,0.0,0.0
3.2218218218218215,2.9289289169706674,0.29289290485115416,0.0,0.0
3.232282282282282,2.9384384245046884,0.2938438577775937,0.0,0.0
3.242742742742742,2.9479479455705766,0.2947947971721656,0.0,0.0
3.2532032032032028,2.9574574598242864,0.29574574337891635,0.0,0.0
3.2636636636636633,2.966966920795755,0.29669674286790837,0.0,0.0
3.274124124124124,2.976476480012418,0.29764764411170574,0.0,0.0
3.284584584584584,2.985985993061594,0.29859859152298984,0.0,0.0
3.2950450450450446,2.995495505048154,0.2995495399968906,0.0,0.0
3.305505505505505,3.005005016066838,0.30050048943866736,0.0,0.0
3.3159659659659657,3.0145144782394526,0.3014514877265131,0.0,0.0
3.326426426426426,3.0240240357351293,0.3024023906912965,0.0,0.0
3.3368868868868864,3.0335335444887113,0.30335334239817513,0.0,0.0
3.347347347347347,3.0430430527608876,0.30430429458645936,0.0,0.0
3.3578078078078075,3.052552549867585,0.30525525794022235,0.0,0.0
3.368268268268268,3.0620620614126115,0.3062062068556566,0.0,0.0
3.378728728728728,3.071571572583741,0.3071571561449873,0.0,0.0
3.3891891891891888,3.0810810819763166,0.3081081072128722,0.0,0.0
3.3996496496496493,3.090590600981633,0.30905904866801626,0.0,0.0
3.41011011011011,3.100100098368792,0.3100100117413178,0.0,0.0
3.42057057057057,3.10960960506753,0.31096096550303987,0.0,0.0
3.4310310310310306,3.1191191106205958,0.3119119204104348,0.0,0.0
3.441491491491491,3.128628614859097,0.3128628766323942,0.0,0.0
3.4519519519519517,3.1381381674356725,0.31381378451627917,0.0,0.0
3.462412412412412,3.1476476688609965,0.31476474355141537,0.0,0.0
3.4728728728728724,3.1571571688468807,0.3157157040259917,0.0,0.0
3.483333333333333,3.1666666673895585,0.31666666594377446,0.0,0.0
3.4937937937937935,3.1761761768708574,0.3176176169229361,0.0,0.0
3.5042542542542536,3.185685686506084,0.3185685677481698,0.0,0.0
3.514714714714714,3.195195196128994,0.31951951858572025,0.0,0.0
3.5251751751751748,3.2047047058673734,0.3204704693078013,0.0,0.0
3.5356356356356353,3.2142142155331475,0.32142142010248786,0.0,0.0
3.546096096096096,3.223723725363435,0.3223723707326607,0.0,0.0
3.556556556556556,3.233233235063895,0.3233233214926612,0.0,0.0
3.5670170170170166,3.2427427448138735,0.3242742722031431,0.0,0.0
3.577477477477477,3.2522522545842625,0.32522522289321465,0.0,0.0
3.5879379379379377,3.2617617641109478,0.32617617382698993,0.0,0.0
3.598398398398398,3.271271273737342,0.32712712466105565,0.0,0.0
3.6088588588588584,3.280780783276598,0.32807807558226054,0.0,0.0
3.619319319319319,3.2902902883945835,0.32902903092473545,0.0,0.0
3.6297797797797795,3.2997997980034732,0.3299799817763063,0.0,0.0
3.6402402402402396,3.309309307533875,0.33093093270636453,0.0,0.0
3.6507007007007,3.3188188172930184,0.33188188340768177,0.0,0.0
3.6611611611611607,3.328328330884692,0.3328328302764687,0.0,0.0
3.6716216216216213,3.337837840352456,0.3337837812691653,0.0,0.0
3.682082082082082,3.3473473498199158,0.3347347322621661,0.0,0.0
3.692542542542542,3.356856859245145,0.3356856832973971,0.0,0.0
3.7030030030030026,3.366366368669274,0.3366366343337286,0.0,0.0
3.713463463463463,3.375875878074075,0.33758758538938816,0.0,0.0
3.7239239239239237,3.3853853875245257,0.338538536399398,0.0,0.0
3.734384384384384,3.3948948968674446,0.3394894875169392,0.0,0.0
3.7448448448448444,3.404404406301764,0.34044043854308015,0.0,0.0
3.755305305305305,3.4139139156775826,0.3413913896277223,0.0,0.0
3.7657657657657655,3.4234234250523645,0.34234234071340097,0.0,0.0
3.7762262262262256,3.432932934409532,0.34329329181669355,0.0,0.0
3.786686686686686,3.4424424437647874,0.3442442429218988,0.0,0.0
3.7971471471471467,3.451951953134677,0.34519519401246956,0.0,0.0
3.8076076076076073,3.461461462487081,0.3461461451205263,0.0,0.0
3.8180680680680674,3.4709709726957514,0.34709709537231603,0.0,0.0
3.828528528528528,3.480480493790784,0.34804803473774415,0.0,0.0
3.8389889889889885,3.4899900145694267,0.34899897441956185,0.0,0.0
3.849449449449449,3.4994994987630443,0.3499499506864048,0.0,0.0
3.8599099099099097,3.5090090087128285,0.35090090119708117,0.0,0.0
3.87037037037037,3.5185184982370115,0.35185187213335833,0.0,0.0
3.8808308308308304,3.5280280449248824,0.35280278590594794,0.0,0.0
3.891291291291291,3.5375375586650595,0.35375373262623144,0.0,0.0
3.9017517517517515,3.547047041919678,0.3547047098320735,0.0,0.0
3.9122122122122116,3.5565565471144556,0.35565566509775604,0.0,0.0
3.922672672672672,3.5660660563350177,0.35660661633765445,0.0,0.0
3.9331331331331327,3.5755755692968747,0.35755756383625803,0.0,0.0
3.9435935935935933,3.5850850857741907,0.3585085078194026,0.0,0.0
3.9540540540540534,3.594594569386328,0.35945948466772526,0.0,0.0
3.964514514514514,3.6041041278097605,0.36041038670475345,0.0,0.0
3.9749749749749745,3.6136135963632325,0.361361378611742,0.0,0.0
3.985435435435435,3.6231231228709277,0.36231231256450736,0.0,0.0
3.9958958958958952,3.6325157448095684,0.3633801510863268,0.0,0.00035395844539993663
4.006356356356356,3.6418781658870336,0.3644781904693226,0.0,0.000797317201409034
4.016816816816816,3.6512366079080216,0.3655802089087947,0.0,0.0012503900828493473
4.0272772772772765,3.660590845470539,0.36668643180673755,0.0,0.0017137842225603277
4.0377377377377375,3.6699408520174805,0.3677968857202569,0.0,0.0021874996205419753
4.048198198198198,3.6792864496218174,0.3689117485763802,0.0,0.0026719916264238783
4.058658658658659,3.6886275612092674,0.3700310974493912,0.0,0.003167412023415899
4.069119119119119,3.6979639544385474,0.3711551646805713,0.0,0.0036743679443574893
4.079579579579579,3.707295499814638,0.37228407976494093,0.0,0.004193162955668375
4.09004004004004,3.716622166133843,0.37341787390619663,0.0,0.004723797057348553
4.1005005005005,3.7259437193567075,0.3745567811437924,0.0,0.005266877382237478
4.11096096096096,3.7352599093949244,0.3757010515660357,0.0,0.0058230110631746
4.121421421421421,3.7445707487884055,0.37685067263301564,0.0,0.0063921981001599185
4.131881881881881,3.753876069505567,0.37800581237631414,0.0,0.00697474205961316
4.142342342342342,3.763175482621047,0.37916685972129516,0.0,0.007571553640793498
4.152802802802802,3.7724690246051527,0.3803337781976497,0.0,0.008182632843700936
4.1632632632632625,3.471109839023079,0.6921534242401837,0.0,0.9940406876143687
4.1737237237237235,3.4797488831900343,0.6939748405336892,0.0,0.994324522216812
4.184184184184184,3.4883859969036104,0.6957981872805732,0.0,0.9946135174483907
4.194644644644645,3.497021201244506,0.6976234434001385,0.0,0.9949076733091047
4.205105105105105,3.5056542963751447,0.69945080872996,0.0,0.9952075969317935
4.215565565565565,3.514285347379644,0.701280218185921,0.0,0.9955129847500374
4.226026026026026,3.5229142603946464,0.7031117656313794,0.0,0.9958241403302559
4.236486486486486,3.5315409972920686,0.7049454891944174,0.0,0.9961413672388691
4.246946946946946,3.540165521705473,0.706781425241473,0.0,0.9964643619094571
4.257407407407407,3.548787701552306,0.7086197058551011,0.0,0.9967937314748593
4.267867867867867,3.5574075188542493,0.7104603490136179,0.0,0.9971294759350757
4.278328328328328,3.566024916039052,0.7123034122892764,0.0,0.9974717470733162
4.288788788788788,3.574639833835742,0.7141489549530462,0.0,0.9978206966727906
4.2992492492492485,3.583252212539912,0.7159970367093362,0.0,0.9981764765167089
4.3097097097097095,3.591861992657354,0.7178477170523556,0.0,0.9985392383882808
4.32017017017017,3.6004691117900434,0.7197010583801262,0.0,0.9989091340707165
4.33063063063063,3.609073465990627,0.7215571646400027,0.0,0.9992864671304351
4.341091091091091,3.617675035971695,0.7234160551193956,0.0,0.9996712375674373
4.351551551551551,3.6262929813401534,0.7252585702113974,0.0,1.0
4.362012012012012,3.6350099832587737,0.7270020287532382,0.0,1.0
4.372472472472472,3.643727042792531,0.7287454296799409,0.0,1.0
4.382932932932932,3.6524441025631145,0.7304888303698176,0.0,1.0
4.393393393393393,3.6611611611733457,0.7322322322200474,0.0,1.0
4.403853853853853,3.6698782110395407,0.7339756428143125,0.0,1.0
4.414314314314314,3.678595261810575,0.7357190525037391,0.0,1.0
4.424774774774774,3.6873123118762496,0.7374624628985247,0.0,1.0
4.435235235235234,3.6960293620614064,0.739205873173828,0.0,1.0
4.4456956956956954,3.7047464125232916,0.7409492831724038,0.0,1.0
4.456156156156156,3.713463462790553,0.7426926933656026,0.0,1.0
4.466616616616616,3.72218051319382,0.7444361034227955,0.0,1.0
4.477077077077077,3.7308975640411837,0.746179513035893,0.0,1.0
4.487537537537537,3.7396146109042263,0.7479229266333105,0.0,1.0
4.497997997997998,3.74833164685399,0.749666351144008,0.0,1.0
4.508458458458458,3.75704872785204,0.7514097306064178,0.0,1.0
4.518918918918918,3.765765779463771,0.7531531394551472,0.0,1.0
4.529379379379379,3.774482818457114,0.7548965609222651,0.0,1.0
4.539839839839839,3.783199860010057,0.756639979829782,0.0,1.0
4.5503003003003,3.7919169038694043,0.7583833964308959,0.0,1.0
4.56076076076076,3.8006339527529613,0.760126808007799,0.0,1.0
4.57122122122122,3.8093510071075816,0.7618702141136389,0.0,1.0
4.581681681681681,3.8180680680487185,0.763613613632963,0.0,1.0
4.592142142142142,3.826785137337044,0.7653570048050975,0.0,1.0
4.602602602602602,3.8355021554803295,0.7671004471222722,0.0,1.0
4.613063063063063,3.8442192186282376,0.7688438444348251,0.0,1.0
4.623523523523523,3.8529362684419723,0.7705872550815505,0.0,1.0
4.633983983983984,3.861653318177723,0.772330665806261,0.0,1.0
4.644444444444444,3.8703703679209407,0.7740740765235032,0.0,1.0
4.654904904904904,3.879087417632564,0.7758174872723402,0.0,1.0
4.665365365365365,3.8878044672279466,0.7775608981374185,0.0,1.0
4.675825825825825,3.8965215168041656,0.7793043090216596,0.0,1.0
4.686286286286286,3.9052385663365925,0.7810477199496937,0.0,1.0
4.696746746746746,3.913955615915394,0.7827911308313524,0.0,1.0
4.707207207207206,3.9226726655593174,0.784534541647889,0.0,1.0
4.717667667667667,3.9313897153051025,0.7862779523625649,0.0,1.0
4.7281281281281275,3.9401067651867065,0.788021362941421,0.0,1.0
4.738588588588588,3.9488238152931854,0.7897647732954023,0.0,1.0
4.749049049049049,3.9575408656390856,0.7915081834099631,0.0,1.0
4.759509509509509,3.9662579163217497,0.7932515931877591,0.0,1.0
4.76996996996997,3.974974967283427,0.7949950026865427,0.0,1.0
4.78043043043043,3.983692018580513,0.7967384118499168,0.0,1.0
4.79089089089089,3.992409070173437,0.7984818207174529,0.0,1.0
4.801351351351351,4.001126122053902,0.8002252292974488,0.0,1.0
4.811811811811811,4.009843181920592,0.8019686298912188,0.0,1.0
4.822272272272271,4.018560229453223,0.8037120428190478,0.0,1.0
4.832732732732732,4.0272773007085405,0.8054554320241918,0.0,1.0
4.843193193193192,4.035994326961959,0.807198866231233,0.0,1.0
4.853653653653653,4.044711377242501,0.8089422764111527,0.0,1.0
4.8641141141141135,4.053428454416899,0.8106856596972145,0.0,1.0
4.874574574574574,4.0621454810286775,0.8124290935458962,0.0,1.0
4.885035035035035,4.07086253440138,0.8141725006336546,0.0,1.0
4.895495495495495,4.079579588443496,0.8159159070519983,0.0,1.0
4.905955955955956,4.088296642751316,0.8176593132046399,0.0,1.0
4.916416416416416,4.09701369675982,0.8194027196565958,0.0,1.0
4.926876876876876,4.105730749673173,0.8211461272037033,0.0,1.0
4.937337337337337,4.114447796320495,0.822889541016842,0.0,1.0
4.947797797797797,4.12316483945032,0.8246329583474772,0.0,1.0
4.958258258258257,4.131881883519841,0.8263763747384161,0.0,1.0
4.968718718718718,4.140598931527988,0.8281197871907304,0.0,1.0
4.979179179179178,4.149315988732562,0.8298631904466163,0.0,1.0
4.989639639639639,4.158033063296972,0.8316065763426677,0.0,1.0
5.0001001001000995,4.166750083042379,0.8333500170577208,0.0,1.0
5.01056056056056,4.1754671334165625,0.8350934271439971,0.0,1.0
5.021021021021021,4.184184183800509,0.8368368372205115,0.0,1.0
5.031481481481481,4.192901234184148,0.8385802472973332,0.0,1.0
5.041941941941942,4.201618284593438,0.8403236573485042,0.0,1.0
5.052402402402402,4.210335334980613,0.8420670674217892,0.0,1.0
5.062862862862862,4.219052385371829,0.8438104774910329,0.0,1.0
5.073323323323323,4.227769435687107,0.8455538876362159,0.0,1.0
5.083783783783783,4.236486486087944,0.8472972976958388,0.0,1.0
5.094244244244243,4.245203536491094,0.849040707753149,0.0,1.0
5.104704704704704,4.253920586885225,0.8507841178194795,0.0,1.0
5.115165165165164,4.262637637258485,0.8525275279066795,0.0,1.0
5.125625625625625,4.271354687660481,0.8542709379651443,0.0,1.0
5.1360860860860855,4.280071738046937,0.8560143480391487,0.0,1.0
5.146546546546546,4.288788788463511,0.8577577580830349,0.0,1.0
5.157007007007007,4.297505838782553,0.8595011682244538,0.0,1.0
5.167467467467467,4.306222889187992,0.8612445782794751,0.0,1.0
5.177927927927927,4.314939939580055,0.8629879883478715,0.0,1.0
5.188388388388388,4.323656989970648,0.8647313984177396,0.0,1.0
5.198848848848848,4.332374040345271,0.8664748085035772,0.0,1.0
5.209309309309309,4.34109109073863,0.8682182185706786,0.0,1.0
5.219769769769769,4.349808141133219,0.8699616286365499,0.0,1.0
5.230230230230229,4.358525191536108,0.8717050386941212,0.0,1.0
5.24069069069069,4.367242241929903,0.8734484487607874,0.0,1.0
5.25115115115115,4.375959291969761,0.8751918591813892,0.0,1.0
5.261611611611611,4.384676341427059,0.8769352701845525,0.0,1.0
5.2720720720720715,4.393393390876907,0.8786786811951641,0.0,1.0
5.282532532532532,4.4021104403191975,0.8804220922133341,0.0,1.0
5.292992992992993,4.4108274897549995,0.8821655032379931,0.0,1.0
5.303453453453453,4.419544539181861,0.8839089142715917,0.0,1.0
5.313913913913913,4.428261588603017,0.8856523253108959,0.0,1.0
5.324374374374374,4.4369786380151055,0.8873957363592684,0.0,1.0
5.334834834834834,4.44569568742187,0.8891391474129637,0.0,1.0
5.345295295295295,4.4544127368218085,0.8908825584734865,0.0,1.0
5.355755755755755,4.463129786215749,0.8926259695400063,0.0,1.0
5.366216216216215,4.471846835602553,0.8943693806136626,0.0,1.0
5.376676676676676,4.4805638849837415,0.8961127916929348,0.0,1.0
5.387137137137136,4.489280934359829,0.8978562027773078,0.0,1.0
5.397597597597597,4.497997983729365,0.8995996138682321,0.0,1.0
5.4080580580580575,4.506715033093367,0.9013430249646905,0.0,1.0
5.418518518518518,4.515624972421199,0.9028935460973182,0.0002563618414581874,1.0
5.428978978978979,4.524875754018116,0.9041032249608625,0.0009644305154679234,1.0
5.439439439439439,4.534141911677392,0.9052975277620465,0.001691016741080915,1.0
5.449899899899899,4.5434237015527135,0.9064761983471854,0.002436424084716888,1.0
5.46036036036036,4.552721493397948,0.9076388669624116,0.00320110789600543,1.0
5.47082082082082,4.562035198000895,0.9087856228199254,0.003984916391736679,1.0
5.481281281281281,4.57136506818409,0.9099162130971914,0.004788153138330361,1.0
5.491741741741741,4.580711585081868,0.9110301566598729,0.005611425268625924,1.0
5.502202202202201,4.5900743110949405,0.9121278911072608,0.006454125649783921,1.0
5.512662662662662,4.599453724511757,0.9132089381509054,0.007316861414643801,1.0
5.523123123123122,4.608849613647867,0.9142735094752554,0.008199328996785838,1.0
5.533583583583583,4.618262454167461,0.9153211294161228,0.009102135529049486,1.0
5.5440440440440435,4.627692031064513,0.9163520129795302,0.010024977445015015,1.0
5.554504504504504,4.637138587210142,0.9173659172943616,0.010968158311102153,1.0
5.564964964964965,4.646601903978082,0.9183630609868825,0.011931374560891175,1.0
5.575425425425425,4.65608199085194,0.9193434345734843,0.012914626194382077,1.0
5.585885885885885,4.66557908576759,0.9203068001182952,0.013918216777994591,1.0
5.596346346346346,4.6750931949619465,0.9212531513843993,0.014942146311728712,1.0
5.606806806806806,4.684623862500792,0.9221829443060141,0.015985807662744992,1.0
5.617267267267267,4.6941713212588825,0.9230959460083845,0.017049504397463156,1.0
5.627727727727727,4.703735572299818,0.9239921554279089,0.0181332365158832,1.0
5.638188188188187,4.713316384754074,0.9248718034341135,0.019236700451585403,1.0
5.648648648648648,4.722913526087816,0.9257351225608321,0.02035959263815004,1.0
5.659109109109108,4.732527222737646,0.9265818863714621,0.021502216641996835,1.0
5.6695695695695685,4.742157239026521,0.9274123305430475,0.022664268896706058,1.0
5.6800300300300295,4.751803107537397,0.9282269224926321,0.02384514226943827,1.0
5.69049049049049,4.761465050188179,0.9290254403023104,0.02504514032661318,1.0
5.700950950950951,4.771142596796461,0.9298083541544893,0.02626365593539135,1.0
5.711411411411411,4.780835966132981,0.9305754452784294,0.027500992662192504,1.0
5.721871871871871,4.79054468496763,0.931327186904241,0.028756543374177185,1.0
5.732332332332332,4.800268510453929,0.932063821878403,0.030030004504925666,1.0
5.742792792792792,4.810007427830632,0.93278536496216,0.03132137605443796,1.0
5.753253253253253,4.819761191268858,0.9334920619843947,0.03263035445629433,1.0
5.763713713713713,4.829529783735284,0.9341839299784294,0.03395693971049478,1.0
5.774174174174173,4.839312268117422,0.9348619060567511,0.035299917551360395,1.0
5.784634634634634,4.849109085401093,0.9355255492335415,0.03665989511173065,1.0
5.795095095095094,4.858920215706888,0.9361748793882061,0.03803687239160553,1.0
5.8055555555555545,4.868744720229858,0.9368108353256961,0.039429635125306145,1.0
5.8160160160160155,4.878582578225055,0.9374334377909603,0.040838183312832475,1.0
5.826476476476476,4.88843376801036,0.9380427084661154,0.04226251695418454,1.0
5.836936936936937,4.8982978087488664,0.9386391281880702,0.043702028916522875,1.0
5.847397397397397,4.908174677691741,0.939222719705656,0.045156719199847484,1.0
5.857857857857857,4.918063893545661,0.9397939643121962,0.04662598067131892,1.0
5.868318318318318,4.927965890150209,0.9403524281681088,0.04811042046377663,1.0
5.878778778778778,4.937879270872389,0.9408995079063889,0.04960821717870227,1.0
5.889239239239239,4.947804926040927,0.9414343131983118,0.051120585081774715,1.0
5.899699699699699,4.957741916775115,0.9419577829245842,0.0526463099073151,1.0
5.910160160160159,4.967690218434054,0.9424699417261051,0.05418539165532339,1.0
5.92062062062062,4.977649805758947,0.9429708148616731,0.055737830325799625,1.0
5.93108108108108,4.9876201973335945,0.9434608837474858,0.05730301878590431,1.0
5.9415415415415405,4.997601367748131,0.9439401737934094,0.05888095703563748,1.0
5.9520020020020015,5.0075923812699745,0.9444096207320269,0.060470430809320214,1.0
5.962462462462462,5.017594122673113,0.9448683397893483,0.062072654372631424,1.0
5.972922922922923,5.027605656676111,0.9453172662468114,0.06368641345989219,1.0
5.983383383383383,5.037626958091594,0.9457564252917887,0.06531170807110254,1.0
5.993843843843843,5.047658001336021,0.9461858425078216,0.06694853820626245,1.0
6.004304304304304,5.057698307368825,0.946605996935479,0.06859629673253248,1.0
6.014764764764764,5.06774739835427,0.9470173664104937,0.07025437651707317,1.0
6.025225225225224,5.077806154425673,0.9474190707995511,0.07192399182556344,1.0
6.035685685685685,5.087873193006483,0.9478124926792022,0.07360332125948492,1.0
6.046146146146145,5.0979489417802535,0.9481972043658917,0.07529297195167708,1.0
6.056606606606606,5.1080329245068405,0.9485736820997657,0.07699233676930044,1.0
6.067067067067066,5.118125116936288,0.9489419501307781,0.07870141571235503,1.0
6.0775275275275265,5.128225494587533,0.9493020329399933,0.08042020878084082,1.0
6.0879879879879875,5.138333583026379,0.949654404961608,0.0821481088419184,1.0
6.098448448448448,5.1484493586297,0.9499990898187471,0.08388511589558771,1.0
6.108908908908909,5.158572797555897,0.9503361113530113,0.08563122994184881,1.0
6.119369369369369,5.168703427443438,0.9506659419259309,0.08738584384786222,1.0
6.129829829829829,5.178841225455698,0.9509886043741309,0.08914895761362794,1.0
6.14029029029029,5.188986168591544,0.9513041216987457,0.09092057123914597,1.0
6.15075075075075,5.199138233700957,0.9516125170497931,0.09270068472441632,1.0
6.16121121121121,5.209296951015546,0.9519142601956645,0.09448869093659953,1.0
6.171671671671671,5.219461852541734,0.9522098191299371,0.09628398274285617,1.0
6.182132132132131,5.229633808585947,0.9524983235461839,0.0980877744088651,1.0
6.192592592592592,5.2398119054362144,0.9527806871563778,0.09989885166894744,1.0
6.203053053053052,5.249996122189171,0.9530569308638812,0.10171721452310321,1.0
6.213513513513512,5.260186437872779,0.9533270756407335,0.10354286297133239,1.0
6.2239739739739735,5.270382387905176,0.9535915860687973,0.10537518988079551,1.0
6.234434434434434,5.280584838669513,0.9538495957649209,0.10721540951717154,1.0
6.244894894894895,5.2907924399077935,0.9541024549871011,0.10906170048194205,1.0
6.255355355355355,5.30100605735387,0.9543492980014845,0.11091527704078596,1.0
6.265815815815815,5.311224786681119,0.9545910291346962,0.11277492492802439,1.0
6.276276276276276,5.321449050503659,0.9548272257726165,0.11464125127649678,1.0
6.286736736736736,5.331678828879675,0.9550579078570607,0.11651425608620315,1.0
6.297197197197196,5.341913661893826,0.9552835353033702,0.11839333222430398,1.0
6.307657657657657,5.352153531078119,0.9555041265795383,0.12027847969079937,1.0
6.318118118118117,5.362398417928976,0.9557197001891415,0.12216969848568926,1.0
6.328578578578578,5.372648303910303,0.9559302746682752,0.12406698860897365,1.0
6.339039039039038,5.382902732659647,0.9561363063793911,0.12596974292781307,1.0
6.349499499499498,5.393162124451214,0.9563373750482844,0.1278785685750471,1.0
6.359959959959959,5.4034260239487955,0.956533936011164,0.1297928584178361,1.0
6.37042042042042,5.4136948503062605,0.956725570114159,0.1317132195890196,1.0
6.380880880880881,5.423967713599658,0.9569131672812228,0.13363843782291876,1.0
6.391341341341341,5.434245033502615,0.957096307838726,0.13556912025237297,1.0
6.401801801801801,5.444526792957422,0.9572750088443787,0.13750526687738224,1.0
6.412262262262262,5.4548129748998795,0.9574492873623823,0.13944687769794653,1.0
6.422722722722722,5.4651031288229674,0.9576195938997545,0.14139334558122646,1.0
6.433183183183182,5.475397672185968,0.9577855109972138,0.14334527766006144,1.0
6.443643643643643,5.485696155582914,0.9579474880607295,0.14530206680161203,1.0
6.454104104104103,5.495998563601086,0.9581055405030172,0.14726371300587826,1.0
6.464564564564564,5.506304880824006,0.9582596837405584,0.14923021627286007,1.0
6.475025025025024,5.516615091851144,0.95840993317388,0.15120157660255748,1.0
6.485485485485484,5.526929181277318,0.9585563042081668,0.1531777939949705,1.0
6.495945945945945,5.5372467041955336,0.9586992417504119,0.15515826131725968,1.0
6.5064064064064056,5.547568504814665,0.9588379015917408,0.15714419283510395,1.0
6.516866866866866,6.202896472628366,0.31397039423849993,0.9756312056565352,0.0
6.527327327327327,6.212854157860145,0.31447316946718207,0.9756390983834481,0.0
6.537787787787787,6.222811892455136,0.31497589533265113,0.9756472946767807,0.0
6.548248248248248,6.232769680127725,0.3154785681205228,0.9756551874036935,0.0
6.558708708708708,6.242727421674232,0.31598128703447603,0.9756633836970261,0.0
6.569169169169168,6.252685212946605,0.3164839562225632,0.9756718835567784,0.0
6.579629629629629,6.262642961446461,0.31698666818316834,0.9756800798501111,0.0
6.590090090090089,6.2726007598204685,0.3174893302696207,0.9756885797098633,0.0
6.60055055055055,6.282558561792853,0.3179919887576972,0.9756970795696156,0.0
6.61101101101101,6.29251637227668,0.3184946387343306,0.975705579429368,0.0
6.62147147147147,6.302474238574273,0.31899723289719706,0.9757143828555399,0.0
6.631931931931931,6.3124321091513655,0.3194998227805659,0.975723186281712,0.0
6.6423923923923915,6.322389983996407,0.32000240839598426,0.9757319897078841,0.0
6.652852852852852,6.332347863107979,0.3205049897448724,0.975740793134056,0.0
6.663313313313313,6.342305746504154,0.32100756680915854,0.9757495965602282,0.0
6.673773773773773,6.352263681186474,0.3215100925872987,0.9757587035528199,0.0
6.684234234234234,6.362221667368797,0.3220125668654372,0.9757681141118314,0.0
6.694694694694694,6.372179610953558,0.3225150837411359,0.9757772211044232,0.0
6.705155155155154,6.382137606197648,0.32301754895750623,0.9757866316634347,0.0
6.715615615615615,6.392095605996402,0.32352000961921323,0.9757960422224461,0.0
6.726076076076075,6.402053610345884,0.32402246573019156,0.9758054527814576,0.0
6.736536536536536,6.4120116667402165,0.32452486979631967,0.9758151669068889,0.0
6.746996996996996,6.421969680300792,0.3250273166962039,0.9758245774659003,0.0
6.757457457457456,6.4319277936325525,0.3255296638249039,0.9758345951577513,0.0
6.767917917917917,6.441885864065855,0.326032053852062,0.9758443092831826,0.0
6.7783783783783775,6.451843986846749,0.3265343915316281,0.9758543269750335,0.0
6.788838838838838,6.461802114465864,0.3270367243729737,0.9758643446668844,0.0
6.799299299299299,6.471760246937755,0.32753905236154335,0.9758743623587354,0.0
6.809759759759759,6.481718432221426,0.32804132753833315,0.975884683617006,0.0
6.82022022022022,6.491676615415102,0.3285436048051178,0.9758950048752766,0.0
6.83068068068068,6.5016348588280914,0.32904582185258846,0.9759056296999671,0.0
6.84114114114114,6.5115930591920534,0.3295480819490866,0.9759159509582377,0.0
6.851601601601601,6.521551361092622,0.3300502405089789,0.9759268793493479,0.0
6.862062062062061,6.531509619931898,0.33055244213016355,0.9759375041740381,0.0
6.872522522522522,6.541467932318287,0.3310545902042348,0.9759484325651484,0.0
6.882982982982982,6.551426250007112,0.3315567329758702,0.9759593609562585,0.0
6.893443443443442,6.561384572976083,0.3320588704673595,0.9759702893473685,0.0
6.903903903903903,6.571342949854104,0.33256095404979913,0.9759815213048985,0.0
6.9143643643643635,6.58130133218056,0.3330630321838033,0.9759927532624283,0.0
6.924824824824824,6.591259768715018,0.3335650561098058,0.9760042887863778,0.0
6.935285285285285,6.601218210826533,0.3340670744587513,0.9760158243103274,0.0
6.945745745745745,6.611176664531856,0.33456908121388906,0.976027359834277,0.0
6.956206206206206,6.621135166657317,0.3350710395488887,0.9760391989246463,0.0
6.966666666666666,6.631093674509055,0.33557299215761116,0.9760510380150156,0.0
6.977127127127126,6.64105218807739,0.33607493904973573,0.976062877105385,0.0
6.987587587587587,6.651010756576861,0.336576831010726,0.9760750197621739,0.0
6.998048048048047,6.660969380231389,0.33707866781665796,0.9760874659853827,0.0
7.008508508508507,6.670927960542671,0.33758054796583625,0.9760996086421717,0.0
7.018968968968968,6.680886596153085,0.33808237281588305,0.9761120548653804,0.0
7.029429429429428,6.690845287278442,0.3385841421509861,0.9761248046550088,0.0
7.039889889889889,6.700803984566295,0.3390859053235946,0.9761375544446373,0.0
7.0503503503503495,6.710762688014378,0.3395876623359717,0.9761503042342659,0.0
7.06081081081081,6.720721447344487,0.3400893634663227,0.976163357590314,0.0
7.071271271271271,6.730680212983143,0.34059105828812797,0.9761764109463622,0.0
7.081731731731731,6.740639034797423,0.3410926969343073,0.9761897678688302,0.0
7.092192192192192,6.750597863059765,0.3415943291324268,0.9762031247912981,0.0
7.102652652652652,6.7605567477982795,0.34209590485437236,0.9762167852801857,0.0
7.113113113113112,6.770515639129585,0.3425974739835267,0.9762304457690734,0.0
7.123573573573573,6.780474537062783,0.34309903651079043,0.976244106257961,0.0
7.134034034034033,6.790433491829826,0.3436005422042072,0.9762580703132684,0.0
7.144494494494493,6.800392503654337,0.3441019908401559,0.9762723379349955,0.0
7.154954954954954,6.810351522367374,0.3446034325875802,0.9762866055567225,0.0
7.165415415415414,6.820310548148803,0.3451048672666115,0.9763008731784497,0.0
7.175875875875875,6.830269639901277,0.34560623597459816,0.9763154443665965,0.0
7.1863363363363355,6.840228789245457,0.3461075470908783,0.9763303191211631,0.0
7.196796796796796,6.850187945713978,0.34660885108281736,0.9763451938757296,0.0
7.207257257257257,6.860147109295738,0.3471101479615184,0.9763600686302961,0.0
7.217717717717717,6.870106330797932,0.34761138691978477,0.9763752469512825,0.0
7.228178178178178,6.880065610424489,0.34811256775368893,0.9763907288386884,0.0
7.238638638638638,6.890024791877893,0.3486138467607445,0.9764062107260945,0.0
7.249099099099098,6.899984137083976,0.34911496201512193,0.9764219961799201,0.0
7.259559559559559,6.909943517569856,0.3496160419897034,0.976437781633746,0.0
7.270020020020019,6.9199029217057495,0.3501170983142696,0.9764538706539914,0.0
7.280480480480479,6.929862325574217,0.3506181549062619,0.9764699596742368,0.0
7.29094094094094,6.939821775236106,0.3511191657048345,0.976486352260902,0.0
7.3014014014014,6.949781286515216,0.3516201148861846,0.9765030484139868,0.0
7.311861861861861,6.9597409146650655,0.3521209471967959,0.9765197445670717,0.0
7.3223223223223215,6.96970049820687,0.3526218241154515,0.9765367442865764,0.0
7.332782782782782,6.9796600920951555,0.35312269068762614,0.976553744006081,0.0
7.343243243243243,6.98961975834114,0.35362348490210227,0.9765710472920054,0.0
7.353703703703703,6.999579466033569,0.3541242376701339,0.9765886541443496,0.0
7.364164164164164,7.009539194424021,0.3546249697401427,0.9766062609966935,0.0
7.374624624624624,7.019498985184372,0.355125639440252,0.9766241714154573,0.0
7.385085085085084,7.029458838384338,0.35562624670074605,0.976642385400641,0.0
7.395545545545545,7.039418702127284,0.3561268434182612,0.9766605993858244,0.0
7.406006006006005,7.049378628481679,0.35662737752432605,0.9766791169374276,0.0
7.416466466466465,7.059338617604145,0.3571278488623202,0.9766979380554507,0.0
7.426926926926926,7.069298617940427,0.35762830898649955,0.9767167591734736,0.0
7.437387387387386,7.07925868035342,0.35812870703396626,0.9767358838579163,0.0
7.447847847847847,7.089218805987609,0.3586290418602385,0.9767553121087788,0.0
7.4583083083083075,7.099178938514264,0.35912936979404364,0.976775043926061,0.0
7.468768768768768,7.109139195034033,0.35962957373473436,0.9767947757433431,0.0
7.479229229229229,7.119099458658968,0.36012977057026063,0.9768148111270449,0.0
7.489689689689689,7.129059786057794,0.36062990363189495,0.9768351500771666,0.0
7.500150150150149,7.13902006817918,0.36113008197096885,0.9768557925937079,0.0
7.51061061061061,7.148980470627365,0.36163013998324445,0.9768764351102492,0.0
7.52107107107107,7.15894093719435,0.36213013387672,0.9768973811932103,0.0
7.531531531531531,7.168879139931987,0.36265239159954366,0.976918630842591,6.465964740153216e-05
7.541991991991991,7.178760098885601,0.3632318931063905,0.9769398804919718,0.0002947629935534635
7.552452452452451,7.188640011588386,0.3638124408640655,0.9769617372741921,0.0005275984374829245
7.562912912912912,7.198518820716959,0.364394092195953,0.9769835940564123,0.0007630141959800522
7.573373373373372,7.2083964173056545,0.36497695606771785,0.9770054508386327,0.001001313835464572
7.583833833833833,7.218272956983034,0.3655608768507994,0.9770279147536923,0.0012423455727266215
7.5942942942942935,7.228148276631833,0.36614601766246047,0.9770503786687519,0.001486261190976063
7.604754754754754,7.238022479326555,0.3667322754281983,0.9770734497166511,0.001733060690212897
7.615215215215215,7.247895401347285,0.36731981386792967,0.9770965207645503,0.001982895853646986
7.625675675675675,7.257767145048826,0.36790853062684903,0.9771198953788691,0.0022356148980684676
7.636136136136135,7.267637653788916,0.3684984823472188,0.9771435735596077,0.002491369606687204
7.646596596596596,7.277506923429966,0.3690896731666298,0.977167555306766,0.0027501599795031954
7.657057057057056,7.287374950162238,0.3696821068948184,0.977191840620344,0.0030119860165164413
7.667517517517517,7.297241676527056,0.37027584099046074,0.9772164295003418,0.003276999500936806
7.677977977977977,7.3071070450297375,0.3708709329482396,0.9772413219467593,0.0035453522159741508
7.688438438438437,7.316971051371283,0.3714673870671543,0.9772665179595965,0.003817044161628476
7.698898898898898,7.326833798076133,0.37206510082276534,0.9772920175388535,0.004091771771480056
7.709359359359358,7.336695173791547,0.3726641855678112,0.9773178206845302,0.004369838611948617
7.719819819819819,7.346555066412503,0.3732647534073159,0.9773439273966266,0.004651548249453883
7.7302802802802795,7.356413573288689,0.3738667069915902,0.9773703376751427,0.004936597117576132
7.74074074074074,7.366270558859917,0.3744701818808229,0.9773970515200785,0.005225288782735085
7.751201201201201,7.376126157720244,0.37507504348095644,0.9774240689314341,0.005517623244930744
7.761661661661661,7.385980248102682,0.3756814135589783,0.9774513899092094,0.005813296937743384
7.772122122122121,7.395832777783171,0.3762893443389501,0.9774793180198241,0.006112916994012456
7.782582582582582,7.405683853949199,0.3768987286333827,0.9775072461304388,0.006416179847318234
7.793043043043042,7.077642324022337,0.715400719020705,0.9767328481937191,0.9980609694940035
7.803503503503503,7.0870842693969545,0.7164192341065485,0.9767513657453224,0.9982585912332447
7.813963963963963,7.096525320012546,0.7174386439514171,0.9767698832969256,0.9984584897206339
7.824424424424423,7.105965502210915,0.7184589222135083,0.9767884008485288,0.9986603613897512
7.834884884884884,7.115405074618278,0.7194798102666065,0.9768075255329716,0.9988646615902267
7.845345345345344,7.124843723930869,0.720501621414475,0.9768266502174143,0.9990710867556399
7.8558058058058045,7.13428140800928,0.7215243977965242,0.9768457749018569,0.9992796368859913
7.8662662662662655,7.143718444132351,0.7225478221339143,0.9768655067191392,0.9994906155477006
7.876726726726726,7.153154569027918,0.7235721576988077,0.9768852385364213,0.9997038709575577
7.887187187187187,7.162589824917207,0.7245973622699795,0.9769052739201232,0.9999195548987727
7.897647647647647,7.172069556180629,0.7255780914670176,0.9769256128702448,1.0
7.908108108108107,7.181575875200532,0.7265322329075747,0.9769462553867861,1.0
7.918568568568568,7.191082212274111,0.7274863562944569,0.9769668979033275,1.0
7.929029029029028,7.200588770576019,0.7284402584530092,0.9769881475527082,1.0
7.939489489489489,7.210095347500095,0.7293941419893937,0.977009397202089,1.0
7.949949949949949,7.219602044948333,0.730347905001616,0.9770309504178896,1.0
7.960410410410409,7.229108863290924,0.731301547119485,0.9770528072001098,1.0
7.97087087087087,7.238615700721444,0.7322551701494264,0.97707466398233,1.0
7.98133133133133,7.248122761848833,0.733208569482497,0.9770971278973897,1.0
7.9917917917917904,7.25762984266174,0.7341619491300504,0.9771195918124493,1.0
8.002252252252251,7.267137045737433,0.7351152065148181,0.9771423592939288,1.0
8.012712712712712,7.2766443713890565,0.736068341323656,0.9771654303418279,1.0
8.023173173173172,7.286151819990158,0.7370213531830139,0.9771888049561468,1.0
8.033633633633633,7.29565939205411,0.737974241579523,0.9772124831368854,1.0
8.044094094094094,7.305167087848301,0.7389270062457927,0.9772364648840437,1.0
8.054554554554553,7.314674907923244,0.7398796466313087,0.9772607501976218,1.0
8.065015015015014,7.324182749224165,0.740832265790849,0.9772850355111997,1.0
8.075475475475475,7.33369081865654,0.7417846568189352,0.9773099279576173,1.0
8.085935935935934,7.3431989100392006,0.7427370258967336,0.9773348204040347,1.0
8.096396396396395,7.352707231045478,0.7436891653509168,0.9773603199832916,1.0
8.106856856856856,7.36221557312689,0.7446412837299663,0.9773858195625487,1.0
8.117317317317317,7.371724145427134,0.7455931718901834,0.977411926274645,1.0
8.127777777777776,7.381232843988161,0.7465449337896155,0.9774383365531611,1.0
8.138238238238237,7.39074152754927,0.7474967106889672,0.9774647468316773,1.0
8.148698698698698,7.400250554550816,0.7484481441478827,0.9774917642430327,1.0
8.159159159159158,7.409759595873923,0.7493995632852348,0.9775190852208082,1.0
8.169619619619619,7.419268765654989,0.7503508539646297,0.9775467097650032,1.0
8.18008008008008,7.428778178790617,0.7513019012894624,0.9775746378756178,1.0
8.190540540540539,7.438287619461725,0.7522529210788136,0.9776028695526524,1.0
8.201001001001,7.447797218134725,0.753203782866275,0.9776314047961067,1.0
8.211461461461461,7.457306947013452,0.7541545144480093,0.9776602436059806,1.0
8.22192192192192,7.466816911765859,0.7551050101560612,0.9776896895486938,1.0
8.232382382382381,7.4763270077607915,0.7560553746215897,0.977719439057827,1.0
8.242842842842842,7.4858372353862155,0.7570056074566267,0.9777494921333798,1.0
8.253303303303303,7.49534759500462,0.7579557082986836,0.9777798487753524,1.0
8.263763763763762,7.504858192797529,0.7589055709662338,0.9778108125501643,1.0
8.274224224224223,7.514368923519804,0.7598553007044195,0.9778420798913962,1.0
8.284684684684684,7.523879787533727,0.7608048971509573,0.9778736507990475,1.0
8.295145145145144,7.533390813142716,0.761754332002428,0.9779055252731187,1.0
8.305605605605605,7.542901990828006,0.7627036147775987,0.9779380068800294,1.0
8.316066066066066,7.552413364544466,0.7636527015215995,0.9779707920533598,1.0
8.326526526526525,7.561925008218766,0.7646015183077592,0.9780041843595295,1.0
8.336986986986986,7.571436756461622,0.7655502305253643,0.978037880232119,1.0
8.347447447447447,7.580948639902286,0.7664988075451609,0.9780718796711283,1.0
8.357907907907906,7.590460765538296,0.7674471423696101,0.978106486242977,1.0
8.368368368368367,7.5999730266453875,0.7683953417229796,0.9781413963812454,1.0
8.378828828828828,7.609485530439317,0.7693432983895114,0.9781769136523533,1.0
8.38928928928929,7.6189982772348905,0.7702910120543986,0.9782130380563006,1.0
8.399749749749748,7.628511052287971,0.7712386974617775,0.978249162460248,1.0
8.41021021021021,7.638024294443282,0.7721859157669275,0.9782861975634545,1.0
8.42067067067067,7.6475375555780625,0.773133115092608,0.9783235362330807,1.0
8.43113113113113,7.657051059656739,0.7740800714743905,0.9783614820355464,1.0
8.44159159159159,7.666564726811277,0.7750268647803136,0.9783997314044317,1.0
8.452052052052052,7.67607875708756,0.7759732949644915,0.9784388914725763,1.0
8.462512512512511,7.685592821607127,0.7769196909053839,0.9784780515407209,1.0
8.472972972972972,7.695107245620063,0.7778657273529088,0.9785181223081247,1.0
8.483433433433433,7.7046218133278135,0.7788116201056194,0.9785584966419483,1.0
8.493893893893892,7.714136742501282,0.7797571513926105,0.978599781675031,1.0
8.504354354354353,7.723651816844143,0.7807025375102103,0.9786413702745334,1.0
8.514814814814814,7.733167145785115,0.7816476690296987,0.9786835660068752,1.0
8.525275275275273,7.742682621195253,0.7825926540800205,0.9787260653056368,1.0
8.535735735735734,7.752198461966471,0.7835372737692632,0.9787694753036575,1.0
8.546196196196195,7.761714560163523,0.7844816360326723,0.9788134924345178,1.0
8.556656656656656,7.771230916782866,0.7854257398737907,0.9788581166982173,1.0
8.567117117117116,7.780747497032863,0.7863696200842529,0.9789033480947564,1.0
8.577577577577577,7.790264241291642,0.7873133362859344,0.9789488830577152,1.0
8.588038038038038,7.799781365844631,0.7882566721934063,0.9789953287199331,1.0
8.598498498498497,7.809298860537995,0.7891996379605022,0.9790426850814105,1.0
8.608958958958958,7.818816506404594,0.7901424525543641,0.9790903450093074,1.0
8.619419419419419,7.82833441399163,0.7910850054277887,0.9791386120700436,1.0
8.629879879879878,7.837852694493701,0.7920271853861776,0.9791877898300392,1.0
8.64034034034034,7.8473712193199745,0.7929691210203647,0.9792375747228741,1.0
8.6508008008008,7.85689013437418,0.79391066642662,0.9792882703149683,1.0
8.66126126126126,7.8664093142161775,0.7948519470450819,0.9793395730399019,1.0
8.67172172172172,7.875928759558143,0.7957929621635778,0.9793914828976751,1.0
8.682182182182181,7.885448582113097,0.7967336000690848,0.9794443034547072,1.0
8.692642642642642,7.894968671886463,0.7976739707561791,0.9794977311445789,1.0
8.703103103103102,7.904489140837716,0.7986139622653861,0.9795520695337099,1.0
8.713563563563563,7.914009990088115,0.799553573475448,0.9796073186220999,1.0
8.724024024024024,7.923531109276742,0.8004929147472817,0.9796631748433293,1.0
8.734484484484483,7.933052731763247,0.8014317527212356,0.979719941763818,1.0
8.744944944944944,7.942574616841141,0.8023703281038026,0.9797776193835659,1.0
8.755405405405405,7.952096774653648,0.803308630751757,0.9798359041361532,1.0
8.765865865865864,7.961619429997801,0.8042464358680634,0.9798954031544194,1.0
8.776326326326325,7.971142360203946,0.805183966122379,0.979955509305525,1.0
8.786786786786786,7.980665636678841,0.8061211501079448,0.9800165261558899,1.0
8.797247247247245,7.990189508090965,0.8070577391562805,0.9800787572719336,1.0
8.807707707707706,7.999713658239538,0.8079940494681681,0.9801415955208168,1.0
8.818168168168167,8.009238190320977,0.8089299778471908,0.9802056480353788,1.0
8.828628628628628,8.01876323026724,0.8098653983613886,0.9802706112492001,1.0
8.839089089089088,8.028288631571511,0.8108004575175762,0.9803364851622806,1.0
8.849549549549549,8.037814428442784,0.8117351211067643,0.9804032697746201,1.0
8.86001001001001,8.047340735159741,0.8126692748502684,0.9804712686526386,1.0
8.870470470470469,8.056867439990164,0.813603030480305,0.9805401782299163,1.0
8.88093093093093,8.06639465745193,0.8145362734789998,0.9806103020728729,1.0
8.891391391391391,8.075922275585485,0.8154691158059055,0.9806813366150886,1.0
8.90185185185185,8.085450472436687,0.8164013794151632,0.9807538889894031,1.0
8.912312312312311,8.09497910524304,0.8173332070692716,0.9808270484965569,1.0
8.922772772772772,8.104508252259313,0.8182645205134591,0.9809017258358095,1.0
8.933233233233231,8.114037956297155,0.8191952769360764,0.9809776174407409,1.0
8.943693693693692,8.123568008422245,0.8201256852714476,0.9810544197449313,1.0
8.954154154154153,8.133098733978327,0.821055420175826,0.9811327398812205,1.0
8.964614614614614,8.142629988131363,0.8219846264832515,0.9812122742831885,1.0
8.975075075075074,8.152161657557846,0.8229134175172277,0.9812927193844158,1.0
8.985535535535535,8.161694087027124,0.8238414485084107,0.9813749858841615,1.0
8.995995995995996,8.17122693455104,0.8247690614449557,0.9814581630831662,1.0
9.006456456456455,8.180760429783835,0.8256960266726203,0.9815428581142697,1.0
9.016916916916916,8.190294575243717,0.8266223416731986,0.9816290709774717,1.0
9.027377377377377,8.199829257429165,0.8275481199482115,0.9817164981063526,1.0
9.037837837837836,8.209364592865823,0.8284732449720131,0.9818054430673322,1.0
9.048298298298297,8.218900457921242,0.8293978403770552,0.9818959058604104,1.0
9.058758758758758,8.228437104506728,0.83032165425203,0.9819878864855872,1.0
9.069219219219217,8.237974400214698,0.8312448190045192,0.9820813849428627,1.0
9.079679679679678,8.24751233635826,0.8321673433214176,0.9821764012322367,1.0
9.09014014014014,8.25705093228658,0.8330892078535594,0.9822729353537094,1.0
9.1006006006006,8.266590305924218,0.8340102946763821,0.9823712908737006,1.0
9.11106106106106,8.27613034324335,0.8349307178177092,0.9824711642257903,1.0
9.12152152152152,8.285671046299706,0.8358504752218145,0.9825725554099785,1.0
9.131981981981982,8.295212649295525,0.8367693326864565,0.982676071559105,1.0
9.14244244244244,8.30475492213257,0.8376875203098706,0.9827811055403299,1.0
9.152902902902902,8.314297983083705,0.8386049198191969,0.9828879609200734,1.0
9.163363363363363,8.323841834473841,0.8395215288895219,0.982996637698335,1.0
9.173823823823822,8.333386478503838,0.8404373453199838,0.9831071358751151,1.0
9.184284284284283,8.342932058923278,0.8413522253610051,0.9832197590168332,1.0
9.194744744744744,8.352478371258993,0.8422663734857512,0.9833342035570699,1.0
9.205205205205203,8.362025478307498,0.8431797268977057,0.9834504694958247,1.0
9.215665665665664,8.371573745516251,0.8440919201494133,0.9835691639659374,1.0
9.226126126126125,8.381122687569386,0.8450034385567395,0.9836896798345685,1.0
9.236586586586586,8.390672681695355,0.8459139048912316,0.9838123206681375,1.0
9.247047047047046,8.400223585791998,0.8468234612550471,0.9839373900330644,1.0
9.257507507507507,8.409775356030732,0.8477321514767748,0.9840642807965096,1.0
9.267967967967968,8.419328175734629,0.8486397922333389,0.9841936000913127,1.0
9.278428428428427,8.428882047756165,0.8495463806722618,0.9843253479174736,1.0
9.288888888888888,8.43843697483474,0.8504519140541476,0.9844595242749923,1.0
9.299349349349349,8.4479928414063,0.8513565079430485,0.9845958255974491,1.0
9.309809809809808,8.45754988923106,0.8522599205787476,0.9847348590176832,1.0
9.320270270270269,8.467107972882859,0.85316229738741,0.9848763209692754,1.0
9.33073073073073,8.476667161556783,0.8540635691739471,0.9850202114522253,1.0
9.34119119119119,8.48622752806435,0.8549636631268385,0.9851668340329527,1.0
9.35165165165165,8.495789076828393,0.8558625748232576,0.9853161887114577,1.0
9.362112112112111,8.505351816780525,0.8567602953315863,0.9854682754877402,1.0
9.372572572572572,8.514915749696915,0.8576568228756578,0.9856230943618001,1.0
9.383033033033032,8.524480996690881,0.8585520363421502,0.9857809489000574,1.0
9.393493493493493,8.53404744023503,0.8594460532584627,0.9859415355360922,1.0
9.403953953953954,8.543615450556127,0.860338503397827,0.986105461402744,1.0
9.414414414414413,8.55318453303996,0.8612298813744523,0.9862721193671733,1.0
9.424874874874874,8.562754988592818,0.8621198862820556,0.9864418129957998,1.0
9.435335335335335,8.5723269008401,0.8630084344952351,0.9866148458550434,1.0
9.445795795795794,8.581900273736899,0.8638955220588951,0.9867912179449039,1.0
9.456256256256255,8.591475111300793,0.8647811449554617,0.9869709292653814,1.0
9.466716716716716,8.601051398588677,0.8656653181280394,0.9871539798164759,1.0
9.477177177177175,8.610629169692327,0.8665480074848482,0.9873403695981874,1.0
9.487637637637636,8.620208535531171,0.8674291021064651,0.9875304021769356,1.0
9.498098098098097,8.629789500041035,0.8683085980570624,0.9877240775527204,1.0
9.508558558558557,8.639372187731771,0.8691863708267853,0.9879216992919616,1.0
9.519019019019018,8.648956482123422,0.8700625368955954,0.9881229638282396,1.0
9.529479479479479,8.658542387079253,0.8709370924002258,0.9883278711615543,1.0
9.53993993993994,8.668130148311672,0.8718097916282677,0.9885370284247452,1.0
9.550400400400399,8.677719649261178,0.872680751139221,0.9887501320513925,1.0
9.56086086086086,8.687310894060525,0.8735499668003346,0.9889671820414963,1.0
9.57132132132132,8.69690412934602,0.8744171919753008,0.989188785527896,1.0
9.58178178178178,8.706499238511906,0.8752825432698739,0.9894146389441717,1.0
9.592242242242241,8.716096225997374,0.8761460162448671,0.9896447422903236,1.0
9.602702702702702,8.725695217817618,0.877007484885084,0.9898793991327715,1.0
9.613163163163161,8.735296340425885,0.8778668227372766,0.9901189130379349,1.0
9.623623623623622,8.744899355386078,0.8787242682375442,0.9903626768729745,1.0
9.634084084084083,8.75450463289666,0.8795794511874231,0.9906116013371493,1.0
9.644544544544543,8.764112127159843,0.8804324173847,0.9908653828640399,1.0
9.655005005005004,8.773721767256667,0.8812832377483364,0.9911240214536461,1.0
9.665465465465465,8.78333355444144,0.8821319110240253,0.9913878206723875,1.0
9.675925925925926,8.792947881551024,0.8829780443749016,0.991657084086684,1.0
9.686386386386385,8.802564354206742,0.8838220321796424,0.9919315081301159,1.0
9.696846846846846,8.812183334074039,0.8846635127728071,0.9922113963691028,1.0
9.707307307307307,8.821804861466587,0.8855024458407197,0.9924970523700645,1.0
9.717767767767766,8.831428796052553,0.8863389717152135,0.9927881725665813,1.0
9.728228228228227,8.841055294977645,0.8871729332505822,0.9930850605250727,1.0
9.738688688688688,8.85068448362486,0.8880042050638277,0.9933880198119588,1.0
9.749149149149147,8.860316361306104,0.8888327878430431,0.9936970504272394,1.0
9.759609609609608,8.869950948468386,0.8896586611412225,0.9940121523709144,1.0
9.77007007007007,8.879588358387844,0.8904817116822255,0.9943336292094038,1.0
9.780530530530529,8.889228563091933,0.8913019674385954,0.9946614809427075,1.0
9.79099099099099,8.898871782275751,0.8921192087152381,0.9949960111372448,1.0
9.80145145145145,8.908517877899452,0.8929335735519981,0.9953372197930164,1.0
9.811911911911912,8.918166993649196,0.8937449182627155,0.9956851069100218,1.0
9.82237237237237,8.92781920987574,0.8945531624966314,0.9960399760546808,1.0
9.832832832832832,8.93747465817966,0.8953581746531718,0.9964021307934133,1.0
9.843293293293293,8.94713330851363,0.8961599847796631,0.9967715711262193,1.0
9.853753753753752,8.956795234092105,0.8969585196616467,0.9971482970530986,1.0
9.864214214214213,8.966460574054057,0.8977536401601558,0.9975324603572613,1.0
9.874674674674674,8.976129281494059,0.8985453931806155,0.9979243646051269,1.0
9.885135135135133,8.985801400785554,0.8993337343495789,0.9983240097966956,1.0
9.895595595595594,8.995477073202355,0.9001185223932389,0.9987316994983869,1.0
9.906056056056055,9.005156476401627,0.9008995796544284,0.9991475854934108,1.0
9.916516516516515,9.014839442199014,0.9016770743175009,0.9995716677817673,1.0
9.926976976976976,9.024524535241088,0.9024524417358872,1.0,1.0
9.937437437437437,9.03403404525504,0.9034033921823958,1.0,1.0
9.947897897897898,9.043543585612044,0.9043543122858537,1.0,1.0
9.958358358358357,9.053053006846822,0.9053053515115348,1.0,1.0
9.968818818818818,9.06256257113058,0.906256247688237,1.0,1.0
9.979279279279279,9.072072097791755,0.9072071814875233,1.0,1.0
9.989739739739738,9.081581580172111,0.9081581595676269,1.0,1.0
10.000200200200199,9.091091090312583,0.9091091098876163,1.0,1.0
10.01066066066066,9.100600599794777,0.9100600608658826,1.0,1.0
10.02112112112112,9.110110109410877,0.9110110117102419,1.0,1.0
10.03158158158158,9.119619618814081,0.9119619627674993,1.0,1.0
10.042042042042041,9.129129128368072,0.9129129136739689,1.0,1.0
10.0525025025025,9.138638637886116,0.9138638646163848,1.0,1.0
10.062962962962962,9.148148147474789,0.9148148154881728,1.0,1.0
10.073423423423423,9.157657656938937,0.9157657664844852,1.0,1.0
10.083883883883884,9.16716716634911,0.9167167175347739,1.0,1.0
10.094344344344343,9.17667667404859,0.9176676702957529,1.0,1.0
10.104804804804804,9.186186181751827,0.9186186230529767,1.0,1.0
10.115265265265265,9.195695689458784,0.9195695758064808,1.0,1.0
10.125725725725724,9.205205197169509,0.9205205285562155,1.0,1.0
10.136186186186185,9.214714704883797,0.9214714813023885,1.0,1.0
10.146646646646646,9.2242242126015,0.9224224340451457,1.0,1.0
10.157107107107105,9.233733720322757,0.9233733867843483,1.0,1.0
10.167567567567566,9.243243228047358,0.9243243395202079,1.0,1.0
10.178028028028027,9.25275273577515,0.9252752922528771,1.0,1.0
10.188488488488487,9.262262243506305,0.9262262449821819,1.0,1.0
10.198948948948948,9.271771751240673,0.927177197708275,1.0,1.0
10.209409409409409,9.281281258978025,0.9281281504313839,1.0,1.0
10.21986986986987,9.29079076671842,0.9290791031514498,1.0,1.0
10.230330330330329,9.3003002744618,0.9300300558685279,1.0,1.0
10.24079079079079,9.309809782207932,0.930981008582858,1.0,1.0
10.25125125125125,9.319319289957072,0.931931961294179,1.0,1.0
10.26171171171171,9.328828797708812,0.9328829140028976,1.0,1.0
10.272172172172171,9.338338305463383,0.9338338667087882,1.0,1.0
10.282632632632632,9.347847813220367,0.9347848194122648,1.0,1.0
10.293093093093091,9.35735732098007,0.9357357721130217,1.0,1.0
10.303553553553552,9.366866828742063,0.936686724811489,1.0,1.0
10.314014014014013,9.37637633650664,0.9376376775073734,1.0,1.0
10.324474474474473,9.385885844273433,0.9385886302010391,1.0,1.0
10.334934934934934,9.395395352042533,0.9395395828924009,1.0,1.0
10.345395395395395,9.404904859813765,0.9404905355816293,1.0,1.0
10.355855855855854,9.414414367587316,0.9414414882685378,1.0,1.0
10.366316316316315,9.423923875362885,0.9423924409534301,1.0,1.0
10.376776776776776,9.43343338314052,0.9433433936362565,1.0,1.0
10.387237237237237,9.442942890919953,0.9442943463172835,1.0,1.0
10.397697697697696,9.4524523987014,0.9452452989962961,1.0,1.0
10.408158158158157,9.461961906484628,0.9461962516735287,1.0,1.0
10.418618618618618,9.471471414269642,0.9471472043489761,1.0,1.0
10.429079079079077,9.480980922056366,0.9480981570227112,1.0,1.0
10.439539539539538,9.490490429844723,0.9490491096948155,1.0,1.0
10.45,9.499999937634795,0.9500000623652038,1.0,1.0
