r,f_simulation_mean,valid_trajectories_count
0.0,,0
0.02560828828828829,0.003265613715603343,252
0.05121657657657658,0.006190593470681185,300
0.07682486486486487,0.009286998482577651,300
0.10243315315315316,0.012384729620716328,300
0.12804144144144144,0.015484225182176091,300
0.15364972972972973,0.018585942329470695,300
0.17925801801801802,0.021690315717065964,300
0.2048663063063063,0.02479780094995918,300
0.2304745945945946,0.027908830905238328,300
0.2560828828828829,0.031023857622027126,300
0.28169117117117115,0.034143348706942696,300
0.30729945945945947,0.03726774328169186,300
0.3329077477477478,0.040397504198311576,300
0.35851603603603605,0.0435330747378881,300
0.3841243243243243,0.04667492556478534,300
0.4097326126126126,0.04982352723953176,300
0.43534090090090094,0.05297934678261359,300
0.4609491891891892,0.056142818918396314,300
0.48655747747747746,0.05931445690994077,300
0.5121657657657658,0.06249469787391857,300
0.5377740540540541,0.06568408052449126,300
0.5633823423423423,0.06888302204054558,300
0.5889906306306306,0.07209208041335656,300
0.6145989189189189,0.0753116814107124,300
0.6402072072072073,0.07854238651975379,300
0.6658154954954956,0.08178465311074205,300
0.6914237837837838,0.08503899902127454,300
0.7170320720720721,0.08830594311401017,300
0.7426403603603604,0.09158603947869913,300
0.7682486486486486,0.09487976253042668,300
0.7938569369369369,0.09818766135710766,300
0.8194652252252252,0.10151027599786175,300
0.8450735135135136,0.10484818769430092,300
0.8706818018018019,0.10820193046639347,300
0.8962900900900901,0.1115720220176701,300
0.9218983783783784,0.11495909553881899,300
0.9475066666666667,0.11836369377892755,300
0.9731149549549549,0.12178645828468534,300
0.9987232432432432,0.12522794659266373,300
1.0243315315315316,0.12868873790729515,300
1.0499398198198198,0.13216947857133368,300
1.0755481081081082,0.13567082298379607,300
1.1011563963963964,0.13919334950356838,300
1.1267646846846846,0.14273779957379265,300
1.152372972972973,0.14630468054733206,300
1.1779812612612612,0.14989481927473225,300
1.2035895495495497,0.15350881004727082,300
1.2291978378378379,0.15714736273318414,300
1.254806126126126,0.16081122890338317,300
1.2804144144144145,0.16450113224781807,300
1.3060227027027027,0.16821780762997698,300
1.3316309909909911,0.17196194186074423,300
1.3572392792792793,0.17573442476773868,300
1.3828475675675675,0.1795358331017104,300
1.408455855855856,0.18336715309505625,300
1.4340641441441442,0.18722920080462382,300
1.4596724324324324,0.19112276550032536,300
1.4852807207207208,0.19504872854369543,300
1.510889009009009,0.1990079375854829,300
1.5364972972972972,0.20300131107714517,300
1.5621055855855857,0.20702978968962887,300
1.5877138738738739,0.21109429062831223,300
1.6133221621621623,0.2151956984509972,300
1.6389304504504505,0.2193352669336293,300
1.6645387387387387,0.223513722173616,300
1.6901470270270271,0.2277321474442888,300
1.7157553153153153,0.2319916413324149,300
1.7413636036036038,0.23629341148346517,300
1.766971891891892,0.24063849073035076,300
1.7925801801801802,0.24502779809419778,300
1.8181884684684686,0.2494629887237874,300
1.8437967567567568,0.2539448969419278,300
1.869405045045045,0.25847506737942155,300
1.8950133333333334,0.26305448271090415,300
1.9206216216216216,0.2676845638346927,300
1.9462299099099098,0.2723666627338498,300
1.9718381981981983,0.2771024109468357,300
1.9974464864864865,0.2818930422273676,300
2.0230547747747747,0.28673986475794566,300
2.048663063063063,0.29164474378199,300
2.0742713513513515,0.2966089860642824,300
2.0998796396396395,0.301634451837061,300
2.125487927927928,0.3067226923246343,300
2.1510962162162164,0.31187540164439687,300
2.1767045045045044,0.31709430204263905,300
2.202312792792793,0.3223815855347407,300
2.2279210810810812,0.32773883822245736,300
2.253529369369369,0.3331680049489171,300
2.2791376576576576,0.3386714480913997,300
2.304745945945946,0.34425085398697186,300
2.3303542342342345,0.3499085658247323,300
2.3559625225225225,0.3556470415739688,300
2.381570810810811,0.3614682824850172,300
2.4071790990990993,0.3673751051841998,300
2.4327873873873873,0.37336950858157575,300
2.4583956756756757,0.37945471788259844,300
2.484003963963964,0.3856328070946173,300
2.509612252252252,0.39190687453574713,300
2.5352205405405406,0.39827992865218687,300
2.560828828828829,0.4047551182594459,300
2.586437117117117,0.4113349717430932,300
2.6120454054054054,0.4180235049909649,300
2.637653693693694,0.42482364910682546,300
2.6632619819819823,0.43173896762907155,300
2.6888702702702703,0.43877355467491497,300
2.7144785585585587,0.44593082796633593,300
2.740086846846847,0.4532149484600173,300
2.765695135135135,0.46062982254286067,300
2.7913034234234235,0.46818045563241434,300
2.816911711711712,0.4758712257667082,300
2.84252,0.4837060670754324,300
2.8681282882882884,0.4916911462137534,300
2.893736576576577,0.4998308948537906,300
2.9193448648648648,0.5081312493896756,300
2.944953153153153,0.5165977770717674,300
2.9705614414414416,0.525236249778563,300
2.9961697297297296,0.5340532449439547,300
3.021778018018018,0.5430554581433591,300
3.0473863063063065,0.5522493238193256,300
3.0729945945945945,0.5616424180516956,300
3.098602882882883,0.571242726068786,300
3.1242111711711713,0.5810577079935001,300
3.1498194594594597,0.5910967574672413,300
3.1754277477477477,0.6013674894376106,300
3.201036036036036,0.6118813946307555,300
3.2266443243243246,0.6226465003095928,300
3.2522526126126126,0.6336743463127482,300
3.277860900900901,0.6449760694435073,300
3.3034691891891894,0.6565630146629792,300
3.3290774774774774,0.6684478629536941,300
3.354685765765766,0.6806449324537881,300
3.3802940540540543,0.6931680888007835,300
3.4059023423423422,0.7060301253825445,300
3.4315106306306307,0.7192499671895155,300
3.457118918918919,0.7328443490264813,300
3.4827272072072075,0.7468271789300994,300
3.5083354954954955,0.7612255644369289,300
3.533943783783784,0.7760538897981724,300
3.5595520720720724,0.791334546607074,300
3.5851603603603603,0.8070967363879556,300
3.6107686486486488,0.8233611755435208,300
3.636376936936937,0.8401532490646098,300
3.661985225225225,0.857511245619835,300
3.6875935135135136,0.8754570810632276,300
3.713201801801802,0.894030941473516,300
3.73881009009009,0.9132593308818381,300
3.7644183783783784,0.9330955178430228,300
3.790026666666667,0.9535614595603732,300
3.815634954954955,0.9747364693810124,300
3.8412432432432433,0.9966570722064696,300
3.8668515315315317,1.019304218015161,300
3.8924598198198197,1.0427114696032995,300
3.918068108108108,1.0669818668049909,300
3.9436763963963966,1.0920756595988874,300
3.969284684684685,1.1180312693588186,300
3.994892972972973,1.144968985314404,300
4.020501261261261,1.1728400778072003,300
4.046109549549549,1.2016984554862957,300
4.071717837837838,1.2316984765338876,300
4.097326126126126,1.2628472756519362,300
4.122934414414415,1.2951916135868866,300
4.148542702702703,1.3287953593793929,300
4.1741509909909915,1.3636513690045788,300
4.199759279279279,1.3998580228065909,300
4.2253675675675675,1.4347488634554193,300
4.250975855855856,1.465598348309053,300
4.276584144144144,1.4943040640882566,300
4.302192432432433,1.5223991183856336,300
4.327800720720721,1.5500477607265735,300
4.353409009009009,1.573930039612162,300
4.379017297297297,1.5935479911285981,300
4.404625585585586,1.6135542786452868,300
4.430233873873874,1.6314934125490357,300
4.4558421621621624,1.6460492695935736,300
4.481450450450451,1.6581076558760042,300
4.507058738738738,1.6710311203931667,300
4.532667027027027,1.6780114054962372,300
4.558275315315315,1.6829952939344257,300
4.583883603603604,1.6880092083542428,300
4.609491891891892,1.6939296199426817,300
4.6351001801801806,1.6992132771989479,300
4.660708468468469,1.7044417218892283,300
4.6863167567567565,1.709454161079622,300
4.711925045045045,1.7127423325602686,300
4.737533333333333,1.717969926458361,300
4.763141621621622,1.726612964812992,300
4.78874990990991,1.7377642707325898,300
4.814358198198199,1.7466900901153695,300
4.839966486486486,1.7538697644430863,300
4.865574774774775,1.7620547703148062,300
4.891183063063063,1.7717924296303067,300
4.9167913513513515,1.7798622937834996,300
4.94239963963964,1.7864329132921095,300
4.968007927927928,1.7944207217622588,300
4.993616216216217,1.8033462813690313,300
5.019224504504504,1.8117528244807375,300
5.044832792792793,1.8184149082425938,300
5.070441081081081,1.8292151509000178,300
5.09604936936937,1.8408535130811332,300
5.121657657657658,1.8523510498410152,300
5.147265945945946,1.8611378266964596,300
5.172874234234234,1.8682585577799584,300
5.198482522522522,1.8729531072169716,300
5.224090810810811,1.8771217323603022,300
5.249699099099099,1.881619357814941,300
5.275307387387388,1.8861602896904295,300
5.300915675675676,1.8923289383184208,300
5.3265239639639645,1.8993066138607413,300
5.352132252252252,1.907202657318367,300
5.3777405405405405,1.9151602758265567,300
5.403348828828829,1.9238772486661362,300
5.428957117117117,1.9318854699112278,300
5.454565405405406,1.9394669170117038,300
5.480173693693694,1.9487775202372017,300
5.505781981981982,1.960747229742546,300
5.53139027027027,1.9691565082875437,300
5.556998558558559,1.978693460832666,300
5.582606846846847,1.989720476078073,300
5.6082151351351355,2.002674781686379,300
5.633823423423424,2.0178680484829177,300
5.659431711711711,2.0310288478752363,300
5.68504,2.042121045089613,300
5.710648288288288,2.0533000364040044,300
5.736256576576577,2.0662473505322496,300
5.761864864864865,2.0819569266180755,300
5.787473153153154,2.099486056279409,300
5.813081441441442,2.115229424279903,300
5.8386897297297295,2.131255736533911,300
5.864298018018018,2.149216486678946,300
5.889906306306306,2.16425434693142,300
5.915514594594595,2.1781413626281947,300
5.941122882882883,2.1916977712004724,300
5.966731171171172,2.204555101410321,300
5.992339459459459,2.216112308248277,300
6.017947747747748,2.22726418034206,300
6.043556036036036,2.2361350904531414,300
6.0691643243243245,2.245543378383665,300
6.094772612612613,2.2543666112895226,300
6.120380900900901,2.26427383828261,300
6.145989189189189,2.271939240222191,300
6.171597477477477,2.279361696379155,300
6.197205765765766,2.2891747591495086,300
6.222814054054054,2.2980458512608304,300
6.248422342342343,2.303707166021809,300
6.274030630630631,2.3083534468003624,300
6.2996389189189195,2.3135469061258678,300
6.325247207207207,2.319955328318056,300
6.350855495495495,2.325682900710164,300
6.376463783783784,2.33162807105786,300
6.402072072072072,2.3385356850695493,300
6.427680360360361,2.3451860500307444,300
6.453288648648649,2.3518143766751396,300
6.478896936936937,2.358034450535814,300
6.504505225225225,2.364485242940125,300
6.5301135135135135,2.371119993295176,300
6.555721801801802,2.3783902326024426,300
6.58133009009009,2.386288695451687,300
6.606938378378379,2.396520689364566,300
6.632546666666667,2.4066552228765543,300
6.658154954954955,2.4176056769813545,300
6.683763243243243,2.430254952208724,300
6.709371531531532,2.4446428511812384,300
6.73497981981982,2.459216695616993,300
6.7605881081081085,2.4763448586150685,300
6.786196396396397,2.49505224070208,300
6.8118046846846845,2.515536360749577,300
6.837412972972973,2.5354391125282967,300
6.863021261261261,2.5538336034736093,300
6.88862954954955,2.5746394445579455,300
6.914237837837838,2.5954492803992313,300
6.939846126126127,2.6170796049101863,300
6.965454414414415,2.6384568545538043,300
6.991062702702703,2.6619000998925073,300
7.016670990990991,2.6855305163791168,300
7.042279279279279,2.709633065243896,300
7.067887567567568,2.733595173209898,300
7.093495855855856,2.758824281941011,300
7.119104144144145,2.7840227429207736,300
7.144712432432432,2.808519924596351,300
7.170320720720721,2.8317832434231804,300
7.195929009009009,2.8530752973541422,300
7.2215372972972975,2.874535867505644,300
7.247145585585586,2.8964277878820113,300
7.272753873873874,2.91975145572169,300
7.298362162162162,2.9447046396811256,300
7.32397045045045,2.9664165732422423,300
7.349578738738739,2.984660247725734,300
7.375187027027027,3.0016330280286967,300
7.400795315315316,3.018918919513203,300
7.426403603603604,3.0372412962220117,300
7.4520118918918925,3.053351356957808,300
7.47762018018018,3.067932988767621,300
7.5032284684684685,3.080360914263707,300
7.528836756756757,3.089563048016798,300
7.554445045045045,3.0993399518667655,300
7.580053333333334,3.109250836849523,300
7.605661621621622,3.119726757885663,300
7.63126990990991,3.1300808284057653,300
7.656878198198198,3.14175087523204,300
7.682486486486487,3.1547934750331046,300
7.708094774774775,3.168159426614525,300
7.733703063063063,3.1799352179031373,300
7.759311351351352,3.1918452002649103,300
7.784919639639639,3.204295696367722,300
7.810527927927928,3.2177599325419637,300
7.836136216216216,3.2323680694614185,300
7.861744504504505,3.2474596850266284,300
7.887352792792793,3.262771355081204,300
7.9129610810810815,3.2793794192620993,300
7.93856936936937,3.296957600423255,300
7.9641776576576575,3.316773743073269,300
7.989785945945946,3.33861931110234,300
8.015394234234234,3.362122253678002,300
8.041002522522522,3.384657413887838,300
8.066610810810811,3.4070191802175622,300
8.092219099099099,3.4278707627680842,300
8.117827387387388,3.4478516204190828,300
8.143435675675676,3.4681932744462762,300
8.169043963963965,3.487624248365302,300
8.194652252252252,3.508895403323987,300
8.22026054054054,3.5296304272020804,300
8.24586882882883,3.551716140981194,300
8.271477117117117,3.5524879582761297,299
8.297085405405406,3.5525988201761125,298
8.322693693693694,3.5499930981723136,297
8.348301981981983,3.547625712984907,296
8.37391027027027,3.56641243348774,296
8.399518558558558,3.586962154328357,296
8.425126846846847,3.589377689585866,295
8.450735135135135,3.614261176095406,295
8.476343423423424,3.6404624959351937,295
8.501951711711712,3.642114942232378,294
8.52756,3.643902989628233,293
8.553168288288289,3.6248714340685786,291
8.578776576576576,3.6472267506983997,291
8.604384864864866,3.668694228432665,291
8.629993153153153,3.6901695435178374,291
8.655601441441442,3.7141399655171874,291
8.68120972972973,3.69583251337708,289
8.706818018018017,3.7202297938650264,289
8.732426306306307,3.7008542712580996,287
8.758034594594594,3.721843410109399,287
8.783642882882884,3.7427202725423467,287
8.809251171171171,3.7627604644047743,287
8.83485945945946,3.7832209064976157,287
8.860467747747748,3.7329768945539348,284
8.886076036036036,3.745532075172087,284
8.911684324324325,3.7354012709893496,283
8.937292612612612,3.7461604727876554,283
8.962900900900902,3.7570146491468837,283
8.98850918918919,3.7696859255643336,283
9.014117477477477,3.7836717625341554,283
9.039725765765766,3.7972509315842635,283
9.065334054054054,3.788504840617284,282
9.090942342342343,3.8013813746239067,282
9.11655063063063,3.8115989419682137,282
9.14215891891892,3.823659595479961,282
9.167767207207207,3.814975513961803,281
9.193375495495495,3.8299176286266423,281
9.218983783783784,3.825035955690487,280
9.244592072072072,3.8425705906709107,280
9.270200360360361,3.8597724326149163,280
9.295808648648649,3.8767377995976795,280
9.321416936936938,3.894961669237419,280
9.347025225225225,3.914308098909495,280
9.372633513513513,3.9338240096697032,280
9.398241801801802,3.9311029980912684,279
9.42385009009009,3.92553554042493,278
9.44945837837838,3.9166969302810326,277
9.475066666666667,3.928102980357804,277
9.500674954954956,3.9412139982896774,277
9.526283243243244,3.9334175087369956,276
9.551891531531531,3.947618093875314,276
9.57749981981982,3.937457336885056,275
9.603108108108108,3.9259790664322725,274
9.628716396396397,3.9119163555685237,273
9.654324684684685,3.919435524184178,273
9.679932972972972,3.92793856181424,273
9.705541261261262,3.9145475028966312,272
9.73114954954955,3.9232988615928663,272
9.756757837837839,3.910921708343778,271
9.782366126126126,3.9204228856451757,271
9.807974414414415,3.9319616187422852,271
9.833582702702703,3.8975268089398014,269
9.85919099099099,3.9058105814169273,269
9.88479927927928,3.9147804957404935,269
9.910407567567567,3.9222839586140332,269
9.936015855855857,3.9305320024652675,269
9.961624144144144,3.9178297199015257,268
9.987232432432434,3.9265511284502757,268
10.012840720720721,3.9353713505441537,268
10.038449009009009,3.9213237666373786,267
10.064057297297298,3.9071348390708387,266
10.089665585585585,3.9146595270766706,266
10.115273873873875,3.8999668134404404,265
10.140882162162162,3.910196493794169,265
10.16649045045045,3.874643971995612,263
10.19209873873874,3.8858146261280666,263
10.217707027027027,3.873451009023715,262
10.243315315315316,3.8817310416542568,262
10.268923603603604,3.8882759369952224,262
10.294531891891893,3.870088211862602,261
10.32014018018018,3.8737277531386454,261
10.345748468468468,3.8762057416390316,261
10.371356756756757,3.878357543710118,261
10.396965045045045,3.88116002872751,261
10.422573333333334,3.8831845758058576,261
10.448181621621622,3.8856500336313995,261
10.473789909909911,3.888532930288927,261
10.499398198198199,3.8928827906057855,261
10.525006486486486,3.8744311998529075,260
10.550614774774775,3.8781213640106524,260
10.576223063063063,3.8569541402014167,259
10.601831351351352,3.8598144471737523,259
10.62743963963964,3.8368063282904714,258
10.653047927927929,3.813499191198576,257
10.678656216216217,3.814815028961654,257
10.704264504504504,3.8170718768877827,257
10.729872792792793,3.8218684103139635,257
10.755481081081081,3.827858754882905,257
10.78108936936937,3.8345651680845254,257
10.806697657657658,3.7938801356667256,255
10.832305945945945,3.7752293476888172,254
10.857914234234235,3.7803034307161743,254
10.883522522522522,3.784336979856745,254
10.909130810810812,3.7894929870663225,254
10.9347390990991,3.795502339922059,254
10.960347387387388,3.802973950648236,254
10.985955675675676,3.8111514711798735,254
11.011563963963964,3.8208268399679697,254
11.037172252252253,3.807538826424066,253
11.06278054054054,3.794478590305202,252
11.08838882882883,3.807044148736334,252
11.113997117117117,3.8199618779902913,252
11.139605405405407,3.7820917030045194,250
11.165213693693694,3.792059853327146,250
11.190821981981982,3.8024931501448935,250
11.216430270270271,3.8135403218806903,250
11.242038558558558,3.8238940985747782,250
11.267646846846848,3.8324726714576673,250
11.293255135135135,3.8412890779885775,250
11.318863423423423,3.8518918841672694,250
11.344471711711712,3.8605860749461276,250
11.37008,3.8168792963277167,248
11.395688288288289,3.7949842942700562,247
11.421296576576577,3.797565058743939,247
11.446904864864866,3.802254929775516,247
11.472513153153153,3.808903824446826,247
11.498121441441441,3.8172466129940936,247
11.52372972972973,3.8262952184982715,247
11.549338018018018,3.758983302161706,244
11.574946306306307,3.7656933657542297,244
11.600554594594595,3.773119790375675,244
11.626162882882884,3.7550447041323896,243
11.651771171171172,3.7615119768258793,243
11.677379459459459,3.7685462358205912,243
11.702987747747748,3.7476975417844263,242
11.728596036036036,3.75208642134452,242
11.754204324324325,3.7311921672747745,241
11.779812612612613,3.7363551817974643,241
11.8054209009009,3.7167267279902245,240
11.83102918918919,3.7247230741981947,240
11.856637477477477,3.678283618349118,238
11.882245765765767,3.6841493859243655,238
11.907854054054054,3.689276015861421,238
11.933462342342343,3.639553994904944,236
11.959070630630631,3.642519813151683,236
11.984678918918918,3.6438766705236487,236
12.010287207207208,3.645682797517022,236
12.035895495495495,3.6208316200857853,235
12.061503783783785,3.596022496248157,234
12.087112072072072,3.5979740385565635,234
12.112720360360361,3.5999526798933883,234
12.138328648648649,3.572311616089805,233
12.163936936936937,3.5713684289728675,233
12.189545225225226,3.5715000900641023,233
12.215153513513513,3.5432517488424407,232
12.240761801801803,3.4835655431693437,230
12.26637009009009,3.4768135083979717,230
12.291978378378378,3.4399751158472798,229
12.317586666666667,3.4293051544205446,229
12.343194954954955,3.4166370267328428,229
12.368803243243244,3.4011468934579465,229
12.394411531531532,3.3849033060595977,229
12.42001981981982,3.3374859154935628,228
12.445628108108108,3.3194840067467877,228
12.471236396396396,3.2729409580497926,227
12.496844684684685,3.2257718317991513,226
12.522452972972973,3.207319284981459,226
12.548061261261262,3.1881717770164215,226
12.57366954954955,3.169435171334694,226
12.599277837837839,3.1523610892082687,226
12.624886126126126,3.1058670560522055,225
12.650494414414414,3.090182717032148,225
12.676102702702703,3.074820011811883,225
12.70171099099099,3.0607137232942216,225
12.72731927927928,2.9860145329964607,223
12.752927567567568,2.973383746376238,223
12.778535855855857,2.9625497141951156,223
12.804144144144145,2.9201131847298614,222
12.829752432432432,2.90920343001766,222
12.855360720720721,2.8985699747077853,222
12.880969009009009,2.888403554294485,222
12.906577297297298,2.8791051358392385,222
12.932185585585586,2.8383924780762264,221
12.957793873873873,2.8303835600252274,221
12.983402162162163,2.82318714440763,221
13.00901045045045,2.783578513430817,220
13.03461873873874,2.7772921826374857,220
13.060227027027027,2.7719865235599204,220
13.085835315315316,2.7680247065382937,220
13.111443603603604,2.765774700258914,220
13.137051891891891,2.7643720153498315,220
13.16266018018018,2.7633106005507555,220
13.188268468468468,2.762588988837959,220
13.213876756756758,2.728615604317065,219
13.239485045045045,2.727741205942519,219
13.265093333333335,2.727876705703144,219
13.290701621621622,2.729234622582447,219
13.31630990990991,2.7319474000613244,219
13.341918198198199,2.7364214198650956,219
13.367526486486486,2.741893779263908,219
13.393134774774776,2.7139391111531586,218
13.418743063063063,2.720583234763005,218
13.44435135135135,2.659718518256005,216
13.46995963963964,2.6657768526841568,216
13.495567927927928,2.672219252307804,216
13.521176216216217,2.6793442747109273,216
13.546784504504505,2.687291942388918,216
13.572392792792794,2.6617662742215447,215
13.598001081081081,2.6716322994557067,215
13.623609369369369,2.6826399633740134,215
13.649217657657658,2.659589944272526,214
13.674825945945946,2.6712257215845066,214
13.700434234234235,2.6490769806537364,213
13.726042522522523,2.6630178603153873,213
13.751650810810812,2.678388518477081,213
13.7772590990991,2.6603285508982504,212
13.802867387387387,2.6778058735086634,212
13.828475675675676,2.6624920122059494,211
13.854083963963964,2.683304882626037,211
13.879692252252253,2.705393327406874,211
13.90530054054054,2.728709574475363,211
13.93090882882883,2.718627629089643,210
13.956517117117118,2.742834422708359,210
13.982125405405405,2.7323279501587927,209
14.007733693693694,2.722330412174333,208
14.033341981981982,2.747932005239151,208
14.058950270270271,2.739061136014394,207
14.084558558558559,2.7303874733593556,206
14.110166846846846,2.7207970040289418,205
14.135775135135136,2.7111360252469434,204
14.161383423423423,2.7367739163311704,204
14.186991711711713,2.762803475271079,204
14.2126,2.7892729767007682,204
14.23820828828829,2.7805269718460277,203
14.263816576576577,2.8071886735286964,203
14.289424864864865,2.834271659547153,203
14.315033153153154,2.861811757899717,203
14.340641441441441,2.889824078038911,203
14.36624972972973,2.8107386471046722,200
14.391858018018018,2.837566106476659,200
14.417466306306308,2.755389887060274,197
14.443074594594595,2.780955271401057,197
14.468682882882883,2.769748156434392,196
14.494291171171172,2.79538558491365,196
14.51989945945946,2.7846314782082673,195
14.545507747747749,2.8103713616535977,195
14.571116036036036,2.836528592781961,195
14.596724324324324,2.8631013721372094,195
14.622332612612613,2.7786018484494384,192
14.6479409009009,2.803849558099287,192
14.67354918918919,2.8294978192807245,192
14.699157477477478,2.8173847006066546,191
14.724765765765767,2.8053012885148076,190
14.750374054054054,2.714697375616382,187
14.775982342342342,2.738231961586064,187
14.801590630630631,2.762080160809256,187
14.827198918918919,2.7474658614510656,186
14.852807207207208,2.7712972528121247,186
14.878415495495496,2.7954449166934365,186
14.904023783783785,2.8199126224000666,186
14.929632072072073,2.8447628901323734,186
14.95524036036036,2.831116780390366,185
14.98084864864865,2.855923821732844,185
15.006456936936937,2.881120672626754,185
15.032065225225226,2.906695623676734,185
15.057673513513514,2.893692889069668,184
15.083281801801801,2.9192988823472588,184
15.10889009009009,2.9452349737084687,184
15.134498378378378,2.9331921461283437,183
15.160106666666668,2.9204180564857207,182
15.185714954954955,2.946068926315807,182
15.211323243243244,2.93265181694348,181
15.236931531531532,2.9583104760968957,181
15.26253981981982,2.984336978733559,181
15.288148108108109,2.9714239363687853,180
15.313756396396396,2.9974601241106655,180
15.339364684684686,3.023859381743027,180
15.364972972972973,3.050654867160064,180
15.390581261261262,3.0778143508583486,180
15.41618954954955,3.0661261729939047,179
15.441797837837838,3.0933650055753548,179
15.467406126126127,3.0823964555277934,178
15.493014414414414,3.109754053775395,178
15.518622702702704,3.137513179583189,178
15.544230990990991,3.1656793152930063,178
15.569839279279279,3.1942468766995153,178
15.595447567567568,3.223242696621147,178
15.621055855855856,3.2526963875531854,178
15.646664144144145,3.2825989005896017,178
15.672272432432433,3.312986542823898,178
15.697880720720722,3.3438323603558047,178
15.72348900900901,3.3751494373355193,178
15.749097297297297,3.369298570613877,177
15.774705585585586,3.3251998015069186,175
15.800313873873874,3.3559099361298648,175
15.825922162162163,3.348692364467741,174
15.85153045045045,3.3410856635306003,173
15.87713873873874,3.333161528540227,172
15.902747027027027,3.324101853186785,171
15.928355315315315,3.3149302245792955,170
15.953963603603604,3.344886916702884,170
15.979571891891892,3.3752735880093883,170
16.00518018018018,3.326841194318991,168
16.03078846846847,3.356712505889677,168
16.056396756756758,3.38702446775125,168
16.082005045045044,3.417808101055429,168
16.107613333333333,3.3693153657726826,166
16.133221621621622,3.358733414606677,165
16.15882990990991,3.348353705161764,164
16.184438198198198,3.3780399525849356,164
16.210046486486487,3.3672662270878138,163
16.235654774774776,3.397069803306383,163
16.261263063063062,3.427311962718931,163
16.28687135135135,3.416789342436764,162
16.31247963963964,3.4062906286384846,161
16.33808792792793,3.394575933548802,160
16.363696216216216,3.4243207457958973,160
16.389304504504505,3.370494360013631,158
16.414912792792794,3.3996038682466034,158
16.44052108108108,3.3867268741647756,157
16.46612936936937,3.415870187845207,157
16.49173765765766,3.445456086741812,157
16.517345945945948,3.475450546118963,157
16.542954234234234,3.50587816364123,157
16.568562522522523,3.5367126770744806,157
16.594170810810812,3.5680126121552487,157
16.619779099099098,3.599782083367432,157
16.645387387387387,3.590950112548659,156
16.670995675675677,3.539735605024022,154
16.696603963963966,3.570691331526714,154
16.722212252252252,3.6021054070706136,154
16.74782054054054,3.633965008293636,154
16.77342882882883,3.666301915263772,154
16.799037117117116,3.6990660790749215,154
16.824645405405406,3.6910992400205567,153
16.850253693693695,3.6825446024241653,152
16.875861981981984,3.6735769968614456,151
16.90147027027027,3.6640922736282664,150
16.92707855855856,3.696332010150583,150
16.95268684684685,3.7290251513335995,150
16.978295135135134,3.7622076770704114,150
17.003903423423424,3.795889275854839,150
17.029511711711713,3.830071664626559,150
17.05512,3.8647400698613925,150
17.080728288288288,3.899906197480215,150
17.106336576576577,3.8529024976218653,148
17.131944864864867,3.887704510603006,148
17.157553153153152,3.9229767417830814,148
17.18316144144144,3.8755069162945945,146
17.20876972972973,3.8681546182369764,145
17.234378018018017,3.902827901420773,145
17.259986306306306,3.9379833962253215,145
17.285594594594595,3.9311190846407564,144
17.311202882882885,3.9235502611869575,143
17.33681117117117,3.9587868924858505,143
17.36241945945946,3.9089450986830085,141
17.38802774774775,3.8555463776057595,139
17.413636036036035,3.8443933766569836,138
17.439244324324324,3.8779150728299356,138
17.464852612612614,3.8665751297518716,137
17.490460900900903,3.8552099358179666,136
17.51606918918919,3.888614128840726,136
17.541677477477478,3.922484673289474,136
17.567285765765767,3.911335583757154,135
17.592894054054053,3.9453692424809828,135
17.618502342342342,3.979889707756574,135
17.64411063063063,4.014942050626528,135
17.66971891891892,4.050453765525905,135
17.695327207207207,4.042159336096116,134
17.720935495495496,4.032677684773441,133
17.746543783783785,4.023064867987595,132
17.77215207207207,4.012690623425487,131
17.79776036036036,4.001307226205201,130
17.82336864864865,4.0359666367465135,130
17.84897693693694,4.024676885758479,129
17.874585225225225,4.012786624805337,128
17.900193513513514,3.951125071494993,126
17.925801801801803,3.984506389701466,126
17.95141009009009,4.01835723815611,126
17.97701837837838,4.052636452659706,126
18.002626666666668,4.087410665327569,126
18.028234954954954,4.1226459116363845,126
18.053843243243243,4.15836943422217,126
18.079451531531532,4.1946289066884725,126
18.10505981981982,4.2313893785247645,126
18.130668108108107,4.268668122581996,126
18.156276396396397,4.260869071137499,125
18.181884684684686,4.298476356483914,125
18.20749297297297,4.290257337101698,124
18.23310126126126,4.328166786244106,124
18.25870954954955,4.273375421881501,122
18.28431783783784,4.310798971494172,122
18.309926126126125,4.348768742358337,122
18.335534414414415,4.3872426303148435,122
18.361142702702704,4.379962797056518,121
18.38675099099099,4.371426296316754,120
18.41235927927928,4.4100196328165095,120
18.43796756756757,4.402460008056758,119
18.463575855855858,4.394111820670515,118
18.489184144144144,4.384249442670401,117
18.514792432432433,4.374345256190916,116
18.540400720720722,4.412515597805928,116
18.566009009009008,4.3015965595510215,113
18.591617297297297,4.338357369169702,113
18.617225585585587,4.3756480182654975,113
18.642833873873876,4.413464581656381,113
18.66844216216216,4.451792633100513,113
18.69405045045045,4.441049521063356,112
18.71965873873874,4.479670176900046,112
18.745267027027026,4.5187974054163265,112
18.770875315315315,4.509411232071196,111
18.796483603603605,4.448430056923732,109
18.822091891891894,4.436590587917268,108
18.84770018018018,4.424014518978964,107
18.87330846846847,4.409509419694319,106
18.89891675675676,4.341052839476962,104
18.924525045045044,4.377243583438177,104
18.950133333333333,4.4138996640886665,104
18.975741621621623,4.451035694762132,104
19.001349909909912,4.4886547687411475,104
19.026958198198198,4.526769924406143,104
19.052566486486487,4.565455880212081,104
19.078174774774777,4.604625104540217,104
19.103783063063062,4.592419128715553,103
19.12939135135135,4.6318303177788085,103
19.15499963963964,4.671755876179494,103
19.180607927927927,4.660833263249603,102
19.206216216216216,4.701059982406657,102
19.231824504504505,4.741872684521208,102
19.257432792792795,4.783182470506825,102
19.28304108108108,4.774182006651776,101
19.30864936936937,4.711264341237085,99
19.33425765765766,4.698860132041481,98
19.359865945945945,4.739085854884982,98
19.385474234234234,4.779846310694462,98
19.411082522522523,4.71433103726977,96
19.436690810810813,4.699346047336689,95
19.4622990990991,4.627170432647125,93
19.487907387387388,4.665776890946745,93
19.513515675675677,4.70482165513831,93
19.539123963963963,4.744418347412195,93
19.564732252252252,4.728760024484419,92
19.59034054054054,4.712115482084436,91
19.61594882882883,4.7515153809805035,91
19.641557117117117,4.791412125071512,91
19.667165405405406,4.77434908898963,90
19.692773693693695,4.814411321916737,90
19.71838198198198,4.85500013766838,90
19.74399027027027,4.896167773964957,90
19.76959855855856,4.93783030594138,90
19.79520684684685,4.866742431257636,88
19.820815135135135,4.907783004820021,88
19.846423423423424,4.9493522674749055,88
19.872031711711713,4.991489266693411,88
19.89764,5.034210111354965,88
19.92324828828829,5.077478982744418,88
19.948856576576578,5.121367324921976,88
19.974464864864867,5.165840466842301,88
20.000073153153153,5.155983652059472,87
20.025681441441442,5.14519859012363,86
20.05128972972973,5.076234968158288,84
20.076898018018017,5.119677624843118,84
20.102506306306307,5.047125683967325,82
20.128114594594596,5.08991731563482,82
20.153722882882885,5.073362625969365,81
20.17933117117117,5.055527431176941,80
20.20493945945946,5.098216704091675,80
20.23054774774775,5.07981243757928,79
20.256156036036035,5.061401609851185,78
20.281764324324325,5.103837972380832,78
20.307372612612614,5.084160506640396,77
20.3329809009009,5.062614734542404,76
20.35858918918919,5.104688346047204,76
20.38419747747748,5.147333449231406,76
20.409805765765768,5.062462419382427,74
20.435414054054053,5.038495722215913,73
20.461022342342343,5.07981850109952,73
20.486630630630632,5.121707915261384,73
20.512238918918918,5.164055005938802,73
20.537847207207207,5.141370198863247,72
20.563455495495496,5.183854633750429,72
20.589063783783786,5.226865415796286,72
20.61467207207207,5.2704753998864255,72
20.64028036036036,5.314619149176852,72
20.66588864864865,5.229075349995146,70
20.691496936936936,5.204902214899656,69
20.717105225225225,5.2478002467119556,69
20.742713513513515,5.15182090135077,67
20.768321801801804,5.121995212360721,66
20.79393009009009,5.163201317687837,66
20.81953837837838,5.204902225000575,66
20.84514666666667,5.099128328757591,64
20.870754954954954,5.139618853166962,64
20.896363243243243,5.180596514537843,64
20.921971531531533,5.222030191474058,64
20.947579819819822,5.264039750917888,64
20.973188108108108,5.306571305630447,64
20.998796396396397,5.34959125766748,64
21.024404684684686,5.393186684516802,64
21.050012972972972,5.437352742694192,64
21.07562126126126,5.482037261587969,64
21.10122954954955,5.527351951819721,64
21.12683783783784,5.5031824945711065,63
21.152446126126126,5.476954750739768,62
21.178054414414415,5.521831914713036,62
21.203662702702704,5.495728255861333,61
21.22927099099099,5.540613548789496,61
21.25487927927928,5.586021409480497,61
21.28048756756757,5.632006534747959,61
21.306095855855858,5.607028942241597,60
21.331704144144144,5.580552399466596,59
21.357312432432433,5.626077365413591,59
21.382920720720723,5.672161378927736,59
21.40852900900901,5.718846702210693,59
21.434137297297298,5.766101228163094,59
21.459745585585587,5.813970365676817,59
21.485353873873873,5.862466540063729,59
21.510962162162162,5.911593461060216,59
21.53657045045045,5.9613093738239495,59
21.56217873873874,6.011651146228755,59
21.587787027027026,6.062658038248882,59
21.613395315315316,6.114322439298044,59
21.639003603603605,6.100936963584684,58
21.66461189189189,6.1530172688062015,58
21.69022018018018,6.205792897911951,58
21.71582846846847,6.259284150726251,58
21.74143675675676,6.313493184801439,58
21.767045045045045,6.306370128461914,57
21.792653333333334,6.3611084496775945,57
21.818261621621623,6.287655056832703,55
21.84386990990991,6.341928750598072,55
21.8694781981982,6.331429046691708,54
21.895086486486488,6.386176455314773,54
21.920694774774777,6.375034451210219,53
21.946303063063063,6.43027302149342,53
21.971911351351352,6.419084760011125,52
21.99751963963964,6.474760479414394,52
22.023127927927927,6.531151471561403,52
22.048736216216216,6.45460762895672,50
22.074344504504506,6.510502956245987,50
22.099952792792795,6.49799914157333,49
22.12556108108108,6.482492265791706,48
22.15116936936937,6.538512969082531,48
22.17677765765766,6.595264962402112,48
22.202385945945945,6.652763144196709,48
22.227994234234234,6.711031403394948,48
22.253602522522524,6.630566332122555,46
22.279210810810813,6.614847107003937,45
22.3048190990991,6.597025118383831,44
22.330427387387388,6.577378130804859,43
22.356035675675678,6.555710728570873,42
22.381643963963963,6.529839735870837,41
22.407252252252253,6.585410847260559,41
22.432860540540542,6.641680774653166,41
22.458468828828828,6.698688669781523,41
22.484077117117117,6.756419484478714,41
22.509685405405406,6.8148875441440575,41
22.535293693693696,6.874142254565015,41
22.56090198198198,6.934159018124107,41
22.58651027027027,6.920064324793012,40
22.61211855855856,6.980538616785509,40
22.637726846846846,7.041807718882867,40
22.663335135135135,6.952647611532879,38
22.688943423423424,7.013268482750597,38
22.714551711711714,7.074658170290366,38
22.74016,7.060327471975401,37
22.76576828828829,7.1221925980836644,37
22.791376576576578,7.184843007985051,37
22.816984864864864,7.173481721238463,36
22.842593153153153,7.158936248636927,35
22.868201441441443,7.221783689898766,35
22.893809729729732,7.207417307932615,34
22.919418018018018,7.190309592973245,33
22.945026306306307,7.253284009586643,33
22.970634594594596,7.144980533125148,31
22.996242882882882,7.206993694829856,31
23.02185117117117,7.269840594589846,31
23.04745945945946,7.333481747236934,31
23.07306774774775,7.397942017607698,31
23.098676036036036,7.463242402314119,31
23.124284324324325,7.52943163186774,31
23.149892612612614,7.596454181980881,31
23.1755009009009,7.664376021013249,31
23.20110918918919,7.733234846934352,31
23.22671747747748,7.732965738938209,30
23.252325765765768,7.727407990886205,29
23.277934054054054,7.796840598668352,29
23.303542342342343,7.794633253215167,28
23.329150630630632,7.786993804592915,27
23.354758918918918,7.776117100196759,26
23.380367207207208,7.762409014977423,25
23.405975495495497,7.831730267376954,25
23.431583783783786,7.902032212274454,25
23.457192072072072,7.973226980732849,25
23.48280036036036,7.965353600531455,24
23.50840864864865,7.9530873441512595,23
23.534016936936936,8.024663471604876,23
23.559625225225226,8.097225518928951,23
23.585233513513515,8.170767050744775,23
23.6108418018018,8.24528919943667,23
23.63645009009009,8.320853778089663,23
23.66205837837838,8.397416923734841,23
23.68766666666667,8.408729410241806,22
23.713274954954954,8.486384696291088,22
23.738883243243244,8.565124652426004,22
23.764491531531533,8.583134000386291,21
23.79009981981982,8.598576304586846,20
23.815708108108108,8.612246982430287,19
23.841316396396397,8.69246016658657,19
23.866924684684687,8.707687395575697,18
23.892532972972973,8.789124495653304,18
23.918141261261262,8.87165428974955,18
23.94374954954955,8.955333267573215,18
23.969357837837837,8.985046962328962,17
23.994966126126126,9.07024417674706,17
24.020574414414416,9.050207898648937,15
24.046182702702705,9.078963677392192,14
24.07179099099099,9.107051244708181,13
24.09739927927928,9.193759332627105,13
24.12300756756757,9.162360355290083,11
24.148615855855855,9.249638559600111,11
24.174224144144144,9.281509081573613,10
24.199832432432434,9.304769086177465,9
24.225440720720723,9.327872251895595,8
24.25104900900901,9.248488828347453,6
24.276657297297298,9.217384157514843,5
24.302265585585587,9.304948053706209,5
24.327873873873873,9.393734381634271,5
24.353482162162162,9.18885817351859,3
24.37909045045045,9.275597653156943,3
24.40469873873874,9.363482724035238,3
24.430307027027027,9.45271762092374,3
24.455915315315316,9.543314035831225,3
24.481523603603605,9.635124391236316,3
24.50713189189189,9.728197436759736,3
24.53274018018018,9.759242913082094,2
24.55834846846847,9.803514309151266,1
24.583956756756756,9.898669317211946,1
24.609565045045045,,0
24.635173333333334,,0
24.660781621621624,,0
24.68638990990991,,0
24.7119981981982,,0
24.737606486486488,,0
24.763214774774774,,0
24.788823063063063,,0
24.814431351351352,,0
24.84003963963964,,0
24.865647927927927,,0
24.891256216216217,,0
24.916864504504506,,0
24.942472792792792,,0
24.96808108108108,,0
24.99368936936937,,0
25.01929765765766,,0
25.044905945945946,,0
25.070514234234235,,0
25.096122522522524,,0
25.12173081081081,,0
25.1473390990991,,0
25.17294738738739,,0
25.198555675675678,,0
25.224163963963964,,0
25.249772252252253,,0
25.275380540540542,,0
25.300988828828828,,0
25.326597117117117,,0
25.352205405405407,,0
25.377813693693696,,0
25.40342198198198,,0
25.42903027027027,,0
25.45463855855856,,0
25.480246846846846,,0
25.505855135135135,,0
25.531463423423425,,0
25.557071711711714,,0
25.58268,,0
