r,f_simulation_mean,f_theory,valid_trajectories_count
0.0,,0.0,0
0.02560828828828829,0.003265613715603343,0.003007710919335454,252
0.05121657657657658,0.006190593470681185,0.006015546623306602,300
0.07682486486486487,0.009286998482577651,0.009023635326997423,300
0.10243315315315316,0.012384729620716328,0.012032105276070583,300
0.12804144144144144,0.015484225182176091,0.015041084763506473,300
0.15364972972972973,0.018585942329470695,0.01805070214635239,300
0.17925801801801802,0.021690315717065964,0.02106108586248644,300
0.2048663063063063,0.02479780094995918,0.024072364447400622,300
0.2304745945945946,0.027908830905238328,0.027084666551007587,300
0.2560828828828829,0.031023857622027126,0.030098120954475636,300
0.28169117117117115,0.034143348706942696,0.03311285658709646,300
0.30729945945945947,0.03726774328169186,0.03612900254319013,300
0.3329077477477478,0.040397504198311576,0.03914668809905188,300
0.35851603603603605,0.0435330747378881,0.042166042729945306,300
0.3841243243243243,0.04667492556478534,0.045187196127146494,300
0.4097326126126126,0.04982352723953176,0.04821027821504367,300
0.43534090090090094,0.05297934678261359,0.05123541916829706,300
0.4609491891891892,0.056142818918396314,0.0542627494290634,300
0.48655747747747746,0.05931445690994077,0.057292399724290025,300
0.5121657657657658,0.06249469787391857,0.06032450108308304,300
0.5377740540540541,0.06568408052449126,0.06335918485415433,300
0.5633823423423423,0.06888302204054558,0.06639658272335199,300
0.5889906306306306,0.07209208041335656,0.06943682673127942,300
0.6145989189189189,0.0753116814107124,0.07248004929100721,300
0.6402072072072073,0.07854238651975379,0.07552638320588317,300
0.6658154954954956,0.08178465311074205,0.0785759616874453,300
0.6914237837837838,0.08503899902127454,0.08162891837344224,300
0.7170320720720721,0.08830594311401017,0.08468538734596678,300
0.7426403603603604,0.09158603947869913,0.08774550314970679,300
0.7682486486486486,0.09487976253042668,0.09080940081031903,300
0.7938569369369369,0.09818766135710766,0.09387721585293081,300
0.8194652252252252,0.10151027599786175,0.09694908432077441,300
0.8450735135135136,0.10484818769430092,0.1000251427939601,300
0.8706818018018019,0.10820193046639347,0.10310552840839213,300
0.8962900900900901,0.1115720220176701,0.106190378874833,300
0.9218983783783784,0.11495909553881899,0.10927983249812318,300
0.9475066666666667,0.11836369377892755,0.11237402819655862,300
0.9731149549549549,0.12178645828468534,0.11547310552143411,300
0.9987232432432432,0.12522794659266373,0.11857720467675664,300
1.0243315315315316,0.12868873790729515,0.12168646653913502,300
1.0499398198198198,0.13216947857133368,0.12480103267785073,300
1.0755481081081082,0.13567082298379607,0.12792104537511667,300
1.1011563963963964,0.13919334950356838,0.13104664764652857,300
1.1267646846846846,0.14273779957379265,0.13417798326171565,300
1.152372972972973,0.14630468054733206,0.13731519676519643,300
1.1779812612612612,0.14989481927473225,0.1404584334974447,300
1.2035895495495497,0.15350881004727082,0.1436078396161735,300
1.2291978378378379,0.15714736273318414,0.14676356211784183,300
1.254806126126126,0.16081122890338317,0.14992574885939042,300
1.2804144144144145,0.16450113224781807,0.15309454858021423,300
1.3060227027027027,0.16821780762997698,0.15627011092437604,300
1.3316309909909911,0.17196194186074423,0.15945258646306953,300
1.3572392792792793,0.17573442476773868,0.16264212671733697,300
1.3828475675675675,0.1795358331017104,0.16583888418104958,300
1.408455855855856,0.18336715309505625,0.16904301234415584,300
1.4340641441441442,0.18722920080462382,0.17225466571620535,300
1.4596724324324324,0.19112276550032536,0.1754739998501561,300
1.4852807207207208,0.19504872854369543,0.17870117136647015,300
1.510889009009009,0.1990079375854829,0.18193633797750622,300
1.5364972972972972,0.20300131107714517,0.18517965851221696,300
1.5621055855855857,0.20702978968962887,0.1884312929411563,300
1.5877138738738739,0.21109429062831223,0.19169140240180618,300
1.6133221621621623,0.2151956984509972,0.19496014922422922,300
1.6389304504504505,0.2193352669336293,0.19823769695705537,300
1.6645387387387387,0.223513722173616,0.20152421039381002,300
1.6901470270270271,0.2277321474442888,0.20481985559959132,300
1.7157553153153153,0.2319916413324149,0.20812479993810518,300
1.7413636036036038,0.23629341148346517,0.2114392120990655,300
1.766971891891892,0.24063849073035076,0.2147632621259678,300
1.7925801801801802,0.24502779809419778,0.2180971214442448,300
1.8181884684684686,0.2494629887237874,0.2214409628898122,300
1.8437967567567568,0.2539448969419278,0.22479496073801275,300
1.869405045045045,0.25847506737942155,0.2281592907329677,300
1.8950133333333334,0.26305448271090415,0.23153413011734414,300
1.9206216216216216,0.2676845638346927,0.2349196576625461,300
1.9462299099099098,0.2723666627338498,0.2383160536993408,300
1.9718381981981983,0.2771024109468357,0.2417235001489247,300
1.9974464864864865,0.2818930422273676,0.24514218055444348,300
2.0230547747747747,0.28673986475794566,0.24857228011297036,300
2.048663063063063,0.29164474378199,0.25201398570795563,300
2.0742713513513515,0.2966089860642824,0.2554674859421541,300
2.0998796396396395,0.301634451837061,0.25893297117104136,300
2.125487927927928,0.3067226923246343,0.26241063353672806,300
2.1510962162162164,0.31187540164439687,0.2659006670023799,300
2.1767045045045044,0.31709430204263905,0.2694032673871565,300
2.202312792792793,0.3223815855347407,0.27291863240167463,300
2.2279210810810812,0.32773883822245736,0.2764469616840087,300
2.253529369369369,0.3331680049489171,0.27998845683623586,300
2.2791376576576576,0.3386714480913997,0.28354332146153716,300
2.304745945945946,0.34425085398697186,0.2871117612018632,300
2.3303542342342345,0.3499085658247323,0.2906939837761739,300
2.3559625225225225,0.3556470415739688,0.29429019901926323,300
2.381570810810811,0.3614682824850172,0.2979006189211779,300
2.4071790990990993,0.3673751051841998,0.30152545766723843,300
2.4327873873873873,0.37336950858157575,0.30516493167867337,300
2.4583956756756757,0.37945471788259844,0.30881925965387713,300
2.484003963963964,0.3856328070946173,0.3124886626102969,300
2.509612252252252,0.39190687453574713,0.3161733639269621,300
2.5352205405405406,0.39827992865218687,0.31987358938766325,300
2.560828828828829,0.4047551182594459,0.32358956722478716,300
2.586437117117117,0.4113349717430932,0.32732152816382254,300
2.6120454054054054,0.4180235049909649,0.3310697054685372,300
2.637653693693694,0.42482364910682546,0.33483433498684095,300
2.6632619819819823,0.43173896762907155,0.3386156551973375,300
2.6888702702702703,0.43877355467491497,0.3424139072565753,300
2.7144785585585587,0.44593082796633593,0.3462293350470029,300
2.740086846846847,0.4532149484600173,0.35006218522563626,300
2.765695135135135,0.46062982254286067,0.3539127072734403,300
2.7913034234234235,0.46818045563241434,0.3577811535454364,300
2.816911711711712,0.4758712257667082,0.36166777932153255,300
2.84252,0.4837060670754324,0.3655728428580864,300
2.8681282882882884,0.4916911462137534,0.369496605440201,300
2.893736576576577,0.4998308948537906,0.3734393314347546,300
2.9193448648648648,0.5081312493896756,0.3774012883441679,300
2.944953153153153,0.5165977770717674,0.3813827468609071,300
2.9705614414414416,0.525236249778563,0.3853839809227216,300
2.9961697297297296,0.5340532449439547,0.3894052677686139,300
3.021778018018018,0.5430554581433591,0.3934468879955377,300
3.0473863063063065,0.5522493238193256,0.3975091256158183,300
3.0729945945945945,0.5616424180516956,0.4015922681152888,300
3.098602882882883,0.571242726068786,0.4056966065121309,300
3.1242111711711713,0.5810577079935001,0.40982243541640984,300
3.1498194594594597,0.5910967574672413,0.413970053090292,300
3.1754277477477477,0.6013674894376106,0.41813976150892407,300
3.201036036036036,0.6118813946307555,0.42233186642196086,300
3.2266443243243246,0.6226465003095928,0.42654667741571506,300
3.2522526126126126,0.6336743463127482,0.43078450797590667,300
3.277860900900901,0.6449760694435073,0.43504567555098356,300
3.3034691891891894,0.6565630146629792,0.43933050161597975,300
3.3290774774774774,0.6684478629536941,0.4436393117368763,300
3.354685765765766,0.6806449324537881,0.447972435635425,300
3.3802940540540543,0.6931680888007835,0.4523302072543852,300
3.4059023423423422,0.7060301253825445,0.4567129648231293,300
3.4315106306306307,0.7192499671895155,0.4611210509235552,300
3.457118918918919,0.7328443490264813,0.46555481255624603,300
3.4827272072072075,0.7468271789300994,0.47001460120680505,300
3.5083354954954955,0.7612255644369289,0.47450077291229414,300
3.533943783783784,0.7760538897981724,0.47901368832768565,300
3.5595520720720724,0.791334546607074,0.4835537127922384,300
3.5851603603603603,0.8070967363879556,0.4881212163956947,300
3.6107686486486488,0.8233611755435208,0.49271657404418634,300
3.636376936936937,0.8401532490646098,0.49734016552572363,300
3.661985225225225,0.857511245619835,0.5019923755751404,300
3.6875935135135136,0.8754570810632276,0.5066735939383366,300
3.713201801801802,0.894030941473516,0.5113842154356657,300
3.73881009009009,0.9132593308818381,0.5161246400242868,300
3.7644183783783784,0.9330955178430228,0.5208952728592903,300
3.790026666666667,0.9535614595603732,0.5256965243533842,300
3.815634954954955,0.9747364693810124,0.5305288102349163,300
3.8412432432432433,0.9966570722064696,0.5353925516039789,300
3.8668515315315317,1.019304218015161,0.5402881749863261,300
3.8924598198198197,1.0427114696032995,0.5452161123848058,300
3.918068108108108,1.0669818668049909,0.5501768013279884,300
3.9436763963963966,1.0920756595988874,0.5551706849156347,300
3.969284684684685,1.1180312693588186,0.5601982118606295,300
3.994892972972973,1.144968985314404,0.5652598365269614,300
4.020501261261261,1.1728400778072003,0.5703560189633031,300
4.046109549549549,1.2016984554862957,0.5754872249316982,300
4.071717837837838,1.2316984765338876,0.5806539259308302,300
4.097326126126126,1.2628472756519362,0.5858565992132937,300
4.122934414414415,1.2951916135868866,0.591095727796243,300
4.148542702702703,1.3287953593793929,0.5963718004647427,300
4.1741509909909915,1.3636513690045788,0.6016853117670823,300
4.199759279279279,1.3998580228065909,0.6070367620012582,300
4.2253675675675675,1.4374994498245686,0.6124266571917616,300
4.250975855855856,1.4766965023610985,0.617855509055728,300
4.276584144144144,1.5172483737674485,0.6233238349574448,300
4.302192432432433,1.559360833886826,0.628832157850107,300
4.327800720720721,1.6031089022100744,0.6343810062036359,300
4.353409009009009,1.648513981853482,0.6399709139172713,300
4.379017297297297,1.6955599363265714,0.6456024202155421,300
4.404625585585586,1.744324829172327,0.6512760695261037,300
4.430233873873874,1.7949320983996908,0.6569924113378117,300
4.4558421621621624,1.8473715949963974,0.6627520000372671,300
4.481450450450451,1.9016605759352199,0.6685553947219199,300
4.507058738738738,1.9580010368359573,0.6744031589876742,300
4.532667027027027,2.0162803850010835,0.6802958606887637,300
4.558275315315315,2.07644064546438,0.6862340716674896,300
4.583883603603604,2.138667515629648,0.6922183674512336,300
4.609491891891892,2.2028155132973324,0.6982493269139365,300
4.6351001801801806,2.2690406752784136,0.7043275318990303,300
4.660708468468469,2.3373642436666553,0.7104535668005677,300
4.6863167567567565,2.4078464144504585,0.7166280180990501,300
4.711925045045045,2.4143801702201437,0.7228514738481848,300
4.737533333333333,2.3540180170699627,0.7291245231085219,300
4.763141621621622,2.3495264940109792,0.7354477553236175,300
4.78874990990991,2.4017219235273926,0.7418217596340625,300
4.814358198198199,2.3991051061727044,0.7482471241243588,300
4.839966486486486,2.429821283351972,0.7547244349972979,300
4.865574774774775,2.3757709076830866,0.7612542756701058,300
4.891183063063063,2.3152777887710605,0.7678372257862268,300
4.9167913513513515,2.3799943071013727,0.7744738601362409,300
4.94239963963964,2.3634948267400064,0.7811647474809564,300
4.968007927927928,2.3593033863794504,0.7879104492693093,300
4.993616216216217,2.2866591830393306,0.7947115182432543,300
5.019224504504504,2.3487816201302434,0.8015684969213832,300
5.044832792792793,2.312084082369129,0.8084819159525609,300
5.070441081081081,2.2574210473220866,0.81545229233042,300
5.09604936936937,2.2444742112918092,0.8224801274591265,300
5.121657657657658,2.3037825201672733,0.8295659050604125,300
5.147265945945946,2.3648140073744526,0.8367100889114936,300
5.172874234234234,2.363233607581018,0.8439131204031325,300
5.198482522522522,2.417553912139296,0.8511754159068528,300
5.224090810810811,2.4813548801961103,0.8584973639400713,300
5.249699099099099,2.4734348062282994,0.865879322117817,300
5.275307387387388,2.4650777012131115,0.8733216138797107,300
5.300915675675676,2.5293661040837705,0.8808245249810143,300
5.3265239639639645,2.595049176899108,0.8883882997368985,300
5.352132252252252,2.6627142568188544,0.8960131370096024,300
5.3777405405405405,2.5866566488568528,0.9036991859289474,300
5.403348828828829,2.5801045899354813,0.911446541337743,300
5.428957117117117,2.5739729276596393,0.9192552389550517,300
5.454565405405406,2.6240646182131826,0.9271252502520806,300
5.480173693693694,2.5761398641701687,0.9350564770377416,300
5.505781981981982,2.5517326283283532,0.9430487457536961,300
5.53139027027027,2.5427721674605666,0.9511018014820436,300
5.556998558558559,2.604968345306317,0.9592153016727998,300
5.582606846846847,2.5959763680091905,0.9673888096029926,300
5.6082151351351355,2.552992774073532,0.9756217875846429,300
5.633823423423424,2.5758828510455656,0.983913589945103,300
5.659431711711711,2.637781124167264,0.9922634558104506,300
5.68504,2.64850208749272,1.0006705017304085,300
5.710648288288288,2.6874666724088287,1.009133714192308,300
5.736256576576577,2.611667410825554,1.0176519420812384,300
5.761864864864865,2.6162683950008403,1.0262238891540831,300
5.787473153153154,2.5878134863960267,1.034848106606384,300
5.813081441441442,2.5771863864978632,1.0435229858228012,300
5.8386897297297295,2.564353117628603,1.0522467514140943,300
5.864298018018018,2.623291055018965,1.0610174546558457,300
5.889906306306306,2.61069395308679,1.069832967456165,300
5.915514594594595,2.670366455195804,1.0786909769910187,300
5.941122882882883,2.731486670398033,1.0875889811560473,300
5.966731171171172,2.79430398298579,1.0965242849923085,300
5.992339459459459,2.8544385593141213,1.105493998249602,300
6.017947747747748,2.8499012706664404,1.1144950342543152,300
6.043556036036036,2.8439713751880453,1.1235241102482967,300
6.0691643243243245,2.8140884835285944,1.1325777493605544,300
6.094772612612613,2.827179650549292,1.141652284363822,300
6.120380900900901,2.89077172031422,1.1507438633528086,300
6.145989189189189,2.9563140620234494,1.1598484574597907,300
6.171597477477477,2.835428117164842,1.1689618706959068,300
6.197205765765766,2.8692374867011177,1.1780797519731243,300
6.222814054054054,2.9330303716046737,1.187197609322742,300
6.248422342342343,2.998386721222512,1.1963108262820017,300
6.274030630630631,3.0653022775215715,1.2054146803720611,300
6.2996389189189195,3.0736119836926536,1.214504363539455,300
6.325247207207207,3.057302945497661,1.2235750043809162,300
6.350855495495495,3.015932751771453,1.2326216919200244,300
6.376463783783784,3.046292520101656,1.241639500655536,300
6.402072072072072,3.112723835704642,1.2506235165577415,300
6.427680360360361,3.180897536693017,1.259568863652697,300
6.453288648648649,3.2503328761980916,1.2684707308067666,300
6.478896936936937,3.2160644129205873,1.2773243983069469,300
6.504505225225225,3.174650768010773,1.2861252638272451,300
6.5301135135135135,3.2429190143956435,1.2948688673783486,300
6.555721801801802,3.312373786013964,1.303550914857088,300
6.58133009009009,3.1703036581883137,1.3121672998429947,300
6.606938378378379,3.215856051792917,1.3207141233305075,300
6.632546666666667,3.233484796950922,1.3291877111353214,300
6.658154954954955,3.2563070918281096,1.3375846287698288,300
6.683763243243243,3.2678146547221405,1.3459016936433987,300
6.709371531531532,3.2789049129690406,1.3541359845056433,300
6.73497981981982,3.244416099538266,1.3622848481126422,300
6.7605881081081085,3.215209152874388,1.3703459031549143,300
6.786196396396397,3.205551296550102,1.3783170415398551,300
6.8118046846846845,3.203513953202217,1.386196427168821,300
6.837412972972973,3.2683516500365015,1.3939824923888966,300
6.863021261261261,3.2232058953792078,1.4016739323309042,300
6.88862954954955,3.2563221651207717,1.4092696973682348,300
6.914237837837838,3.250163057051532,1.4167689839456648,300
6.939846126126127,3.315233031716662,1.4241712240339999,300
6.965454414414415,3.1827505025208898,1.4314760734659289,300
6.991062702702703,3.2286728382643313,1.438683399401731,300
7.016670990990991,3.222228632138681,1.4457932671616338,300
7.042279279279279,3.2857919338647372,1.4528059266456173,300
7.067887567567568,3.3006951863578444,1.4597217985425308,300
7.093495855855856,3.2887599590107546,1.4665414605093914,300
7.119104144144145,3.266132549401619,1.4732656334797265,300
7.144712432432432,3.3296822373338637,1.4798951682374866,300
7.170320720720721,3.3948502725337426,1.486431032371153,300
7.195929009009009,3.3893980334636074,1.492874297701615,300
7.2215372972972975,3.4555066066403675,1.4992261282577362,300
7.247145585585586,3.412627469149371,1.5054877688553967,300
7.272753873873874,3.4469373656584623,1.5116605343194995,300
7.298362162162162,3.4422576110523035,1.5177457993739574,300
7.32397045045045,3.508891836233454,1.5237449892121055,300
7.349578738738739,3.5770574916982345,1.5296595707492116,300
7.375187027027027,3.5750112092582853,1.5354910445497745,300
7.400795315315316,3.603425070035114,1.5412409374148786,300
7.426403603603604,3.642891029625248,1.546910795608981,300
7.4520118918918925,3.713365101634695,1.5525021787009186,300
7.47762018018018,3.7855589204815807,1.5580166539905134,300
7.5032284684684685,3.859174305894497,1.56345579148976,300
7.528836756756757,3.863024466090346,1.5688211594260717,300
7.554445045045045,3.9382261307343938,1.5741143202342787,300
7.580053333333334,4.015120783122466,1.5793368270039092,300
7.605661621621622,4.092201683056353,1.584490220348602,300
7.63126990990991,4.101502982042025,1.5895760256652485,300
7.656878198198198,4.038839468829861,1.59459575075148,300
7.682486486486487,4.117103900424257,1.5995508837513621,300
7.708094774774775,4.195696339412355,1.6044428914007813,300
7.733703063063063,4.207016121914698,1.6092732175449804,300
7.759311351351352,4.252541478917633,1.61404328190331,300
7.784919639639639,4.292841135480719,1.6187544790568518,300
7.810527927927928,4.31081848351712,1.6234081776368796,300
7.836136216216216,4.340035007092703,1.6280057196934967,300
7.861744504504505,4.4066247167851165,1.6325484202254081,300
7.887352792792793,4.42016209007209,1.6370375668532773,300
7.9129610810810815,4.505249784294691,1.6414744196205857,300
7.93856936936937,4.52121669288334,1.6458602109072717,300
7.9641776576576575,4.5363879884700555,1.6501961454427183,300
7.989785945945946,4.51912324912322,1.6544834004058804,300
8.015394234234234,4.540921494071546,1.6587231256014587,300
8.041002522522522,4.501444494676551,1.6629164437020973,300
8.066610810810811,4.524472578242786,1.6670644505475398,300
8.092219099099099,4.610290886111734,1.6711682154925815,300
8.117827387387388,4.626637212321437,1.6752287817964866,300
8.143435675675676,4.714498865995695,1.679247167047284,300
8.169043963963965,4.721346617114044,1.6832243636150714,300
8.194652252252252,4.665078865208075,1.687161339129053,300
8.22026054054054,4.553584933643051,1.6910590369736556,300
8.24586882882883,4.5677073340997065,1.6949183767995541,300
8.271477117117117,4.597404844543516,1.6987402550459314,300
8.297085405405406,4.669500574419954,1.7025255454707289,300
8.322693693693694,4.644329738503678,1.7062750996860134,300
8.348301981981983,4.625516309746098,1.709989747695962,300
8.37391027027027,4.640864717165211,1.7136702984352588,300
8.399518558558558,4.48673568744991,1.7173175403059957,300
8.425126846846847,4.5339847669740525,1.7209322417114674,300
8.450735135135135,4.5484235823476,1.7245151515851418,300
8.476343423423424,4.63468279066364,1.7280669999142744,300
8.501951711711712,4.716861359013951,1.7315884982562295,300
8.52756,4.741142928725467,1.7350803402472723,300
8.553168288288289,4.831722445657746,1.7385432021028455,300
8.578776576576576,4.853128034520278,1.741977743108765,300
8.604384864864866,4.946609870322866,1.7453846061028369,300
8.629993153153153,4.9330647573612,1.7487644179465014,300
8.655601441441442,4.937600243143194,1.7521177899862082,300
8.68120972972973,5.020993669696134,1.755445318504281,300
8.706818018018017,5.048405259529632,1.7587475851591363,300
8.732426306306307,5.148118930581183,1.7620251574147365,300
8.758034594594594,5.237967355966059,1.7652785889592528,300
8.783642882882884,5.283651346833755,1.7685084201129297,300
8.809251171171171,5.343497759590579,1.7717151782251979,300
8.83485945945946,5.426770104934258,1.7748993780611084,300
8.860467747747748,5.537378040608158,1.778061522177196,300
8.886076036036036,5.651095649784643,1.781202101286904,300
8.911684324324325,5.768150777135943,1.7843215946157218,300
8.937292612612612,5.888486351474825,1.7874204702462015,300
8.962900900900902,5.962055530349118,1.7904991854530472,300
8.98850918918919,5.928042175592318,1.7935581870284663,300
9.014117477477477,5.969394390075439,1.7965979115979913,300
9.039725765765766,5.969899603123521,1.799618785926992,300
9.065334054054054,5.989843008423058,1.8026212272180897,300
9.090942342342343,6.09348540816607,1.8056056433997065,300
9.11655063063063,6.102096302236649,1.8085724334059698,300
9.14215891891892,6.231598843178257,1.8115219874482085,300
9.167767207207207,6.256416872926317,1.8144546872782625,300
9.193375495495495,6.301316091991319,1.8173709064438404,300
9.218983783783784,6.374738431470051,1.8202710105361493,300
9.244592072072072,6.33854905712866,1.8231553574300259,299
9.270200360360361,6.273670467621005,1.8260242975167917,298
9.295808648648649,6.143130591050951,1.8288781739300457,297
9.321416936936938,6.208456806869738,1.8317173227646248,297
9.347025225225225,6.108551738500365,1.8345420732889297,296
9.372633513513513,6.197409536531618,1.8373527481508405,296
9.398241801801802,6.34502589088873,1.8401496635774122,296
9.42385009009009,6.34667895327339,1.8429331295685591,295
9.44945837837838,6.496765194802497,1.8457034500849279,295
9.475066666666667,6.60937415115634,1.8484609232301317,295
9.500674954954956,6.4460932486852265,1.8512058414275565,294
9.526283243243244,6.448577681619084,1.8539384915918986,293
9.551891531531531,6.449498314434573,1.8566591552956266,292
9.57749981981982,6.39836865971734,1.859368108930524,291
9.603108108108108,6.414869832279483,1.8620656238644964,291
9.628716396396397,6.449869956397485,1.8647519665937873,291
9.654324684684685,6.5858983576713985,1.8674273988907766,291
9.679932972972972,6.74065147465839,1.8700921779474997,291
9.705541261261262,6.5916603543957795,1.8727465565150467,289
9.73114954954955,6.682362941591564,1.8753907830389773,289
9.756757837837839,6.588412414523767,1.8780251017908964,288
9.782366126126126,6.478254572877607,1.8806497529963226,287
9.807974414414415,6.490380764187104,1.8832649729589774,287
9.833582702702703,6.583081865891449,1.885870994181629,287
9.85919099099099,6.626757939791616,1.8884680454836065,287
9.88479927927928,6.504726859999822,1.8910563521151063,286
9.910407567567567,6.096203604723351,1.8936361358684068,284
9.936015855855857,6.146257571524088,1.896207615186097,284
9.961624144144144,6.0379186327905146,1.8987710052664382,283
9.987232432432434,6.118111996267127,1.9013265181659482,283
10.012840720720721,6.18508567218553,1.9038743628993227,283
10.038449009009009,6.307368861223874,1.9064147455367813,283
10.064057297297298,6.424602542022133,1.9089478692989432,283
10.089665585585585,6.412497279363341,1.9114739346493135,283
10.115273873873875,6.427547817534665,1.9139931393844747,283
10.140882162162162,6.295331216729658,1.9165056787220718,282
10.16649045045045,6.327309937985573,1.9190117453866697,282
10.19209873873874,6.2489251184454675,1.921511529693566,282
10.217707027027027,6.377365404528892,1.924005219630633,282
10.243315315315316,6.511304614147246,1.9264930009382772,282
10.268923603603604,6.491210726427505,1.9289750571875726,281
10.294531891891893,6.624550763832502,1.9314515698566543,281
10.32014018018018,6.604138908117893,1.9339227184054315,280
10.345748468468468,6.666799002038691,1.936388680348694,280
10.371356756756757,6.719321193984007,1.9388496313276729,280
10.396965045045045,6.735222667160195,1.9413057451801194,280
10.422573333333334,6.846339665987585,1.9437571940089682,280
10.448181621621622,6.957006591463202,1.946204148249636,280
10.473789909909911,6.98980362571497,1.948646776736026,280
10.499398198198199,6.946638942840893,1.95108524676528,279
10.525006486486486,6.76192828440742,1.9535197241613473,278
10.550614774774775,6.80819090363175,1.955950373337416,278
10.576223063063063,6.585973384140784,1.95837735735726,277
10.601831351351352,6.72202823262159,1.9608008379955546,277
10.62743963963964,6.7125782870119215,1.9632209757972108,276
10.653047927927929,6.774623384425593,1.9656379301357743,276
10.678656216216217,6.907986070817797,1.968051859270939,276
10.704264504504504,6.719305878455693,1.9704629204052215,275
10.729872792792793,6.769731655791511,1.9728712697398396,275
10.755481081081081,6.553603004813373,1.9752770625298424,274
10.78108936936937,6.385680859390377,1.9776804531385364,273
10.806697657657658,6.514874860910614,1.9800815950912438,273
10.832305945945945,6.491502339740062,1.9824806411284441,272
10.857914234234235,6.62089939884493,1.984877743258334,272
10.883522522522522,6.696912130617199,1.987273052808849,272
10.909130810810812,6.657207301240817,1.9896667204791854,271
10.9347390990991,6.718716879370004,1.9920588963908654,271
10.960347387387388,6.847372942233247,1.9944497301383772,271
10.985955675675676,6.75862379719147,1.9968393708394379,270
11.011563963963964,6.5291108957192385,1.99922796718491,269
11.037172252252253,6.603020948464439,2.0016156674884136,269
11.06278054054054,6.595167582924759,2.004002619735667,269
11.08838882882883,6.53888596275537,2.0063889716336,269
11.113997117117117,6.598843571346545,2.008774870659268,269
11.139605405405407,6.571139662241552,2.01116046410861,268
11.165213693693694,6.591088442752424,2.013545899145089,268
11.190821981981982,6.663209054479046,2.01593132284824,268
11.216430270270271,6.576816365049394,2.0183168822621727,267
11.242038558558558,6.545864672442196,2.020702724444064,266
11.267646846846848,6.640326573767267,2.023088996512672,266
11.293255135135135,6.482399191506963,2.0254758456969095,265
11.318863423423423,6.607684415334452,2.027863419384519,265
11.344471711711712,6.412235279846143,2.030251865170876,263
11.37008,6.527339611239146,2.0326413309079667,263
11.395688288288289,6.570382251611844,2.0350319647535744,263
11.421296576576577,6.36334777371058,2.0374239152207076,262
11.446904864864866,6.350569389365753,2.0398173312273187,262
11.472513153153153,6.314575166325861,2.042212362146336,262
11.498121441441441,6.310749586827862,2.044609157856066,262
11.52372972972973,6.176230957047861,2.047007868790987,261
11.549338018018018,6.211709541840089,2.049408645992991,261
11.574946306306307,6.18826912314123,2.051811641163101,261
11.600554594594595,6.2386871937709545,2.0542170067137135,261
11.626162882882884,6.2940432719007475,2.0566248958214044,261
11.651771171171172,6.24780757457924,2.05903546248034,261
11.677379459459459,6.339747877559496,2.0614488615563427,261
11.702987747747748,6.41652384740618,2.063865248841648,261
11.728596036036036,6.502236473358903,2.066284781110406,261
11.754204324324325,6.46606694251621,2.068707616174969,260
11.779812612612613,6.480612016411736,2.071133912943011,260
11.8054209009009,6.279838789583392,2.073563831475541,259
11.83102918918919,6.232643436330134,2.0759975330458404,259
11.856637477477477,6.291207782104213,2.078435180199395,259
11.882245765765767,6.088850743552062,2.080876936814862,258
11.907854054054054,6.020774386466581,2.0833229681661334,257
11.933462342342343,6.129770485598059,2.0857734409855473,257
11.959070630630631,6.242448703533762,2.088228523528312,257
11.984678918918918,6.358170867833148,2.090688385638193,257
12.010287207207208,6.477754304310671,2.093153198814534,257
12.035895495495495,6.536617702299934,2.095623136280669,257
12.061503783783785,6.562430303836223,2.0980983730537908,257
12.087112072072072,6.290016046162862,2.100579086016352,255
12.112720360360361,6.203371504669354,2.103065453989061,254
12.138328648648649,6.259142136893298,2.105557657805545,254
12.163936936936937,6.265279451084869,2.1080558803887604,254
12.189545225225226,6.3659746238336865,2.1105603068292296,254
12.215153513513513,6.48122624668198,2.1130711244651734,254
12.240761801801803,6.600029553365736,2.1155885229646407,254
12.26637009009009,6.7225507218547005,2.118112694409707,254
12.291978378378378,6.848876870587032,2.1206438333828412,254
12.317586666666667,6.957236992739995,2.1231821370555313,254
12.343194954954955,6.861435465871835,2.125727805279264,253
12.368803243243244,6.822696076229788,2.1282810406789676,252
12.394411531531532,6.946029207905886,2.130842048749014,252
12.42001981981982,6.961329961749303,2.133411037951899,252
12.445628108108108,6.607856700906701,2.1359882198197058,250
12.471236396396396,6.645049114010317,2.138573809058476,250
12.496844684684685,6.671357919999037,2.1411680236556174,250
12.522452972972973,6.715102432088744,2.1437710849904623,250
12.548061261261262,6.823529507978454,2.1463832179481295,250
12.57366954954955,6.7966254332240075,2.1490046510368157,250
12.599277837837839,6.781499501241491,2.1516356165086727,250
12.624886126126126,6.862737270061791,2.154276350484414,250
12.650494414414414,6.9953509121987985,2.1569270930818254,250
12.676102702702703,7.0253222747857995,2.159588088548328,250
12.70171099099099,6.630544117208535,2.1622595853977806,248
12.72731927927928,6.474048381501702,2.1649418365517032,247
12.752927567567568,6.422511870041933,2.167635099485102,247
12.778535855855857,6.515522957188471,2.1703396363771104,247
12.804144144144145,6.639634444492381,2.1730557142666385,247
12.829752432432432,6.768037409738557,2.1757836052132604,247
12.855360720720721,6.879401036762187,2.178523586463566,247
12.880969009009009,6.952129976537224,2.1812759406232063,247
12.906577297297298,6.667548611270214,2.1840409558348983,245
12.932185585585586,6.519914025873606,2.186818925962639,244
12.957793873873873,6.580441383313965,2.189610150782409,244
12.983402162162163,6.503815396604831,2.192414936179651,243
13.00901045045045,6.516830808538351,2.195233594353827,243
13.03461873873874,6.559723404731518,2.198066444030374,243
13.060227027027027,6.568138448695861,2.2009138106803814,243
13.085835315315316,6.354335970457729,2.203776026748346,242
13.111443603603604,6.417780407842743,2.206653431888374,242
13.137051891891891,6.363970718305691,2.2095463732092004,241
13.16266018018018,6.486159621683497,2.2124552055284474,241
13.188268468468468,6.433356400296976,2.215380291636532,240
13.213876756756758,6.556019815641692,2.2183220025706736,240
13.239485045045045,6.234932778917419,2.2212807178994725,238
13.265093333333335,6.251727230168463,2.2242568260185482,238
13.290701621621622,6.243646338894461,2.227250724457757,238
13.31630990990991,6.195255058571522,2.2302628202005326,238
13.341918198198199,5.868370931708271,2.2332935300159242,236
13.367526486486486,5.955308952338502,2.2363432808039394,236
13.393134774774776,5.932077790186679,2.239412509954819,236
13.418743063063063,6.008368784355215,2.2425016657229153,236
13.44435135135135,6.121039097460985,2.24561120761589,236
13.46995963963964,6.047358779227014,2.248741606799955,235
13.495567927927928,5.928082994746328,2.251893346521951,234
13.521176216216217,5.982409078512825,2.255066922549089,234
13.546784504504505,5.997098068494346,2.2582628436272127,234
13.572392792792794,5.770201537856523,2.2614816319585183,233
13.598001081081081,5.783793150114145,2.2647238236996716,233
13.623609369369369,5.853918031863556,2.2679899694813708,233
13.649217657657658,5.73738326684805,2.27128063495041,232
13.674825945945946,5.37356881170552,2.2745964013353865,230
13.700434234234235,5.265153413086777,2.2779378660372567,230
13.726042522522523,5.232607406159723,2.281305643245996,230
13.751650810810812,4.969667100191818,2.284700364584703,229
13.7772590990991,4.94333548441325,2.2881226797825627,229
13.802867387387387,4.86428223325191,2.2915732573781598,229
13.828475675675676,4.713269993574089,2.295052785454706,229
13.854083963963964,4.699336713791926,2.29856197240886,229
13.879692252252253,4.483780525814618,2.3021015477548925,228
13.90530054054054,4.481497875538665,2.3056722629660484,228
13.93090882882883,4.36285245608756,2.309274892355078,227
13.956517117117118,4.239013532433551,2.3129102339960124,226
13.982125405405405,4.242770013978291,2.3165791106893683,226
14.007733693693694,4.175944603665896,2.3202823709731115,226
14.033341981981982,4.166515914696911,2.3240208901818185,226
14.058950270270271,4.239291987593667,2.3277955715566407,226
14.084558558558559,4.314757036981296,2.331607347408792,226
14.110166846846846,4.188317157513958,2.335457180339466,225
14.135775135135136,4.260240278557147,2.3393460645192317,225
14.161383423423423,4.334836478730204,2.3432750270301406,225
14.186991711711713,4.412250251613165,2.347245129273955,225
14.2126,4.492565384065499,2.3512574684501004,225
14.23820828828829,4.1646663808044675,2.3553131791071378,223
14.263816576576577,4.23275914657447,2.3594134347717794,223
14.289424864864865,4.303183131465288,2.3635594496596726,223
14.315033153153154,4.168717901821236,2.3677524804724093,222
14.340641441441441,4.234795213924255,2.3719938282854747,222
14.36624972972973,4.303013731638215,2.3762848405320733,222
14.391858018018018,4.373471219796991,2.380626913088049,222
14.417466306306308,4.446331129450805,2.3850214924633666,222
14.443074594594595,4.521697957374955,2.3894700781059077,222
14.468682882882883,4.391507822840962,2.3939742248236158,221
14.494291171171172,4.462954253390449,2.398535545331299,221
14.51989945945946,4.536706996229654,2.4031557129286996,221
14.545507747747749,4.404862273260871,2.4078364643167376,220
14.571116036036036,4.4744135544909795,2.412579602559106,220
14.596724324324324,4.5461542895353855,2.417387000196698,220
14.622332612612613,4.6201659026505135,2.4222606025226177,220
14.6479409009009,4.696499623881511,2.427202431025781,220
14.67354918918919,4.775346804128237,2.4322145870113703,220
14.699157477477478,4.856883815803396,2.437299255406596,220
14.724765765765767,4.941139228656787,2.4424587087604364,220
14.750374054054054,5.028286303347355,2.4476953114460973,220
14.775982342342342,4.908718793532006,2.4530115240750736,219
14.801590630630631,4.9929457030498625,2.458409908131637,219
14.827198918918919,5.079974944587839,2.463893130836498,219
14.852807207207208,5.170062948136407,2.4694639702482073,219
14.878415495495496,5.263270582930307,2.4751253206104753,219
14.904023783783785,5.359779715242021,2.4808801979531365,219
14.929632072072073,5.459827719782767,2.486731745953739,219
14.95524036036036,5.361483508035616,2.492683242065867,218
14.98084864864865,5.460414383383822,2.4987381039190395,218
15.006456936936937,5.563031069230191,2.5048998959935753,218
15.032065225225226,5.253817360036597,2.5111723365718697,216
15.057673513513514,5.346176021340636,2.5175593049651996,216
15.083281801801801,5.441809923542345,2.5240648490123703,216
15.10889009009009,5.540673045248662,2.5306931928430054,216
15.134498378378378,5.643125979422648,2.537448744894264,216
15.160106666666668,5.543932037131451,2.544336106164812,215
15.185714954954955,5.645142102983632,2.5513600786841417,215
15.211323243243244,5.750054009356346,2.558525674168571,215
15.236931531531532,5.655991954764148,2.5658381228273583,214
15.26253981981982,5.760145552635332,2.573302882273235,214
15.288148108108109,5.868000455795379,2.5809256464811474,214
15.313756396396396,5.771737080927005,2.588712354726938,213
15.339364684684686,5.87881671379415,2.5966692004240426,213
15.364972972972973,5.989650404445936,2.6048026397607797,213
15.390581261261262,5.897348794946379,2.6131194000235927,212
15.41618954954955,6.007836726377186,2.621626487472292,212
15.441797837837838,6.122252540763491,2.6303311946123387,212
15.467406126126127,6.034466646319101,2.639241106686164,211
15.493014414414414,6.148892355820624,2.648364107180923,211
15.518622702702704,6.267586459641446,2.657708382124054,211
15.544230990990991,6.390574947540856,2.667282422910987,211
15.569839279279279,6.51838793069516,2.677095027382119,211
15.595447567567568,6.440415943079075,2.68715529883937,210
15.621055855855856,6.362206316562524,2.69747264266763,209
15.646664144144145,6.4876340974368745,2.7080567602045154,209
15.672272432432433,6.408221972588155,2.718917639484858,208
15.697880720720722,6.326039248833464,2.7300655424765754,207
15.72348900900901,6.4487604096710545,2.7415109884242232,207
15.749097297297297,6.367333353807213,2.7532647329288404,206
15.774705585585586,6.276562591200285,2.765337742420363,205
15.800313873873874,6.186593017882671,2.7777411637255245,204
15.825922162162163,6.30167651804401,2.7904862885026716,204
15.85153045045045,6.420999841574886,2.803584512408325,204
15.87713873873874,6.544624145044211,2.817047288980924,204
15.902747027027027,6.672883631709452,2.8308860783760723,204
15.928355315315315,6.589907883731867,2.8451122912646443,203
15.953963603603604,6.719304897271449,2.8597372284079623,203
15.979571891891892,6.853472528797025,2.8747720166485013,203
16.00518018018018,6.992938857955009,2.89022754229259,203
16.03078846846847,7.137860128204793,2.9061143831032723,203
16.056396756756758,6.647543364466283,2.922442740353675,200
16.082005045045044,6.77841533168069,2.93922237259836,200
16.107613333333333,6.699508617421867,2.956462532985033,199
16.133221621621622,6.3865596924500805,2.974171912034298,197
16.15882990990991,6.28840255511773,2.992358587844593,196
16.184438198198198,6.403620873859992,3.01102998561979,196
16.210046486486487,6.522869345816642,3.0301928482601173,196
16.235654774774776,6.427216731754437,3.0498532195012045,195
16.261263063063062,6.5466144149652,3.0700164407375645,195
16.28687135135135,6.6705333389848676,3.0906871622394414,195
16.31247963963964,6.7989358681837215,3.111869368987757,195
16.33808792792793,6.712867961015721,3.1335664208387355,194
16.363696216216216,6.388225559384146,3.155781106218991,192
16.389304504504505,6.504739194109283,3.17851570807606,192
16.414912792792794,6.39964954784008,3.201772080398467,191
16.44052108108108,6.515914923452983,3.2255517332982366,191
16.46612936936937,6.18269582062114,3.2498559244343617,189
16.49173765765766,5.826177220637225,3.274685754456431,187
16.517345945945948,5.918419491197901,3.3000422641625318,187
16.542954234234234,6.013555438439996,3.3259265311849915,187
16.568562522522523,6.111628790449425,3.352339764225545,187
16.594170810810812,5.9744742838996014,3.379283393136863,186
16.619779099099098,6.069512186353741,3.406759153467433,186
16.645387387387387,6.167469969416077,3.4347691644277107,186
16.670995675675677,6.268488905451257,3.4633159995768867,186
16.696603963963966,6.372729033899742,3.492402749853126,186
16.722212252252252,6.2444829172432,3.522033078862715,185
16.74782054054054,6.346358545082266,3.552211270595373,185
16.77342882882883,6.451401122855548,3.582942269939921,185
16.799037117117116,6.559809444659229,3.6142317165344893,185
16.824645405405406,6.437276228809306,3.646085972600906,184
16.850253693693695,6.543786528647172,3.6785121454871943,184
16.875861981981984,6.653712663481201,3.7115181056809616,184
16.90147027027027,6.767174782640382,3.745112501065426,184
16.92707855855856,6.650531224371325,3.7793047681756002,183
16.95268684684685,6.526650283911862,3.8141051411793914,182
16.978295135135134,6.633217709010251,3.849524659264831,182
17.003903423423424,6.501662955173299,3.8855751730614663,181
17.029511711711713,6.605736705182068,3.922269350668144,181
17.05512,6.712862350794845,3.9596206838022576,181
17.080728288288288,6.585674115623833,3.9976434945298838,180
17.106336576576577,6.69040838125025,4.036352942983545,180
17.131944864864867,6.798235719165791,4.0757650364262945,180
17.157553153153152,6.909292228526456,4.115896639977436,180
17.18316144144144,7.023673779163063,4.156765489277498,180
17.20876972972973,6.906751324105312,4.1983902053374385,179
17.234378018018017,7.0195624582997205,4.240790311790495,179
17.259986306306306,7.1356418445724055,4.283986254742927,179
17.285594594594595,7.255428025235805,4.327999425403286,179
17.311202882882885,7.137075263780922,4.3728521856576394,178
17.33681117117117,7.255152947083306,4.418567896749974,178
17.36241945945946,7.3768498546361485,4.465170951223263,178
17.38802774774775,7.502282860350897,4.512686808276114,178
17.413636036036035,7.631689248753569,4.561142032693142,178
17.439244324324324,7.765232831035038,4.61056433751342,178
17.464852612612614,7.903008087625814,4.6609826306105475,178
17.490460900900903,8.04549156555779,4.712427065370429,178
17.51606918918919,8.192579851638895,4.764929095667395,178
17.541677477477478,8.344766559170587,4.818521535357804,178
17.567285765765767,8.502263479896147,4.873238622530297,178
17.592894054054053,8.435929894033626,4.9291160887759125,177
17.618502342342342,8.59613831612049,4.9861912337677525,177
17.64411063063063,8.28978137843576,5.044503005469235,175
17.66971891891892,8.443915963505795,5.104092086323571,175
17.695327207207207,8.364122828152283,5.165000985812989,174
17.720935495495496,8.281724596853254,5.227274139817216,173
17.746543783783785,8.19718966888756,5.290958017244956,172
17.77215207207207,8.101248008732567,5.356101234461356,171
17.79776036036036,8.005736193571892,5.422754678088849,170
17.82336864864865,8.146867013766151,5.490971636818105,170
17.84897693693694,8.292563062980546,5.560807942932403,170
17.874585225225225,8.20047698366798,5.632322124321172,169
17.900193513513514,8.100023062015694,5.705575567839007,168
17.925801801801803,8.24263280795624,5.780632694956225,168
17.95141009009009,8.389868278367231,5.8575611507452106,168
17.97701837837838,8.542093444745579,5.936432007357366,168
18.002626666666668,8.20520677283447,6.017319983266914,166
18.028234954954954,8.09507089838427,6.100303679694711,165
18.053843243243243,8.235060306699449,6.185465835776229,165
18.079451531531532,8.124570122736884,6.272893604208204,164
18.10505981981982,8.264501467354519,6.362678849298249,164
18.130668108108107,8.149946393821924,6.454918469554606,163
18.156276396396397,8.289593354734256,6.549714747193279,163
18.181884684684686,8.182371595671093,6.647175727208519,162
18.20749297297297,8.321991048037638,6.747415628957308,162
18.23310126126126,8.21252820767853,6.850555293551483,161
18.25870954954955,8.090122264246583,6.956722670739454,160
18.28431783783784,8.22452535089435,7.0660533494006375,160
18.309926126126125,7.842607320420096,7.178691136275772,158
18.335534414414415,7.9667344006418235,7.294788688125975,158
18.361142702702704,8.09438343420978,7.414508203163194,158
18.38675099099099,7.955378123175836,7.5380221783368695,157
18.41235927927928,8.080857005810216,7.665514239911852,157
18.43796756756757,8.20996736168278,7.797180055747411,157
18.463575855855858,8.342723761165669,7.93322833880982,157
18.489184144144144,8.479471739455803,8.073881952742301,157
18.514792432432433,8.620215353716006,8.219379131810637,157
18.540400720720722,8.765225320939333,8.369974829270479,157
18.566009009009008,8.914697685720833,8.525942210210474,157
18.591617297297297,9.068746115824476,8.687574307259375,157
18.617225585585587,8.965514480099163,8.855185860270495,156
18.642833873873876,8.591046517968651,9.029115364283431,154
18.66844216216216,8.731595000538492,9.209727353802315,154
18.69405045045045,8.876357650489242,9.39741495582772,154
18.71965873873874,9.025389730431193,9.592602749269638,154
18.745267027027026,9.178870591453588,9.795749974513269,154
18.770875315315315,9.337227007441108,10.007354144204614,154
18.796483603603605,9.500573566813198,10.227955115014941,154
18.822091891891894,9.402465736822093,10.458139690538458,153
18.84770018018018,9.298929857424739,10.69854683794827,152
18.87330846846847,9.191692637296907,10.949873616060962,151
18.89891675675676,9.079689637565119,11.212881930627765,150
18.924525045045044,9.230427586977408,11.488406254732865,150
18.950133333333333,9.385628877874868,11.77736247908532,150
18.975741621621623,9.545427952496054,12.080758089948823,150
19.001349909909912,9.710177757452492,12.399703913022226,150
19.026958198198198,9.879907435907814,12.735427711755833,150
19.052566486486487,10.055015683309922,13.089289990970867,150
19.078174774774777,10.2357890286119,13.462802434624004,150
19.103783063063062,10.161388026580301,13.857649504589746,149
19.12939135135135,10.080278746561339,14.275713851313315,148
19.15499963963964,10.260563402347207,14.719106344981219,148
19.180607927927927,10.446638987087331,15.190201738040113,148
19.206216216216216,10.372645787103677,15.691681230774254,147
19.231824504504505,10.019577981256761,16.22658355080871,145
19.257432792792795,10.196127090916214,16.798366601827812,145
19.28304108108108,10.37819247723509,17.410982324080067,145
19.30864936936937,10.296334931699079,18.06896819231219,144
19.33425765765766,10.207959143627214,18.777559830929764,143
19.359865945945945,10.389268373249262,19.54283065988654,143
19.385474234234234,10.576291862773822,20.37186645620121,143
19.411082522522523,10.219729008774856,21.272985458917148,141
19.436690810810813,9.831498673588927,22.25601851048455,139
19.4622990990991,9.708483890492971,23.332669249425052,138
19.487907387387388,9.870351086415393,24.516982376233937,138
19.513515675675677,9.745678940501028,25.825959814958257,137
19.539123963963963,9.907425241043013,27.280382294571243,137
19.564732252252252,9.779253437931375,28.905920948975282,136
19.59034054054054,9.94054218675803,30.73466584144253,136
19.61594882882883,10.106652192877087,32.807266015294225,136
19.641557117117117,9.97966495231716,35.175986896334095,135
19.667165405405406,10.14559674716322,37.909179114246605,135
19.692773693693695,10.316480413201921,41.09798226672018,135
19.71838198198198,10.492537416942193,44.86668623202772,135
19.74399027027027,10.674017851380183,49.38931104556164,135
19.76959855855856,10.861041380151232,24.69465552278082,135
19.79520684684685,10.471137476919337,0.0,133
19.820815135135135,10.650394104265882,0.0,133
19.846423423423424,10.539631313560989,0.0,132
19.872031711711713,10.421678261657448,0.0,131
19.89764,10.293801772093277,0.0,130
19.92324828828829,10.464622975854711,0.0,130
19.948856576576578,10.3382625530647,0.0,129
19.974464864864867,10.206488713873656,0.0,128
20.000073153153153,9.746462923253578,0.0,126
20.025681441441442,9.895795773735468,0.0,126
20.05128972972973,10.049228584549823,0.0,126
20.076898018018017,10.206782373527231,0.0,126
20.102506306306307,10.368699437922263,0.0,126
20.128114594594596,10.534989302281433,0.0,126
20.153722882882885,10.705932200367023,0.0,126
20.17933117117117,10.881727602929626,0.0,126
20.20493945945946,11.062694215861383,0.0,126
20.23054774774775,11.248820332131418,0.0,126
20.256156036036035,11.44047726575729,0.0,126
20.281764324324325,11.637846639690139,0.0,126
20.307372612612614,11.538073356585508,0.0,125
20.3329809009009,11.737596810289789,0.0,125
20.35858918918919,11.633390032058685,0.0,124
20.38419747747748,11.83482259588325,0.0,124
20.409805765765768,11.426012465344826,0.0,122
20.435414054054053,11.619497463637833,0.0,122
20.461022342342343,11.818721397608813,0.0,122
20.486630630630632,12.023912973728207,0.0,122
20.512238918918918,12.235390171249026,0.0,122
20.537847207207207,11.831294813557918,0.0,120
20.563455495495496,12.035547806691488,0.0,120
20.589063783783786,12.24595278323303,0.0,120
20.61467207207207,12.152886339960357,0.0,119
20.64028036036036,12.053025320598508,0.0,118
20.66588864864865,11.93772337875914,0.0,117
20.691496936936936,11.82438447975759,0.0,116
20.717105225225225,12.025673426298493,0.0,116
20.742713513513515,11.574940423620127,0.0,114
20.768321801801804,11.42559265828804,0.0,113
20.79393009009009,11.611732591479635,0.0,113
20.81953837837838,11.80315384857264,0.0,113
20.84514666666667,12.000051097567198,0.0,113
20.870754954954954,12.202723292634543,0.0,113
20.896363243243243,12.079773382931213,0.0,112
20.921971531531533,12.283919887872967,0.0,112
20.947579819819822,12.494108019434956,0.0,112
20.973188108108108,12.710562864620808,0.0,112
20.998796396396397,12.599929106005847,0.0,111
21.024404684684686,12.136547961811786,0.0,109
21.050012972972972,12.340050685045798,0.0,109
21.07562126126126,12.204402376821385,0.0,108
21.10122954954955,11.711865138621558,0.0,106
21.12683783783784,11.899757594613419,0.0,106
21.152446126126126,11.366596432230596,0.0,104
21.178054414414415,11.541661903981073,0.0,104
21.203662702702704,11.721335225140212,0.0,104
21.22927099099099,11.90582742953551,0.0,104
21.25487927927928,12.09523810948876,0.0,104
21.28048756756757,12.290021099205587,0.0,104
21.306095855855858,12.490128969557816,0.0,104
21.331704144144144,12.695813875939916,0.0,104
21.357312432432433,12.907270271421327,0.0,104
21.382920720720723,12.76298512972094,0.0,103
21.40852900900901,12.975260601177789,0.0,103
21.434137297297298,13.193552307456955,0.0,103
21.459745585585587,13.064537009007484,0.0,102
21.485353873873873,13.284518324723797,0.0,102
21.510962162162162,13.51094210821572,0.0,102
21.53657045045045,13.74402982218201,0.0,102
21.56217873873874,13.98399977218916,0.0,102
21.587787027027026,13.51986757731334,0.0,100
21.613395315315316,13.382823384682009,0.0,99
21.639003603603605,13.241571589407213,0.0,98
21.66461189189189,13.463721441193313,0.0,98
21.69022018018018,13.69234747140751,0.0,98
21.71582846846847,13.190843137475156,0.0,96
21.74143675675676,13.027615351999039,0.0,95
21.767045045045045,12.858955112739801,0.0,94
21.792653333333334,12.667401739995448,0.0,93
21.818261621621623,12.86776431677593,0.0,93
21.84386990990991,13.073406534367562,0.0,93
21.8694781981982,13.284694595900238,0.0,93
21.895086486486488,13.113150485456162,0.0,92
21.920694774774777,13.324203855996632,0.0,92
21.946303063063063,13.137608213992607,0.0,91
21.971911351351352,13.34773272011046,0.0,91
21.99751963963964,13.161002822912815,0.0,90
22.023127927927927,13.370152341935762,0.0,90
22.048736216216216,13.584869733636268,0.0,90
22.074344504504506,13.805400854501249,0.0,90
22.099952792792795,14.032125591184789,0.0,90
22.12556108108108,14.265169061127562,0.0,90
22.15116936936937,13.702572035880127,0.0,88
22.17677765765766,13.923818918642677,0.0,88
22.202385945945945,14.151211450673513,0.0,88
22.227994234234234,14.384749845359,0.0,88
22.253602522522524,14.62507148753706,0.0,88
22.279210810810813,14.871975220947848,0.0,88
22.3048190990991,15.126124960587127,0.0,88
22.330427387387388,15.387603443985428,0.0,88
22.356035675675678,15.656716014447738,0.0,88
22.381643963963963,15.540721762700882,0.0,87
22.407252252252253,15.417745120099971,0.0,86
22.432860540540542,15.281975465220196,0.0,85
22.458468828828828,15.135181044017584,0.0,84
22.484077117117117,14.98341640693013,0.0,83
22.509685405405406,14.818176013385022,0.0,82
22.535293693693696,14.645956039556635,0.0,81
22.56090198198198,14.889017671580742,0.0,81
22.58651027027027,14.69977758353009,0.0,80
22.61211855855856,14.94318171374897,0.0,80
22.637726846846846,14.74983744514016,0.0,79
22.663335135135135,14.993682027066583,0.0,79
22.688943423423424,14.79847032341918,0.0,78
22.714551711711714,14.59719274152663,0.0,77
22.74016,14.378108161800277,0.0,76
22.76576828828829,14.608008241144494,0.0,76
22.791376576576578,14.844216652214437,0.0,76
22.816984864864864,15.086865054426042,0.0,76
22.842593153153153,14.412410610578146,0.0,74
22.868201441441443,14.640706839913054,0.0,74
22.893809729729732,14.389202864349967,0.0,73
22.919418018018018,14.615142262935548,0.0,73
22.945026306306307,14.847041662696988,0.0,73
22.970634594594596,15.085251745993371,0.0,73
22.996242882882882,14.847216834649478,0.0,72
23.02185117117117,15.083947387329456,0.0,72
23.04745945945946,15.327122541691917,0.0,72
23.07306774774775,15.57688798086172,0.0,72
23.098676036036036,15.833683132115961,0.0,72
23.124284324324325,15.630250012828913,0.0,71
23.149892612612614,14.907280837655804,0.0,69
23.1755009009009,15.14214606341182,0.0,69
23.20110918918919,14.879260349268936,0.0,68
23.22671747747748,14.59108882509843,0.0,67
23.252325765765768,14.283123527241422,0.0,66
23.277934054054054,14.495502605981702,0.0,66
23.303542342342343,14.18361783403017,0.0,65
23.329150630630632,13.836619794745129,0.0,64
23.354758918918918,14.032125373443206,0.0,64
23.380367207207208,14.232263954231842,0.0,64
23.405975495495497,14.436969866574033,0.0,64
23.431583783783786,14.646656780669666,0.0,64
23.457192072072072,14.861300772938426,0.0,64
23.48280036036036,15.081132772699377,0.0,64
23.50840864864865,15.306414709818874,0.0,64
23.534016936936936,15.537188891060365,0.0,64
23.559625225225226,15.773789847808002,0.0,64
23.585233513513515,16.016293651984803,0.0,64
23.6108418018018,16.26503418225689,0.0,64
23.63645009009009,15.992728504447513,0.0,63
23.66205837837838,15.699855546322187,0.0,62
23.68766666666667,15.935752782003288,0.0,62
23.713274954954954,16.177432254283186,0.0,62
23.738883243243244,15.876529241397217,0.0,61
23.764491531531533,16.113878896854125,0.0,61
23.79009981981982,16.35707774006458,0.0,61
23.815708108108108,16.60624947027417,0.0,61
23.841316396396397,16.312713283902326,0.0,60
23.866924684684687,16.00522924622537,0.0,59
23.892532972972973,16.239781634286683,0.0,59
23.918141261261262,16.4798351272326,0.0,59
23.94374954954955,16.725533426427635,0.0,59
23.969357837837837,16.977083049430405,0.0,59
23.994966126126126,17.234885698067107,0.0,59
24.020574414414416,17.49888893941902,0.0,59
24.046182702702705,17.76940213632232,0.0,59
24.07179099099099,18.046648599849604,0.0,59
24.09739927927928,18.330820062159987,0.0,59
24.12300756756757,18.622225729089276,0.0,59
24.148615855855855,18.921179827117715,0.0,59
24.174224144144144,19.22774880401928,0.0,59
24.199832432432434,19.030004031191798,0.0,58
24.225440720720723,19.33761443563869,0.0,58
24.25104900900901,19.653302614812496,0.0,58
24.276657297297298,19.97723505150673,0.0,58
24.302265585585587,20.309829972493265,0.0,58
24.327873873873873,20.65149080505723,0.0,58
24.353482162162162,21.002516917919568,0.0,58
24.37909045045045,20.86036821792462,0.0,57
24.40469873873874,20.70936658691042,0.0,56
24.430307027027027,20.531628055705262,0.0,55
24.455915315315316,20.875256438810396,0.0,55
24.481523603603605,20.698832411069905,0.0,54
24.50713189189189,21.045438401117867,0.0,54
24.53274018018018,20.861836769738662,0.0,53
24.55834846846847,21.211159147145214,0.0,53
24.583956756756756,21.027842072420306,0.0,52
24.609565045045045,21.380264063129523,0.0,52
24.635173333333334,21.742109758123416,0.0,52
24.660781621621624,22.113878759080823,0.0,52
24.68638990990991,21.397529780812455,0.0,50
24.7119981981982,21.757135774608088,0.0,50
24.737606486486488,20.98170649605335,0.0,48
24.763214774774774,21.32675373684535,0.0,48
24.788823063063063,21.68087038834444,0.0,48
24.814431351351352,22.044437682080304,0.0,48
24.84003963963964,22.417755198528937,0.0,48
24.865647927927927,22.801372917016135,0.0,48
24.891256216216217,22.055603984112015,0.0,46
24.916864504504506,21.826511578061847,0.0,45
24.942472792792792,21.577064987669488,0.0,44
24.96808108108108,21.931484164939715,0.0,44
24.99368936936937,21.65583965543626,0.0,43
25.01929765765766,21.360724602304067,0.0,42
25.044905945945946,21.01896263582792,0.0,41
25.070514234234235,21.35123663227485,0.0,41
25.096122522522524,21.691781756851036,0.0,41
25.12173081081081,22.041058201970394,0.0,41
25.1473390990991,22.399212632644375,0.0,41
25.17294738738739,22.766421947205554,0.0,41
25.198555675675678,23.143304967719317,0.0,41
25.224163963963964,23.529902159400894,0.0,41
25.249772252252253,23.926727592110787,0.0,41
25.275380540540542,23.69024975630069,0.0,40
25.300988828828828,24.089190030461896,0.0,40
25.326597117117117,24.498849796403583,0.0,40
25.352205405405407,23.625386180281186,0.0,38
25.377813693693696,24.018667251173973,0.0,38
25.40342198198198,24.422220873369525,0.0,38
25.42903027027027,24.836325434017837,0.0,38
25.45463855855856,24.589273037321778,0.0,37
25.480246846846846,25.00571403129779,0.0,37
25.505855135135135,25.433396429030022,0.0,37
25.531463423423425,25.218471220724496,0.0,36
25.557071711711714,24.969199774653628,0.0,35
25.58268,25.39182410260595,0.0,35
