Force_f,Average_r,Average_n,Std_r,Std_n
0.0,0.0,0.0,0.0,0.0
0.01001001001001001,0.13039191546532294,0.0,0.011444217022188617,0.0
0.02002002002002002,0.2607838309306459,0.0,0.022888434044377234,0.0
0.03003003003003003,0.3911757463959688,0.0,0.03433265106656584,0.0
0.04004004004004004,0.5215676618612918,0.0,0.04577686808875447,0.0
0.050050050050050046,0.6519595773266146,0.0,0.057221085110943065,0.0
0.06006006006006006,0.7823514927919376,0.0,0.06866530213313168,0.0
0.07007007007007007,0.9127434082572609,0.0,0.08010951915532032,0.0
0.08008008008008008,1.0431353237225836,0.0,0.09155373617750893,0.0
0.09009009009009009,1.1735272391879068,0.0,0.10299795319969754,0.0
0.10010010010010009,1.3039191546532292,0.0,0.11444217022188613,0.0
0.11011011011011011,1.4256112010420188,0.0,0.12512282021781646,0.0
0.12012012012012012,1.546433260523157,0.0,0.1357271135111216,0.0
0.13013013013013014,1.6672553200042928,0.0,0.1463314068044274,0.0
0.14014014014014015,1.7880773794854294,0.0,0.1569357000977336,0.0
0.15015015015015015,1.908899438966566,0.0,0.16753999339104017,0.0
0.16016016016016016,2.0297214984477026,0.0,0.17814428668434706,0.0
0.17017017017017017,2.1505435579288394,0.0,0.18874857997765424,0.0
0.18018018018018017,2.2713656174099763,0.0,0.19935287327096163,0.0
0.19019019019019018,2.3921876768911137,0.0,0.20995716656426913,0.0
0.20020020020020018,2.5130097363722497,0.0,0.22056145985757686,0.0
0.21021021021021022,2.625808032453238,0.0,0.2304615226909095,0.0
0.22022022022022023,2.7368232700008566,0.0,0.24020508986647046,0.0
0.23023023023023023,2.8478385075484782,0.0,0.24994865704203179,0.0
0.24024024024024024,2.9588537450960986,0.0,0.2596922242175935,0.0
0.2502502502502503,3.0698689826437193,0.0,0.2694357913931556,0.0
0.2602602602602603,3.180884220191339,0.0,0.27917935856871795,0.0
0.2702702702702703,3.2918994577389604,0.0,0.28892292574428075,0.0
0.2802802802802803,3.4029146952865825,0.0,0.2986664929198437,0.0
0.2902902902902903,3.5139299328342033,0.0,0.3084100600954069,0.0
0.3003003003003003,3.6249451703818214,0.0,0.3181536272709703,0.0
0.3103103103103103,3.7288580061078562,0.0,0.32727383239504554,0.0
0.3203203203203203,3.830107441150793,0.0,0.3361602767498133,0.0
0.3303303303303303,3.9313568761937283,0.0,0.34504672110458146,0.0
0.34034034034034033,4.032606311236666,0.0,0.35393316545934966,0.0
0.35035035035035034,4.133855746279603,0.0,0.3628196098141183,0.0
0.36036036036036034,4.235105181322539,0.0,0.3717060541688872,0.0
0.37037037037037035,4.336354616365476,0.0,0.38059249852365623,0.0
0.38038038038038036,4.437604051408413,0.0,0.3894789428784256,0.0
0.39039039039039036,4.53885348645135,0.0,0.3983653872331952,0.0
0.40040040040040037,4.640102921494287,0.0,0.40725183158796496,0.0
0.41041041041041043,4.735330043569516,0.0,0.4156097113053257,0.0
0.42042042042042044,4.827115843948919,0.0,0.42366555408702394,0.0
0.43043043043043044,4.918901644328312,0.0,0.4317213968687227,0.0
0.44044044044044045,5.010687444707711,0.0,0.4397772396504212,0.0
0.45045045045045046,5.102473245087106,0.0,0.44783308243212,0.0
0.46046046046046046,5.194259045466504,0.0,0.4558889252138189,0.0
0.47047047047047047,5.2860448458458995,0.0,0.4639447679955178,0.0
0.4804804804804805,5.377830646225298,0.0,0.47200061077721667,0.0
0.4904904904904905,5.469616446604691,0.0,0.48005645355891596,0.0
0.5005005005005005,5.561402246984094,0.0,0.4881122963406151,0.0
0.5105105105105106,5.648307015560911,0.0,0.49573974038715096,0.0
0.5205205205205206,5.731144257635585,0.0,0.5030101854877173,0.0
0.5305305305305306,5.8139814997102635,0.0,0.5102806305882838,0.0
0.5405405405405406,5.896818741784935,0.0,0.5175510756888503,0.0
0.5505505505505506,5.979655983859608,0.0,0.5248215207894168,0.0
0.5605605605605606,6.062493225934281,0.0,0.5320919658899835,0.0
0.5705705705705706,6.145330468008961,0.0,0.5393624109905504,0.0
0.5805805805805806,6.228167710083634,0.0,0.5466328560911173,0.0
0.5905905905905906,6.311004952158307,0.0,0.5539033011916843,0.0
0.6006006006006006,6.393842194232985,0.0,0.5611737462922511,0.0
0.6106106106106106,6.47291313209671,0.0,0.5681136323727548,0.0
0.6206206206206206,6.547464504907302,0.0,0.574656847629182,0.0
0.6306306306306306,6.622015877717892,0.0,0.5812000628856093,0.0
0.6406406406406406,6.696567250528489,0.0,0.5877432781420369,0.0
0.6506506506506506,6.771118623339082,0.0,0.5942864933984646,0.0
0.6606606606606606,6.845669996149671,0.0,0.6008297086548925,0.0
0.6706706706706707,6.920221368960265,0.0,0.6073729239113204,0.0
0.6806806806806807,6.994772741770857,0.0,0.6139161391677486,0.0
0.6906906906906907,7.069324114581447,0.0,0.6204593544241764,0.0
0.7007007007007007,7.143875487392047,0.0,0.6270025696806049,0.0
0.7107107107107107,7.215690833769896,0.0,0.6333081582967214,0.0
0.7207207207207207,7.2827181338904685,0.0,0.6391979366943431,0.0
0.7307307307307307,7.3497454340110355,0.0,0.6450877673294642,0.0
0.7407407407407407,7.416772734131605,0.0,0.6509776487842022,0.0
0.7507507507507507,7.483800034252172,0.0,0.6568675796915161,0.0
0.7607607607607607,7.550818368889147,0.0,0.6627533258806322,0.0
0.7707707707707707,7.61781749177557,0.0,0.6686300283279943,0.0
0.7807807807807807,7.684816614661989,0.0,0.6745067463737272,0.0
0.7907907907907907,7.751804879995607,0.0,0.6803784182961737,0.0
0.8008008008008007,7.818786767278308,0.0,0.6862472073460106,0.0
0.8108108108108109,7.939553630427555,0.01,0.9056669641030279,0.09949874371066199
0.8208208208208209,8.056640604702665,0.02,1.0040958379314082,0.13999999999999996
0.8308308308308309,8.117784734519946,0.02,1.011816331392141,0.13999999999999996
0.8408408408408409,8.178914482239087,0.02,1.019474611434947,0.13999999999999996
0.8508508508508509,8.240039435925521,0.02,1.0271121718851508,0.13999999999999996
0.8608608608608609,8.301146884673903,0.02,1.0347215615035497,0.13999999999999996
0.8708708708708709,8.362194816632933,0.02,1.0422350629598256,0.13999999999999996
0.8808808808808809,8.485408165549234,0.03,1.1681636653160679,0.17058722109231983
0.8908908908908909,8.609961628833599,0.04,1.2837550686396475,0.19595917942265415
0.9009009009009009,8.671845946724794,0.04,1.2925851241907558,0.19595917942265415
0.9109109109109109,8.732618568398289,0.04,1.3013008239517534,0.19595917942265415
0.9209209209209209,8.788412235237153,0.04,1.309597415613729,0.19595917942265415
0.9309309309309309,8.844205902076009,0.04,1.3178940171491949,0.19595917942265415
0.9409409409409409,8.89999956891488,0.04,1.3261906283728468,0.19595917942265415
0.950950950950951,8.955793235753738,0.04,1.3344872491039883,0.19595917942265415
0.960960960960961,9.011584890553578,0.04,1.3427866156796318,0.19595917942265415
0.970970970970971,9.067363802439617,0.04,1.3511033179871457,0.19595917942265415
0.980980980980981,9.196155240720488,0.05,1.4510943380330905,0.21794494717703375
0.990990990990991,9.252354271607453,0.05,1.4598566155313988,0.21794494717703375
1.001001001001001,9.308547893277485,0.05,1.4685989141189393,0.21794494717703375
1.011011011011011,9.364255070426438,0.05,1.4772725250260696,0.21794494717703375
1.021021021021021,9.571122612004661,0.07,1.7558121346476412,0.2551470164434616
1.031031031031031,9.622818886071654,0.07,1.765491298697773,0.2551470164434616
1.0410410410410411,9.674483422774458,0.07,1.7750900969843675,0.2551470164434616
1.0510510510510511,9.807805140497292,0.08,1.941988756217235,0.27129319932501095
1.0610610610610611,9.943410663194514,0.09,2.0501393458107358,0.2861817604250837
1.0710710710710711,9.995709784969831,0.09,2.0606324834417538,0.2861817604250837
1.0810810810810811,10.392722217866158,0.13,2.6739433557688455,0.36482872693909374
1.0910910910910911,10.446711031183916,0.13,2.687287685902745,0.36482872693909374
1.1011011011011012,10.500662801093913,0.13,2.70052991287512,0.36482872693909374
1.1111111111111112,10.645799072892885,0.14,2.8151475361678133,0.3746998799039038
1.1211211211211212,10.695490050797368,0.14,2.8281812164961497,0.3746998799039038
1.1311311311311312,10.934927486593072,0.1599999444215896,3.0447682446169484,0.39293753527574365
1.1411411411411412,11.178088295984479,0.1799999783479351,3.413181978763429,0.43312811556242764
1.1511511511511512,11.523430576282921,0.21,3.6651481521546154,0.4537620521815373
1.1611611611611612,11.675953278148137,0.22,3.745512884468056,0.4600000000000006
1.1711711711711712,11.932638716967386,0.24,3.916224844424723,0.47159304490206433
1.1811811811811812,12.193781750291839,0.26,4.049169826735549,0.48207883172775784
1.1911911911911912,12.67068093419676,0.3,4.502336352218789,0.5196152422706629
1.2012012012012012,12.866155957778112,0.3129729820799933,4.52316325146409,0.5224287269405776
1.2112112112112112,13.110173505064951,0.33,4.633389448492194,0.5301886456724618
1.2212212212212212,13.50055835092807,0.36,5.025494081772182,0.5571355310873648
1.2312312312312312,14.359701807770069,0.43,5.731297591832181,0.6042350536008314
1.2412412412412412,14.884662836804944,0.47,5.983068698345799,0.6237788069500279
1.2512512512512513,15.4206069565339,0.51,6.246293509158091,0.6402343321003647
1.2612612612612613,16.82255590079088,0.62,6.952849342980338,0.6896375859826662
1.2712712712712713,17.75968665335676,0.69,7.590806316766858,0.7306846104852629
1.2812812812812813,18.589581208427695,0.75,8.04436544609564,0.7664854858377946
1.2912912912912913,19.83203209343963,0.8399999911128408,9.060419135126683,0.8333066538686692
1.3013013013013013,21.507063923423164,0.96,9.49755928484109,0.8475848040166839
1.3113113113113113,23.500319509175892,1.0999999589759903,9.798846445867035,0.8544003793333068
1.3213213213213213,26.5172636412183,1.3099998568362492,11.064333158789552,0.9240670274451301
1.3313313313313313,28.182110378780408,1.4199999413377227,11.392356622373942,0.9400000107051651
1.3413413413413413,30.47816607647847,1.569999958140028,11.973989481365738,0.9618211704888792
1.3513513513513513,34.10275800556468,1.8045944993459597,12.177101922207992,0.9459062241441808
1.3613613613613613,37.22521936773255,1.9999997524388065,11.628204626590705,0.9055385763851647
1.3713713713713713,38.93094367945749,2.099999833221702,11.521865853904263,0.8888193732704085
1.3813813813813813,41.65932238966523,2.2599998665333048,11.76266955047258,0.8901684928079495
1.3913913913913913,44.80065347804719,2.439999310006455,11.43371473128281,0.8522909977551489
1.4014014014014013,48.150699025702664,2.62693637697137,11.618619071677802,0.8295958791453649
1.4114114114114114,52.0630322416258,2.8399991126793607,12.534334084822579,0.8452214208326811
1.4214214214214214,55.63447341666646,3.0280174198804826,11.830240531496568,0.765273423130103
1.4314314314314314,59.63546738050989,3.2327920927508553,12.220186560140041,0.7460479928499019
1.4414414414414414,63.22528983036922,3.4099996583404204,11.082731068932285,0.6647557305086897
1.4514514514514514,65.99818496408278,3.5399997193514796,10.773598015955837,0.606959486906186
1.4614614614614614,68.24464016772083,3.639999917184432,11.246234915580471,0.5748042626607579
1.4714714714714714,70.7778280966818,3.7499998406267,10.01676869206384,0.455521591491938
1.4814814814814814,72.952989992315,3.8399998166339553,8.955854942178817,0.36660607903261305
1.4914914914914914,74.75632072691253,3.9099999136727956,8.067716131024818,0.2861817332774569
1.5015015015015014,75.91826847319805,3.949999939701381,7.617318722209051,0.2179449333440518
1.5115115115115114,76.63122311523607,3.969999986718891,7.4080740455954,0.17058721875670324
1.5215215215215214,77.35279253261598,3.99,7.167665812762635,0.09949874371066199
1.5315315315315314,77.82379936596759,4.0,6.830792622101067,0.0
1.5415415415415414,78.03684144404447,4.0,6.8496482174392535,0.0
1.5515515515515514,78.24978096656608,4.0,6.8684028428434765,0.0
1.5615615615615615,78.46272048908774,4.0,6.8871574913198055,0.0
1.5715715715715715,78.67552811634704,4.0,6.905782110897254,0.0
1.5815815815815815,78.88824443150158,4.0,6.924316782951275,0.0
1.5915915915915915,79.10096074665607,4.0,6.942851559454726,0.0
1.6016016016016015,79.31367706181061,4.0,6.961386439573309,0.0
1.6116116116116117,79.52639337696515,4.0,6.97992142248159,0.0
1.6216216216216217,79.72970718606908,4.0,6.9977046584195355,0.0
1.6316316316316317,79.92518557346432,4.0,7.014861376657644,0.0
1.6416416416416417,80.12066396085952,4.0,7.032018094895751,0.0
1.6516516516516517,80.31614234825469,4.0,7.049174813133859,0.0
1.6616616616616617,80.51162073564984,4.0,7.066331531371967,0.0
1.6716716716716717,80.70709912304507,4.0,7.083488249610074,0.0
1.6816816816816818,80.90257751044024,4.0,7.10064496784818,0.0
1.6916916916916918,81.09805589783541,4.0,7.117801686086288,0.0
1.7017017017017018,81.2935342852306,4.0,7.134958404324396,0.0
1.7117117117117118,81.4890126726258,4.0,7.152115122562505,0.0
1.7217217217217218,81.67749175566587,4.0,7.168657525168673,0.0
1.7317317317317318,81.85757167347981,4.0,7.18446274901652,0.0
1.7417417417417418,82.03765159129377,4.0,7.200267972864368,0.0
1.7517517517517518,82.2177315091077,4.0,7.216073196712215,0.0
1.7617617617617618,82.39781142692162,4.0,7.231878420560063,0.0
1.7717717717717718,82.57789134473558,4.0,7.24768364440791,0.0
1.7817817817817818,82.75797126254949,4.0,7.263488868255756,0.0
1.7917917917917918,82.93805118036346,4.0,7.279294092103607,0.0
1.8018018018018018,83.1181310981774,4.0,7.295099315951453,0.0
1.8118118118118118,83.29821101599133,4.0,7.3109045397993,0.0
1.8218218218218218,83.47331753187838,4.0,7.326273260463252,0.0
1.8318318318318318,83.63972059439332,4.0,7.340878100555383,0.0
1.8418418418418419,83.80612365690835,4.0,7.355482940647518,0.0
1.8518518518518519,83.97252671942334,4.0,7.370087780739649,0.0
1.8618618618618619,84.1389297819383,4.0,7.384692620831783,0.0
1.8718718718718719,84.30533284445332,4.0,7.399297460923916,0.0
1.8818818818818819,84.47173590696832,4.0,7.413902301016048,0.0
1.8918918918918919,84.63813896948328,4.0,7.42850714110818,0.0
1.901901901901902,84.80454203199828,4.0,7.443111981200315,0.0
1.911911911911912,84.97094509451327,4.0,7.457716821292448,0.0
1.921921921921922,85.13402478491258,4.0,7.472029975493175,0.0
1.931931931931932,85.28824214966986,4.0,7.485565300650149,0.0
1.941941941941942,85.44245951442721,4.0,7.499100625807125,0.0
1.951951951951952,85.5966768791846,4.0,7.5126359509641,0.0
1.961961961961962,85.7508942439419,4.0,7.526171276121078,0.0
1.971971971971972,85.90511160869923,4.0,7.53970660127805,0.0
1.981981981981982,86.05932897345657,4.0,7.553241926435026,0.0
1.991991991991992,86.21354633821394,4.0,7.566777251591998,0.0
2.002002002002002,86.36776370297126,4.0,7.580312576748974,0.0
2.012012012012012,86.52198106772865,4.0,7.593847901905949,0.0
2.022022022022022,86.67421812754252,4.0,7.607209420383856,0.0
2.032032032032032,86.81754381511077,4.0,7.619788808805953,0.0
2.042042042042042,86.96086950267903,4.0,7.632368197228051,0.0
2.052052052052052,87.10419519024722,4.0,7.6449475856501525,0.0
2.062062062062062,87.24752087781552,4.0,7.657526974072249,0.0
2.0720720720720722,87.3908465653838,4.0,7.670106362494348,0.0
2.0820820820820822,87.5341722529521,4.0,7.682685750916447,0.0
2.0920920920920922,87.67749794052037,4.0,7.6952651393385425,0.0
2.1021021021021022,87.82082362808862,4.0,7.707844527760643,0.0
2.1121121121121122,87.96414931565691,4.0,7.720423916182741,0.0
2.1221221221221223,88.10658715500301,4.0,7.7329253799038264,0.0
2.1321321321321323,88.24014651212843,4.0,7.744647596614785,0.0
2.1421421421421423,88.37370586925371,4.0,7.756369813325743,0.0
2.1521521521521523,88.50726522637902,4.0,7.768092030036699,0.0
2.1621621621621623,88.64082458350437,4.0,7.779814246747657,0.0
2.1721721721721723,88.7743839406297,4.0,7.791536463458615,0.0
2.1821821821821823,88.90794329775507,4.0,7.803258680169572,0.0
2.1921921921921923,89.04150265488039,4.0,7.814980896880527,0.0
2.2022022022022023,89.17506201200565,4.0,7.826703113591485,0.0
2.2122122122122123,89.30862136913102,4.0,7.838425330302441,0.0
2.2222222222222223,89.44218072625637,4.0,7.850147547013401,0.0
2.2322322322322323,89.56695518979379,4.0,7.8610987316555425,0.0
2.2422422422422423,89.69172965333118,4.0,7.872049916297682,0.0
2.2522522522522523,89.81650411686864,4.0,7.8830011009398255,0.0
2.2622622622622623,89.94127858040609,4.0,7.893952285581966,0.0
2.2722722722722724,90.0660530439435,4.0,7.904903470224106,0.0
2.2822822822822824,90.1908275074809,4.0,7.915854654866245,0.0
2.2922922922922924,90.31560197101835,4.0,7.926805839508387,0.0
2.3023023023023024,90.44037643455582,4.0,7.937757024150528,0.0
2.3123123123123124,90.5651508980932,4.0,7.94870820879267,0.0
2.3223223223223224,90.68992536163061,4.0,7.95965939343481,0.0
2.3323323323323324,90.80749372628253,4.0,7.96997811281155,0.0
2.3423423423423424,90.92434148104594,4.0,7.980233585661753,0.0
2.3523523523523524,91.04118923580938,4.0,7.990489058511955,0.0
2.3623623623623624,91.15803699057277,4.0,8.000744531362152,0.0
2.3723723723723724,91.27488474533617,4.0,8.011000004212356,0.0
2.3823823823823824,91.39173250009954,4.0,8.021255477062557,0.0
2.3923923923923924,91.50858025486299,4.0,8.031510949912757,0.0
2.4024024024024024,91.62542800962633,4.0,8.041766422762958,0.0
2.4124124124124124,91.74227576438975,4.0,8.052021895613159,0.0
2.4224224224224224,91.85912351915316,4.0,8.06227736846336,0.0
2.4324324324324325,91.97010165712318,4.0,8.072017683834913,0.0
2.4424424424424425,92.07977543580577,4.0,8.081643519766766,0.0
2.4524524524524525,92.18944921448842,4.0,8.091269355698621,0.0
2.4624624624624625,92.29912299317103,4.0,8.100895191630473,0.0
2.4724724724724725,92.40879677185364,4.0,8.110521027562326,0.0
2.4824824824824825,92.5184705505363,4.0,8.120146863494183,0.0
2.4924924924924925,92.62814432921893,4.0,8.129772699426034,0.0
2.5025025025025025,92.73781810790149,4.0,8.139398535357891,0.0
2.5125125125125125,92.84749188658418,4.0,8.149024371289743,0.0
2.5225225225225225,92.95716566526677,4.0,8.158650207221596,0.0
2.5325325325325325,93.06210362190532,4.0,8.167860387064179,0.0
2.5425425425425425,93.16526564527737,4.0,8.176914695873277,0.0
2.5525525525525525,93.26842766864937,4.0,8.185969004682383,0.0
2.5625625625625625,93.37158969202144,4.0,8.195023313491484,0.0
2.5725725725725725,93.47475171539345,4.0,8.204077622300591,0.0
2.5825825825825826,93.57791373876549,4.0,8.213131931109693,0.0
2.5925925925925926,93.68107576213761,4.0,8.222186239918797,0.0
2.6026026026026026,93.78423778550962,4.0,8.231240548727898,0.0
2.6126126126126126,93.88739980888167,4.0,8.240294857537002,0.0
2.6226226226226226,93.99056183225366,4.0,8.249349166346105,0.0
2.6326326326326326,94.08995189840569,4.0,8.258072417956557,0.0
2.6426426426426426,94.187186560432,4.0,8.266606494024915,0.0
2.6526526526526526,94.28442122245823,4.0,8.275140570093273,0.0
2.6626626626626626,94.38165588448459,4.0,8.283674646161632,0.0
2.6726726726726726,94.47889054651085,4.0,8.292208722229992,0.0
2.6826826826826826,94.57612520853712,4.0,8.300742798298351,0.0
2.6926926926926926,94.67335987056343,4.0,8.30927687436671,0.0
2.7027027027027026,94.77059453258971,4.0,8.31781095043507,0.0
2.7127127127127126,94.86782919461601,4.0,8.326345026503429,0.0
2.7227227227227226,94.96506385664232,4.0,8.33487910257179,0.0
2.7327327327327327,95.0593475457333,4.0,8.343154176338556,0.0
2.7427427427427427,95.15117209071164,4.0,8.351213414853996,0.0
2.7527527527527527,95.24299663568995,4.0,8.359272653369434,0.0
2.7627627627627627,95.33482118066824,4.0,8.36733189188487,0.0
2.7727727727727727,95.4266457256466,4.0,8.37539113040031,0.0
2.7827827827827827,95.51847027062489,4.0,8.383450368915748,0.0
2.7927927927927927,95.61029481560323,4.0,8.391509607431184,0.0
2.8028028028028027,95.70211936058149,4.0,8.399568845946622,0.0
2.8128128128128127,95.79394390555983,4.0,8.40762808446206,0.0
2.8228228228228227,95.88576845053814,4.0,8.4156873229775,0.0
2.8328328328328327,95.97534257154712,4.0,8.423549050716412,0.0
2.8428428428428427,96.06221618379281,4.0,8.431173765523491,0.0
2.8528528528528527,96.14908979603847,4.0,8.438798480330568,0.0
2.8628628628628627,96.2359634082842,4.0,8.44642319513765,0.0
2.8728728728728727,96.32283702052993,4.0,8.454047909944732,0.0
2.8828828828828827,96.40971063277559,4.0,8.46167262475181,0.0
2.8928928928928928,96.49658424502135,4.0,8.469297339558887,0.0
2.9029029029029028,96.58345785726706,4.0,8.476922054365968,0.0
2.9129129129129128,96.67033146951273,4.0,8.484546769173047,0.0
2.9229229229229228,96.75720508175844,4.0,8.49217148398013,0.0
2.932932932932933,96.84242704354676,4.0,8.49965123507595,0.0
2.942942942942943,96.92475861703453,4.0,8.506877299677079,0.0
2.952952952952953,97.00709019052232,4.0,8.51410336427821,0.0
2.962962962962963,97.08942176401011,4.0,8.521329428879335,0.0
2.972972972972973,97.1717533374979,4.0,8.528555493480464,0.0
2.982982982982983,97.2540849109857,4.0,8.535781558081592,0.0
2.992992992992993,97.3364164844735,4.0,8.54300762268272,0.0
3.003003003003003,97.41874805796128,4.0,8.550233687283846,0.0
3.013013013013013,97.50107963144912,4.0,8.557459751884974,0.0
3.023023023023023,97.58341120493692,4.0,8.564685816486104,0.0
3.033033033033033,97.66460361075018,4.0,8.571811898232987,0.0
3.043043043043043,97.7427582360982,4.0,8.578671359035217,0.0
3.053053053053053,97.82091286144623,4.0,8.585530819837446,0.0
3.063063063063063,97.89906748679418,4.0,8.59239028063968,0.0
3.073073073073073,97.97722211214219,4.0,8.59924974144191,0.0
3.083083083083083,98.05537673749015,4.0,8.606109202244138,0.0
3.093093093093093,98.13353136283814,4.0,8.61296866304637,0.0
3.103103103103103,98.21168598818616,4.0,8.619828123848603,0.0
3.113113113113113,98.28984061353417,4.0,8.626687584650831,0.0
3.123123123123123,98.36799523888212,4.0,8.633547045453062,0.0
3.133133133133133,98.44544985794784,4.0,8.640345069048553,0.0
3.143143143143143,98.51975444874311,4.0,8.646866625213718,0.0
3.153153153153153,98.59405903953841,4.0,8.65338818137888,0.0
3.163163163163163,98.66836363033372,4.0,8.659909737544044,0.0
3.173173173173173,98.74266822112901,4.0,8.666431293709207,0.0
3.183183183183183,98.8169728119243,4.0,8.672952849874369,0.0
3.193193193193193,98.8912774027196,4.0,8.679474406039532,0.0
3.203203203203203,98.96558199351486,4.0,8.685995962204695,0.0
3.2132132132132134,99.03988658431015,4.0,8.692517518369858,0.0
3.2232232232232234,99.11419117510553,4.0,8.69903907453502,0.0
3.2332332332332334,99.18817244764789,4.0,8.70553225322638,0.0
3.2432432432432434,99.25892053766096,4.0,8.711741657179676,0.0
3.2532532532532534,99.32966862767402,4.0,8.717951061132972,0.0
3.2632632632632634,99.40041671768705,4.0,8.72416046508627,0.0
3.2732732732732734,99.47116480770019,4.0,8.730369869039567,0.0
3.2832832832832834,99.54191289771329,4.0,8.736579272992865,0.0
3.2932932932932935,99.61266098772631,4.0,8.742788676946162,0.0
3.3033033033033035,99.68340907773941,4.0,8.748998080899456,0.0
3.3133133133133135,99.75415716775255,4.0,8.755207484852752,0.0
3.3233233233233235,99.82490525776561,4.0,8.76141688880605,0.0
3.3333333333333335,99.89565334777866,4.0,8.767626292759347,0.0
3.3433433433433435,99.96310917686137,4.0,8.773546745348591,0.0
3.3533533533533535,100.0305650059441,4.0,8.779467197937832,0.0
3.3633633633633635,100.09802083502674,4.0,8.785387650527072,0.0
3.3733733733733735,100.16547666410943,4.0,8.791308103116313,0.0
3.3833833833833835,100.23293249319212,4.0,8.797228555705555,0.0
3.3933933933933935,100.30038832227481,4.0,8.803149008294797,0.0
3.4034034034034035,100.36784415135749,4.0,8.80906946088404,0.0
3.4134134134134135,100.43529998044023,4.0,8.814989913473282,0.0
3.4234234234234235,100.50275580952285,4.0,8.820910366062524,0.0
3.4334334334334335,100.57021163860563,4.0,8.82683081865176,0.0
3.4434434434434436,100.63489131532896,4.0,8.832507616723253,0.0
3.4534534534534536,100.69929337681644,4.0,8.83816004934296,0.0
3.4634634634634636,100.76369543830384,4.0,8.843812481962667,0.0
3.4734734734734736,100.82809749979131,4.0,8.84946491458238,0.0
3.4834834834834836,100.89249956127873,4.0,8.85511734720209,0.0
3.4934934934934936,100.9569016227662,4.0,8.8607697798218,0.0
3.5035035035035036,101.02130368425367,4.0,8.866422212441512,0.0
3.5135135135135136,101.0857057457411,4.0,8.872074645061222,0.0
3.5235235235235236,101.1501078072285,4.0,8.87772707768093,0.0
3.5335335335335336,101.21450986871598,4.0,8.883379510300642,0.0
3.5435435435435436,101.27658989697336,4.0,8.88882814240658,0.0
3.5535535535535536,101.33815391784634,4.0,8.894231485509449,0.0
3.5635635635635636,101.39971793871928,4.0,8.89963482861232,0.0
3.5735735735735736,101.46128195959218,4.0,8.905038171715196,0.0
3.5835835835835836,101.52284598046515,4.0,8.91044151481807,0.0
3.5935935935935936,101.58441000133809,4.0,8.915844857920943,0.0
3.6036036036036037,101.64597402221106,4.0,8.921248201023818,0.0
3.6136136136136137,101.70753804308397,4.0,8.926651544126692,0.0
3.6236236236236237,101.76910206395695,4.0,8.932054887229564,0.0
3.6336336336336337,101.83066608482991,4.0,8.937458230332439,0.0
3.6436436436436437,101.89030834872216,4.0,8.94269290210462,0.0
3.6536536536536537,101.94922995374665,4.0,8.947864322127785,0.0
3.6636636636636637,102.00815155877119,4.0,8.95303574215096,0.0
3.6736736736736737,102.06707316379573,4.0,8.958207162174126,0.0
3.6836836836836837,102.12599476882016,4.0,8.963378582197299,0.0
3.6936936936936937,102.18491637384473,4.0,8.96855000222047,0.0
3.7037037037037037,102.24383797886925,4.0,8.973721422243639,0.0
3.7137137137137137,102.30275958389373,4.0,8.97889284226681,0.0
3.7237237237237237,102.36168118891821,4.0,8.98406426228998,0.0
3.7337337337337337,102.4206027939428,4.0,8.989235682313153,0.0
3.7437437437437437,102.47795604576532,4.0,8.994269454781564,0.0
3.7537537537537538,102.53441309575817,4.0,8.999224571504403,0.0
3.7637637637637638,102.590870145751,4.0,9.00417968822724,0.0
3.7737737737737738,102.64732719574384,4.0,9.009134804950081,0.0
3.7837837837837838,102.7037842457367,4.0,9.01408992167292,0.0
3.793793793793794,102.76024129572954,4.0,9.019045038395758,0.0
3.803803803803804,102.81669834572246,4.0,9.024000155118598,0.0
3.813813813813814,102.87315539571532,4.0,9.028955271841438,0.0
3.823823823823824,102.92961244570813,4.0,9.033910388564275,0.0
3.833833833833834,102.98606949570097,4.0,9.038865505287117,0.0
3.843843843843844,103.04127058080724,4.0,9.043710387039058,0.0
3.853853853853854,103.09542502850798,4.0,9.048463406315253,0.0
3.863863863863864,103.14957947620874,4.0,9.053216425591451,0.0
3.873873873873874,103.2037339239095,4.0,9.057969444867645,0.0
3.883883883883884,103.2578883716102,4.0,9.062722464143842,0.0
3.893893893893894,103.31204281931092,4.0,9.067475483420038,0.0
3.903903903903904,103.3661972670116,4.0,9.07222850269623,0.0
3.913913913913914,103.42035171471244,4.0,9.076981521972428,0.0
3.923923923923924,103.47450616241315,4.0,9.081734541248625,0.0
3.933933933933934,103.52866061011393,4.0,9.08648756052482,0.0
3.943943943943944,103.58183562261952,4.0,9.091154616396627,0.0
3.953953953953954,103.63383531289094,4.0,9.095718516183169,0.0
3.963963963963964,103.68583500316235,4.0,9.100282415969716,0.0
3.973973973973974,103.73783469343371,4.0,9.104846315756257,0.0
3.983983983983984,103.78983438370511,4.0,9.109410215542802,0.0
3.993993993993994,103.84183407397653,4.0,9.113974115329345,0.0
4.004004004004004,103.89383376424799,4.0,9.118538015115886,0.0
4.014014014014014,103.94583345451937,4.0,9.123101914902433,0.0
4.024024024024024,103.99783314479079,4.0,9.127665814688976,0.0
4.034034034034034,104.04983283506218,4.0,9.132229714475516,0.0
4.044044044044044,104.10109815224939,4.0,9.136729158887176,0.0
4.054054054054054,104.15107831653918,4.0,9.141115806392797,0.0
4.064064064064064,104.20105848082912,4.0,9.14550245389842,0.0
4.074074074074074,104.25103864511902,4.0,9.149889101404039,0.0
4.084084084084084,104.30101880940893,4.0,9.15427574890966,0.0
4.094094094094094,104.35099897369876,4.0,9.15866239641528,0.0
4.104104104104104,104.40097913798863,4.0,9.1630490439209,0.0
4.114114114114114,104.45095930227849,4.0,9.167435691426519,0.0
4.124124124124124,104.50093946656835,4.0,9.171822338932142,0.0
4.134134134134134,104.5509196308583,4.0,9.176208986437763,0.0
4.1441441441441444,104.60038280312757,4.0,9.180550260934162,0.0
4.1541541541541545,104.64846733000871,4.0,9.184770540739311,0.0
4.1641641641641645,104.6965518568898,4.0,9.188990820544467,0.0
4.1741741741741745,104.744636383771,4.0,9.193211100349618,0.0
4.1841841841841845,104.79272091065202,4.0,9.197431380154777,0.0
4.1941941941941945,104.84080543753315,4.0,9.201651659959929,0.0
4.2042042042042045,104.88888996441419,4.0,9.20587193976508,0.0
4.2142142142142145,104.93697449129537,4.0,9.210092219570235,0.0
4.2242242242242245,104.98505901817647,4.0,9.214312499375387,0.0
4.2342342342342345,105.03314354505756,4.0,9.218532779180542,0.0
4.2442442442442445,105.08090411056942,4.0,9.222724624347729,0.0
4.2542542542542545,105.12720684992004,4.0,9.226788513644074,0.0
4.2642642642642645,105.17350958927057,4.0,9.230852402940418,0.0
4.2742742742742745,105.2198123286211,4.0,9.234916292236765,0.0
4.2842842842842845,105.26611506797161,4.0,9.238980181533107,0.0
4.2942942942942945,105.3124178073222,4.0,9.243044070829454,0.0
4.3043043043043046,105.35872054667267,4.0,9.247107960125797,0.0
4.314314314314315,105.4050232860232,4.0,9.25117184942214,0.0
4.324324324324325,105.45132602537375,4.0,9.255235738718484,0.0
4.334334334334335,105.49762876472434,4.0,9.259299628014832,0.0
4.344344344344345,105.54377903360115,4.0,9.26335013556008,0.0
4.354354354354355,105.58840459774106,4.0,9.267266825594426,0.0
4.364364364364365,105.63303016188098,4.0,9.271183515628774,0.0
4.374374374374375,105.67765572602079,4.0,9.275100205663117,0.0
4.384384384384385,105.72228129016072,4.0,9.279016895697465,0.0
4.394394394394395,105.7669068543006,4.0,9.28293358573181,0.0
4.404404404404405,105.81153241844048,4.0,9.286850275766156,0.0
4.414414414414415,105.85615798258038,4.0,9.2907669658005,0.0
4.424424424424425,105.90078354672026,4.0,9.294683655834845,0.0
4.434434434434435,105.94540911086023,4.0,9.298600345869188,0.0
4.444444444444445,105.99003467500013,4.0,9.302517035903538,0.0
4.454454454454455,106.03307952423775,4.0,9.306294990511654,0.0
4.464464464464465,106.07612437347541,4.0,9.310072945119773,0.0
4.474474474474475,106.1191692227131,4.0,9.31385089972789,0.0
4.484484484484485,106.16221407195066,4.0,9.317628854336007,0.0
4.494494494494495,106.20525892118832,4.0,9.321406808944129,0.0
4.504504504504505,106.248303770426,4.0,9.325184763552246,0.0
4.514514514514515,106.29134861966368,4.0,9.328962718160364,0.0
4.524524524524525,106.33439346890131,4.0,9.332740672768482,0.0
4.534534534534535,106.37743831813891,4.0,9.336518627376599,0.0
4.544544544544545,106.4204831673766,4.0,9.340296581984717,0.0
4.554554554554555,106.46217192183481,4.0,9.343955514181944,0.0
4.564564564564565,106.50372506681519,4.0,9.347602544138077,0.0
4.574574574574575,106.54527821179539,4.0,9.351249574094215,0.0
4.584584584584585,106.5868313567757,4.0,9.35489660405035,0.0
4.594594594594595,106.62838450175609,4.0,9.358543634006482,0.0
4.604604604604605,106.66993764673629,4.0,9.36219066396262,0.0
4.614614614614615,106.71149079171659,4.0,9.365837693918758,0.0
4.624624624624625,106.75304393669687,4.0,9.36948472387489,0.0
4.634634634634635,106.79459708167713,4.0,9.373131753831029,0.0
4.644644644644645,106.83615022665745,4.0,9.37677878378716,0.0
4.654654654654655,106.87655021933634,4.0,9.38032460273084,0.0
4.664664664664665,106.91669395594819,4.0,9.383847930338414,0.0
4.674674674674675,106.95683769256001,4.0,9.387371257945986,0.0
4.684684684684685,106.99698142917185,4.0,9.390894585553555,0.0
4.694694694694695,107.03712516578372,4.0,9.394417913161131,0.0
4.704704704704705,107.07726890239556,4.0,9.397941240768704,0.0
4.714714714714715,107.1174126390074,4.0,9.401464568376278,0.0
4.724724724724725,107.15755637561921,4.0,9.40498789598385,0.0
4.734734734734735,107.19770011223112,4.0,9.408511223591427,0.0
4.744744744744745,107.237843848843,4.0,9.412034551199,0.0
4.754754754754755,107.27701795892023,4.0,9.415472776429723,0.0
4.764764764764765,107.31582845904694,4.0,9.418879088269135,0.0
4.774774774774775,107.35463895917366,4.0,9.422285400108542,0.0
4.784784784784785,107.39344945930038,4.0,9.42569171194795,0.0
4.794794794794795,107.43225995942716,4.0,9.429098023787354,0.0
4.804804804804805,107.47107045955391,4.0,9.432504335626765,0.0
4.814814814814815,107.5098809596807,4.0,9.43591064746617,0.0
4.824824824824825,107.54869145980737,4.0,9.439316959305579,0.0
4.834834834834835,107.58750195993414,4.0,9.442723271144988,0.0
4.844844844844845,107.62631246006093,4.0,9.446129582984392,0.0
4.854854854854855,107.66431951451499,4.0,9.449465382080113,0.0
4.864864864864865,107.70186745715615,4.0,9.45276088817944,0.0
4.874874874874875,107.73941539979732,4.0,9.45605639427877,0.0
4.884884884884885,107.77696334243845,4.0,9.459351900378097,0.0
4.894894894894895,107.81451128507962,4.0,9.462647406477423,0.0
4.904904904904905,107.85205922772076,4.0,9.465942912576754,0.0
4.914914914914915,107.88960717036194,4.0,9.46923841867608,0.0
4.924924924924925,107.92715511300308,4.0,9.472533924775403,0.0
4.934934934934935,107.96470305564429,4.0,9.47582943087473,0.0
4.944944944944945,108.00225099828545,4.0,9.479124936974058,0.0
4.954954954954955,108.03914606928838,4.0,9.48236313903256,0.0
4.964964964964965,108.07549708059292,4.0,9.485553587723702,0.0
4.974974974974975,108.11184809189749,4.0,9.48874403641484,0.0
4.984984984984985,108.14819910320197,4.0,9.491934485105986,0.0
4.994994994994995,108.18455011450648,4.0,9.495124933797129,0.0
5.005005005005005,108.220901125811,4.0,9.498315382488274,0.0
5.015015015015015,108.25725213711556,4.0,9.501505831179417,0.0
5.025025025025025,108.29360314842002,4.0,9.504696279870563,0.0
5.035035035035035,108.32995415972455,4.0,9.507886728561703,0.0
5.045045045045045,108.36630517102908,4.0,9.511077177252847,0.0
5.055055055055055,108.40213985235698,4.0,9.514222308804115,0.0
5.065065065065065,108.43735493771283,4.0,9.517313059787536,0.0
5.075075075075075,108.47257002306871,4.0,9.520403810770958,0.0
5.085085085085085,108.50778510842457,4.0,9.523494561754378,0.0
5.095095095095095,108.54300019378051,4.0,9.526585312737794,0.0
5.105105105105105,108.57821527913634,4.0,9.529676063721217,0.0
5.115115115115115,108.61343036449225,4.0,9.532766814704638,0.0
5.125125125125125,108.64864544984816,4.0,9.535857565688056,0.0
5.135135135135135,108.68386053520409,4.0,9.53894831667148,0.0
5.145145145145145,108.71907562056003,4.0,9.542039067654898,0.0
5.155155155155155,108.75389831174354,4.0,9.545095379909231,0.0
5.165165165165165,108.78803431312559,4.0,9.548091424387662,0.0
5.175175175175175,108.82217031450767,4.0,9.55108746886609,0.0
5.185185185185185,108.85630631588978,4.0,9.554083513344517,0.0
5.195195195195195,108.89044231727183,4.0,9.557079557822949,0.0
5.205205205205205,108.92457831865394,4.0,9.560075602301376,0.0
5.215215215215215,108.95871432003598,4.0,9.56307164677981,0.0
5.225225225225225,108.99285032141808,4.0,9.566067691258237,0.0
5.235235235235235,109.02698632280013,4.0,9.569063735736668,0.0
5.245245245245245,109.06112232418225,4.0,9.572059780215096,0.0
5.255255255255255,109.09497848043111,4.0,9.575031263403488,0.0
5.265265265265265,109.12808838299135,4.0,9.577937249818456,0.0
5.275275275275275,109.16119828555175,4.0,9.580843236233427,0.0
5.285285285285285,109.19430818811196,4.0,9.583749222648395,0.0
5.295295295295295,109.22741809067222,4.0,9.586655209063363,0.0
5.305305305305305,109.26052799323257,4.0,9.589561195478332,0.0
5.315315315315315,109.29363789579286,4.0,9.5924671818933,0.0
5.325325325325325,109.3267477983531,4.0,9.595373168308269,0.0
5.335335335335335,109.35985770091338,4.0,9.598279154723237,0.0
5.345345345345345,109.39296760347378,4.0,9.601185141138206,0.0
5.355355355355355,109.42589994328085,4.0,9.604075542575371,0.0
5.365365365365365,109.45803325069897,4.0,9.606895811612418,0.0
5.375375375375375,109.490166558117,4.0,9.609716080649463,0.0
5.385385385385385,109.52229986553517,4.0,9.612536349686506,0.0
5.395395395395395,109.55443317295322,4.0,9.61535661872355,0.0
5.405405405405405,109.58656648037129,4.0,9.618176887760594,0.0
5.415415415415415,109.6186997877894,4.0,9.620997156797642,0.0
5.425425425425425,109.65083309520753,4.0,9.623817425834686,0.0
5.435435435435435,109.6829664026256,4.0,9.62663769487173,0.0
5.445445445445445,109.71509971004369,4.0,9.629457963908779,0.0
5.455455455455455,109.7471484376821,4.0,9.632270809939447,0.0
5.465465465465465,109.77835136752388,4.0,9.635009425906368,0.0
5.475475475475475,109.80955429736564,4.0,9.637748041873284,0.0
5.485485485485485,109.84075722720742,4.0,9.640486657840206,0.0
5.495495495495495,109.87196015704922,4.0,9.643225273807124,0.0
5.505505505505505,109.90316308689107,4.0,9.645963889774045,0.0
5.515515515515515,109.93436601673278,4.0,9.648702505740964,0.0
5.525525525525525,109.96556894657456,4.0,9.651441121707881,0.0
5.535535535535535,109.99677187641629,4.0,9.654179737674802,0.0
5.545545545545545,110.02797480625806,4.0,9.65691835364172,0.0
5.555555555555555,110.05917773609991,4.0,9.659656969608639,0.0
5.565565565565565,110.08949360062188,4.0,9.662317726046142,0.0
5.575575575575575,110.11980946514404,4.0,9.664978482483644,0.0
5.585585585585585,110.1501253296661,4.0,9.667639238921144,0.0
5.595595595595595,110.18044119418815,4.0,9.670299995358649,0.0
5.605605605605605,110.21075705871024,4.0,9.672960751796147,0.0
5.615615615615615,110.24107292323231,4.0,9.675621508233649,0.0
5.625625625625625,110.27138878775442,4.0,9.678282264671154,0.0
5.635635635635635,110.30170465227643,4.0,9.680943021108659,0.0
5.645645645645645,110.33202051679854,4.0,9.683603777546157,0.0
5.655655655655655,110.36233638132059,4.0,9.686264533983664,0.0
5.665665665665665,110.39188268744064,4.0,9.688857747249708,0.0
5.675675675675675,110.42135203772061,4.0,9.691444206198616,0.0
5.685685685685685,110.45082138800048,4.0,9.694030665147517,0.0
5.6956956956956954,110.48029073828039,4.0,9.696617124096418,0.0
5.7057057057057055,110.50976008856031,4.0,9.699203583045321,0.0
5.7157157157157155,110.53922943884012,4.0,9.701790041994224,0.0
5.7257257257257255,110.56869878912013,4.0,9.704376500943129,0.0
5.7357357357357355,110.59816813939997,4.0,9.706962959892035,0.0
5.7457457457457455,110.62763748967984,4.0,9.709549418840938,0.0
5.7557557557557555,110.65710683995984,4.0,9.71213587778984,0.0
5.7657657657657655,110.68591472698662,4.0,9.714664285546581,0.0
5.7757757757757755,110.71457562217947,4.0,9.717179793038396,0.0
5.7857857857857855,110.74323651737235,4.0,9.719695300530216,0.0
5.7957957957957955,110.77189741256514,4.0,9.72221080802203,0.0
5.8058058058058055,110.80055830775804,4.0,9.724726315513852,0.0
5.8158158158158155,110.82921920295094,4.0,9.727241823005667,0.0
5.8258258258258255,110.8578800981438,4.0,9.729757330497483,0.0
5.8358358358358355,110.88654099333655,4.0,9.732272837989301,0.0
5.8458458458458455,110.91520188852945,4.0,9.734788345481116,0.0
5.8558558558558556,110.94386278372224,4.0,9.737303852972934,0.0
5.865865865865866,110.97196168620161,4.0,9.739770033971315,0.0
5.875875875875876,110.99984984141318,4.0,9.74221771753466,0.0
5.885885885885886,111.02773799662484,4.0,9.744665401098002,0.0
5.895895895895896,111.05562615183649,4.0,9.747113084661345,0.0
5.905905905905906,111.08351430704825,4.0,9.749560768224692,0.0
5.915915915915916,111.1114024622599,4.0,9.752008451788033,0.0
5.925925925925926,111.13929061747153,4.0,9.75445613535138,0.0
5.935935935935936,111.16717877268326,4.0,9.756903818914722,0.0
5.945945945945946,111.19506692789484,4.0,9.759351502478065,0.0
5.955955955955956,111.22295508310657,4.0,9.761799186041408,0.0
5.965965965965966,111.25037287355991,4.0,9.764205585518521,0.0
5.975975975975976,111.27752188415144,4.0,9.766588394089224,0.0
5.985985985985986,111.30467089474296,4.0,9.768971202659927,0.0
5.995995995995996,111.33181990533447,4.0,9.771354011230624,0.0
6.006006006006006,111.35896891592596,4.0,9.773736819801327,0.0
6.016016016016016,111.38611792651749,4.0,9.776119628372022,0.0
6.026026026026026,111.41326693710906,4.0,9.778502436942729,0.0
6.036036036036036,111.4404159477005,4.0,9.780885245513424,0.0
6.046046046046046,111.46756495829206,4.0,9.783268054084123,0.0
6.056056056056056,111.49471396888353,4.0,9.785650862654826,0.0
6.066066066066066,111.52147704997925,4.0,9.787999801401888,0.0
6.076076076076076,111.54791852316164,4.0,9.790320515295914,0.0
6.086086086086086,111.57435999634404,4.0,9.792641229189943,0.0
6.096096096096096,111.60080146952643,4.0,9.79496194308397,0.0
6.106106106106106,111.62724294270888,4.0,9.797282656978004,0.0
6.116116116116116,111.6536844158913,4.0,9.79960337087203,0.0
6.126126126126126,111.6801258890737,4.0,9.80192408476606,0.0
6.136136136136136,111.70656736225602,4.0,9.80424479866009,0.0
6.146146146146146,111.73300883543845,4.0,9.80656551255412,0.0
6.156156156156156,111.75945030862091,4.0,9.808886226448145,0.0
6.166166166166166,111.78558369957527,4.0,9.811179898770662,0.0
6.176176176176176,111.81134739185603,4.0,9.81344112120736,0.0
6.186186186186186,111.83711108413691,4.0,9.81570234364406,0.0
6.196196196196196,111.86287477641763,4.0,9.817963566080758,0.0
6.206206206206206,111.88863846869839,4.0,9.820224788517457,0.0
6.216216216216216,111.91440216097921,4.0,9.822486010954158,0.0
6.226226226226226,111.94016585325993,4.0,9.824747233390854,0.0
6.236236236236236,111.96592954554075,4.0,9.827008455827555,0.0
6.246246246246246,111.99169323782158,4.0,9.829269678264254,0.0
6.256256256256256,112.01745693010234,4.0,9.831530900700951,0.0
6.266266266266266,112.04298436278161,4.0,9.833771387591028,0.0
6.276276276276276,112.06809834115849,4.0,9.835975587274513,0.0
6.286286286286286,112.09321231953521,4.0,9.838179786957998,0.0
6.296296296296296,112.11832629791206,4.0,9.840383986641482,0.0
6.306306306306306,112.1434402762889,4.0,9.842588186324965,0.0
6.316316316316316,112.16855425466574,4.0,9.844792386008452,0.0
6.326326326326326,112.19366823304253,4.0,9.846996585691935,0.0
6.336336336336336,112.21878221141935,4.0,9.84920078537542,0.0
6.346346346346346,112.24389618979616,4.0,9.851404985058908,0.0
6.356356356356356,112.26901016817294,4.0,9.853609184742393,0.0
6.366366366366366,112.2939541781736,4.0,9.855798466750532,0.0
6.376376376376376,112.31844493917092,4.0,9.857947968291093,0.0
6.386386386386386,112.34293570016834,4.0,9.860097469831652,0.0
6.396396396396396,112.36742646116566,4.0,9.862246971372217,0.0
6.406406406406406,112.39191722216303,4.0,9.864396472912778,0.0
6.416416416416417,112.41640798316048,4.0,9.866545974453338,0.0
6.426426426426427,112.44089874415783,4.0,9.868695475993903,0.0
6.436436436436437,112.46538950515523,4.0,9.870844977534462,0.0
6.446446446446447,112.48988026615262,4.0,9.87299447907502,0.0
6.456456456456457,112.51437102714995,4.0,9.875143980615581,0.0
6.466466466466467,112.53875302448365,4.0,9.877283936125334,0.0
6.476476476476477,112.56264558533088,4.0,9.879380934496426,0.0
6.486486486486487,112.58653814617821,4.0,9.88147793286752,0.0
6.496496496496497,112.61043070702543,4.0,9.883574931238615,0.0
6.506506506506507,112.63432326787265,4.0,9.885671929609714,0.0
6.516516516516517,112.65821582872002,4.0,9.887768927980808,0.0
6.526526526526527,112.68210838956723,4.0,9.889865926351904,0.0
6.536536536536537,112.70600095041445,4.0,9.891962924722998,0.0
6.546546546546547,112.72989351126164,4.0,9.894059923094092,0.0
6.556556556556557,112.75378607210891,4.0,9.896156921465188,0.0
6.566566566566567,112.77762639791875,4.0,9.898249335383163,0.0
6.576576576576577,112.80094437335441,4.0,9.900295904769914,0.0
6.586586586586587,112.82426234879001,4.0,9.90234247415666,0.0
6.596596596596597,112.84758032422567,4.0,9.904389043543413,0.0
6.606606606606607,112.87089829966126,4.0,9.906435612930162,0.0
6.616616616616617,112.89421627509691,4.0,9.908482182316911,0.0
6.626626626626627,112.91753425053254,4.0,9.910528751703664,0.0
6.636636636636637,112.94085222596814,4.0,9.91257532109041,0.0
6.646646646646647,112.96417020140376,4.0,9.914621890477159,0.0
6.656656656656657,112.98748817683943,4.0,9.91666845986391,0.0
6.666666666666667,113.01080615227502,4.0,9.918715029250661,0.0
6.676676676676677,113.03357194979849,4.0,9.920713133854477,0.0
6.686686686686687,113.0563377473219,4.0,9.922711238458291,0.0
6.696696696696697,113.07910354484532,4.0,9.924709343062107,0.0
6.706706706706707,113.10186934236883,4.0,9.926707447665919,0.0
6.716716716716717,113.12463513989223,4.0,9.928705552269733,0.0
6.726726726726727,113.14740093741568,4.0,9.930703656873552,0.0
6.736736736736737,113.17016673493912,4.0,9.932701761477366,0.0
6.746746746746747,113.19293253246258,4.0,9.934699866081178,0.0
6.756756756756757,113.21569832998604,4.0,9.936697970685,0.0
6.766766766766767,113.23846412750954,4.0,9.938696075288806,0.0
6.776776776776777,113.2607472104599,4.0,9.940651815709675,0.0
6.786786786786787,113.28298202195292,4.0,9.94260331971224,0.0
6.796796796796797,113.30521683344595,4.0,9.944554823714807,0.0
6.806806806806807,113.32745164493905,4.0,9.946506327717373,0.0
6.816816816816817,113.34968645643212,4.0,9.948457831719942,0.0
6.826826826826827,113.37192126792513,4.0,9.95040933572251,0.0
6.836836836836837,113.39415607941828,4.0,9.952360839725078,0.0
6.846846846846847,113.41639089091132,4.0,9.954312343727642,0.0
6.856856856856857,113.43862570240431,4.0,9.95626384773021,0.0
6.866866866866867,113.46086051389737,4.0,9.958215351732777,0.0
6.876876876876877,113.48267726860807,4.0,9.960130159439455,0.0
6.886886886886887,113.5044011218115,4.0,9.962036812413716,0.0
6.896896896896897,113.52612497501508,4.0,9.963943465387976,0.0
6.906906906906907,113.54784882821849,4.0,9.965850118362233,0.0
6.916916916916917,113.56957268142196,4.0,9.967756771336497,0.0
6.926926926926927,113.59129653462551,4.0,9.969663424310752,0.0
6.936936936936937,113.61302038782891,4.0,9.971570077285014,0.0
6.946946946946947,113.63474424103246,4.0,9.973476730259272,0.0
6.956956956956957,113.65646809423593,4.0,9.975383383233535,0.0
6.966966966966967,113.67819194743936,4.0,9.977290036207796,0.0
6.976976976976977,113.69955809129334,4.0,9.979165295730837,0.0
6.986986986986987,113.72079009414131,4.0,9.981028782709677,0.0
6.996996996996997,113.74202209698922,4.0,9.982892269688515,0.0
7.007007007007007,113.76325409983716,4.0,9.984755756667353,0.0
7.017017017017017,113.78448610268507,4.0,9.986619243646194,0.0
7.027027027027027,113.80571810553297,4.0,9.988482730625027,0.0
7.037037037037037,113.8269501083809,4.0,9.990346217603868,0.0
7.047047047047047,113.84818211122885,4.0,9.992209704582708,0.0
7.057057057057057,113.86941411407683,4.0,9.994073191561545,0.0
7.067067067067067,113.89064611692473,4.0,9.995936678540383,0.0
7.077077077077077,113.9115765773993,4.0,9.997773700567093,0.0
7.087087087087087,113.93233472794601,4.0,9.999595599764012,0.0
7.097097097097097,113.95309287849294,4.0,10.001417498960937,0.0
7.107107107107107,113.9738510290397,4.0,10.003239398157854,0.0
7.117117117117117,113.99460917958649,4.0,10.005061297354775,0.0
7.127127127127127,114.01536733013343,4.0,10.006883196551694,0.0
7.137137137137137,114.0361254806802,4.0,10.00870509574862,0.0
7.147147147147147,114.05688363122705,4.0,10.010526994945536,0.0
7.157157157157157,114.07764178177383,4.0,10.01234889414246,0.0
7.167167167167167,114.09839993232073,4.0,10.014170793339376,0.0
7.177177177177177,114.11890901789225,4.0,10.01597083218008,0.0
7.187187187187187,114.1392105493178,4.0,10.017752654057277,0.0
7.197197197197197,114.15951208074324,4.0,10.019534475934474,0.0
7.207207207207207,114.17981361216876,4.0,10.021316297811667,0.0
7.217217217217217,114.20011514359436,4.0,10.023098119688859,0.0
7.227227227227227,114.22041667501992,4.0,10.024879941566054,0.0
7.237237237237237,114.2407182064454,4.0,10.02666176344325,0.0
7.247247247247247,114.26101973787094,4.0,10.028443585320447,0.0
7.257257257257257,114.28132126929648,4.0,10.030225407197642,0.0
7.267267267267267,114.301622800722,4.0,10.032007229074834,0.0
7.277277277277277,114.32172417357069,4.0,10.033771483694382,0.0
7.287287287287287,114.34158535612734,4.0,10.035514657604738,0.0
7.297297297297297,114.36144653868396,4.0,10.037257831515104,0.0
7.307307307307307,114.38130772124057,4.0,10.039001005425467,0.0
7.317317317317317,114.40116890379713,4.0,10.040744179335825,0.0
7.327327327327327,114.42103008635384,4.0,10.042487353246184,0.0
7.337337337337337,114.44089126891048,4.0,10.044230527156548,0.0
7.347347347347347,114.46075245146709,4.0,10.04597370106691,0.0
7.357357357357357,114.48061363402367,4.0,10.04771687497727,0.0
7.367367367367367,114.50047481658025,4.0,10.049460048887633,0.0
7.377377377377377,114.52018153468272,4.0,10.051189665021397,0.0
7.387387387387387,114.53961793999069,4.0,10.052895555046122,0.0
7.397397397397397,114.55905434529853,4.0,10.054601445070846,0.0
7.407407407407407,114.57849075060639,4.0,10.056307335095573,0.0
7.4174174174174174,114.59792715591426,4.0,10.058013225120296,0.0
7.4274274274274275,114.61736356122213,4.0,10.05971911514502,0.0
7.4374374374374375,114.63679996653003,4.0,10.061425005169747,0.0
7.4474474474474475,114.65623637183788,4.0,10.063130895194467,0.0
7.4574574574574575,114.67567277714572,4.0,10.064836785219194,0.0
7.4674674674674675,114.69510918245362,4.0,10.066542675243918,0.0
7.4774774774774775,114.71443374705045,4.0,10.068238750291629,0.0
7.4874874874874875,114.73346006975113,4.0,10.06990865206731,0.0
7.4974974974974975,114.75248639245177,4.0,10.07157855384299,0.0
7.5075075075075075,114.7715127151524,4.0,10.073248455618668,0.0
7.5175175175175175,114.79053903785308,4.0,10.074918357394349,0.0
7.5275275275275275,114.80956536055368,4.0,10.07658825917003,0.0
7.5375375375375375,114.82859168325434,4.0,10.07825816094571,0.0
7.5475475475475475,114.84761800595497,4.0,10.079928062721388,0.0
7.5575575575575575,114.86664432865564,4.0,10.081597964497067,0.0
7.5675675675675675,114.88567065135632,4.0,10.08326786627275,0.0
7.5775775775775776,114.9046249816532,4.0,10.084931448708037,0.0
7.587587587587588,114.92325534613283,4.0,10.086566594111577,0.0
7.597597597597598,114.94188571061255,4.0,10.088201739515123,0.0
7.607607607607608,114.96051607509226,4.0,10.089836884918665,0.0
7.617617617617618,114.97914643957198,4.0,10.091472030322203,0.0
7.627627627627628,114.99777680405167,4.0,10.093107175725743,0.0
7.637637637637638,115.01640716853137,4.0,10.094742321129285,0.0
7.647647647647648,115.03503753301105,4.0,10.096377466532825,0.0
7.657657657657658,115.05366789749074,4.0,10.098012611936365,0.0
7.667667667667668,115.07229826197043,4.0,10.099647757339909,0.0
7.677677677677678,115.09089384835025,4.0,10.101279850315857,0.0
7.687687687687688,115.10914165373069,4.0,10.102881419015894,0.0
7.697697697697698,115.12738945911126,4.0,10.104482987715928,0.0
7.707707707707708,115.14563726449171,4.0,10.106084556415967,0.0
7.717717717717718,115.16388506987225,4.0,10.107686125116004,0.0
7.727727727727728,115.18213287525278,4.0,10.109287693816038,0.0
7.737737737737738,115.20038068063324,4.0,10.110889262516075,0.0
7.747747747747748,115.21862848601378,4.0,10.11249083121611,0.0
7.757757757757758,115.2368762913943,4.0,10.114092399916148,0.0
7.767767767767768,115.25512409677486,4.0,10.11569396861618,0.0
7.777777777777778,115.27337190215535,4.0,10.117295537316219,0.0
7.787787787787788,115.29124991948903,4.0,10.118864653853823,0.0
7.797797797797798,115.30912793682268,4.0,10.120433770391422,0.0
7.807807807807808,115.32700595415638,4.0,10.122002886929025,0.0
7.817817817817818,115.34488397149012,4.0,10.123572003466629,0.0
7.827827827827828,115.3627619888237,4.0,10.125141120004228,0.0
7.837837837837838,115.38064000615745,4.0,10.12671023654183,0.0
7.847847847847848,115.39851802349118,4.0,10.128279353079433,0.0
7.857857857857858,115.41639604082484,4.0,10.129848469617038,0.0
7.867867867867868,115.43427405815845,4.0,10.13141758615464,0.0
7.877877877877878,115.45215207549221,4.0,10.132986702692238,0.0
7.887887887887888,115.46970502634886,4.0,10.134527287760875,0.0
7.897897897897898,115.48722547055792,4.0,10.136065019682611,0.0
7.907907907907908,115.50474591476686,4.0,10.137602751604348,0.0
7.917917917917918,115.52226635897588,4.0,10.139140483526084,0.0
7.927927927927928,115.53978680318487,4.0,10.140678215447828,0.0
7.937937937937938,115.55730724739384,4.0,10.14221594736956,0.0
7.947947947947948,115.57482769160283,4.0,10.1437536792913,0.0
7.957957957957958,115.59234813581187,4.0,10.14529141121304,0.0
7.967967967967968,115.60986858002089,4.0,10.146829143134772,0.0
7.977977977977978,115.62738902422993,4.0,10.148366875056512,0.0
7.987987987987988,115.64462642226754,4.0,10.149879763686306,0.0
7.997997997997998,115.66180092115592,4.0,10.151387131584556,0.0
8.008008008008009,115.67897542004447,4.0,10.152894499482809,0.0
8.018018018018019,115.69614991893285,4.0,10.154401867381061,0.0
8.028028028028029,115.71332441782135,4.0,10.155909235279314,0.0
8.038038038038039,115.73049891670982,4.0,10.157416603177564,0.0
8.048048048048049,115.74767341559831,4.0,10.158923971075815,0.0
8.058058058058059,115.76484791448675,4.0,10.160431338974067,0.0
8.068068068068069,115.78202241337522,4.0,10.161938706872318,0.0
8.078078078078079,115.79919691226365,4.0,10.16344607477057,0.0
8.088088088088089,115.81612793183271,4.0,10.164932074498186,0.0
8.098098098098099,115.83296764665701,4.0,10.166410061161807,0.0
8.108108108108109,115.84980736148133,4.0,10.16788804782543,0.0
8.118118118118119,115.86664707630564,4.0,10.16936603448905,0.0
8.128128128128129,115.88348679112993,4.0,10.170844021152678,0.0
8.138138138138139,115.9003265059543,4.0,10.172322007816305,0.0
8.148148148148149,115.91716622077861,4.0,10.173799994479928,0.0
8.158158158158159,115.93400593560298,4.0,10.175277981143552,0.0
8.168168168168169,115.95084565042727,4.0,10.176755967807178,0.0
8.178178178178179,115.96768536525158,4.0,10.1782339544708,0.0
8.188188188188189,115.98431880025919,4.0,10.179693834011733,0.0
8.198198198198199,116.00083436108595,4.0,10.181143366625411,0.0
8.208208208208209,116.01734992191277,4.0,10.182592899239093,0.0
8.218218218218219,116.0338654827394,4.0,10.184042431852774,0.0
8.228228228228229,116.05038104356622,4.0,10.185491964466452,0.0
8.238238238238239,116.06689660439295,4.0,10.186941497080133,0.0
8.248248248248249,116.08341216521967,4.0,10.188391029693813,0.0
8.258258258258259,116.09992772604643,4.0,10.189840562307497,0.0
8.268268268268269,116.11644328687318,4.0,10.191290094921172,0.0
8.278278278278279,116.13295884769997,4.0,10.192739627534854,0.0
8.288288288288289,116.14930312923596,4.0,10.194174129973868,0.0
8.298298298298299,116.16550467802965,4.0,10.195596107267326,0.0
8.308308308308309,116.18170622682345,4.0,10.197018084560781,0.0
8.318318318318319,116.19790777561722,4.0,10.198440061854242,0.0
8.328328328328329,116.21410932441097,4.0,10.199862039147693,0.0
8.338338338338339,116.2303108732047,4.0,10.201284016441157,0.0
8.348348348348349,116.24651242199845,4.0,10.202705993734613,0.0
8.358358358358359,116.2627139707922,4.0,10.204127971028068,0.0
8.368368368368369,116.27891551958605,4.0,10.20554994832153,0.0
8.378378378378379,116.29511706837974,4.0,10.206971925614981,0.0
8.388388388388389,116.31118032929089,4.0,10.208381763952547,0.0
8.398398398398399,116.32707764474279,4.0,10.209777035543048,0.0
8.408408408408409,116.34297496019474,4.0,10.211172307133545,0.0
8.418418418418419,116.35887227564666,4.0,10.21256757872404,0.0
8.428428428428429,116.37476959109861,4.0,10.213962850314536,0.0
8.438438438438439,116.39066690655052,4.0,10.215358121905034,0.0
8.448448448448449,116.40656422200246,4.0,10.216753393495525,0.0
8.458458458458459,116.42246153745437,4.0,10.218148665086023,0.0
8.468468468468469,116.43835885290628,4.0,10.21954393667652,0.0
8.478478478478479,116.45425616835824,4.0,10.22093920826701,0.0
8.488488488488489,116.47004623492562,4.0,10.222325066928484,0.0
8.498498498498499,116.48564861594495,4.0,10.223694452964164,0.0
8.508508508508509,116.50125099696436,4.0,10.22506383899984,0.0
8.518518518518519,116.5168533779838,4.0,10.22643322503552,0.0
8.528528528528529,116.53245575900308,4.0,10.227802611071192,0.0
8.538538538538539,116.54805814002253,4.0,10.229171997106869,0.0
8.548548548548549,116.56366052104195,4.0,10.230541383142546,0.0
8.558558558558559,116.57926290206134,4.0,10.231910769178226,0.0
8.568568568568569,116.59486528308076,4.0,10.2332801552139,0.0
8.578578578578579,116.61046766410007,4.0,10.234649541249576,0.0
8.588588588588589,116.62599204361649,4.0,10.236012081994781,0.0
8.598598598598599,116.64130841912501,4.0,10.237356368632062,0.0
8.608608608608609,116.65662479463343,4.0,10.23870065526934,0.0
8.618618618618619,116.6719411701419,4.0,10.240044941906616,0.0
8.62862862862863,116.68725754565035,4.0,10.2413892285439,0.0
8.63863863863864,116.70257392115882,4.0,10.242733515181179,0.0
8.64864864864865,116.71789029666735,4.0,10.244077801818458,0.0
8.65865865865866,116.73320667217575,4.0,10.245422088455737,0.0
8.66866866866867,116.74852304768423,4.0,10.246766375093019,0.0
8.67867867867868,116.76383942319275,4.0,10.248110661730294,0.0
8.68868868868869,116.77910535554754,4.0,10.249450520935332,0.0
8.6986986986987,116.79414429371113,4.0,10.25077045669528,0.0
8.70870870870871,116.80918323187466,4.0,10.252090392455232,0.0
8.71871871871872,116.82422217003824,4.0,10.253410328215178,0.0
8.72872872872873,116.83926110820182,4.0,10.25473026397513,0.0
8.73873873873874,116.85430004636535,4.0,10.25605019973508,0.0
8.74874874874875,116.86933898452895,4.0,10.257370135495027,0.0
8.75875875875876,116.8843779226925,4.0,10.258690071254977,0.0
8.76876876876877,116.89941686085602,4.0,10.260010007014927,0.0
8.77877877877878,116.91445579901958,4.0,10.261329942774877,0.0
8.78878878878879,116.92947026163212,4.0,10.262647730217983,0.0
8.7987987987988,116.94423996873424,4.0,10.263944034492663,0.0
8.80880880880881,116.9590096758363,4.0,10.265240338767331,0.0
8.81881881881882,116.97377938293845,4.0,10.26653664304201,0.0
8.82882882882883,116.98854909004056,4.0,10.267832947316686,0.0
8.83883883883884,117.00331879714265,4.0,10.26912925159136,0.0
8.84884884884885,117.01808850424477,4.0,10.270425555866037,0.0
8.85885885885886,117.03285821134692,4.0,10.271721860140714,0.0
8.86886886886887,117.04762791844901,4.0,10.27301816441539,0.0
8.87887887887888,117.0623976255511,4.0,10.274314468690063,0.0
8.88888888888889,117.07716733265323,4.0,10.275610772964741,0.0
8.8988988988989,117.09167568425028,4.0,10.276884140650363,0.0
8.90890890890891,117.10618403584742,4.0,10.278157508335992,0.0
8.91891891891892,117.12069238744445,4.0,10.279430876021616,0.0
8.92892892892893,117.13520073904155,4.0,10.280704243707236,0.0
8.93893893893894,117.14970909063861,4.0,10.28197761139286,0.0
8.94894894894895,117.16421744223575,4.0,10.283250979078485,0.0
8.95895895895896,117.17872579383278,4.0,10.284524346764108,0.0
8.96896896896897,117.19323414542986,4.0,10.285797714449732,0.0
8.97897897897898,117.20774249702696,4.0,10.287071082135359,0.0
8.98898898898899,117.22225084862404,4.0,10.28834444982098,0.0
8.998998998999,117.23652846932099,4.0,10.289597565644621,0.0
9.00900900900901,117.25078301692784,4.0,10.290848656282062,0.0
9.01901901901902,117.26503756453468,4.0,10.292099746919504,0.0
9.02902902902903,117.27929211214156,4.0,10.293350837556945,0.0
9.03903903903904,117.29354665974846,4.0,10.294601928194382,0.0
9.04904904904905,117.30780120735534,4.0,10.29585301883182,0.0
9.05905905905906,117.32205575496221,4.0,10.297104109469261,0.0
9.06906906906907,117.33631030256902,4.0,10.298355200106705,0.0
9.07907907907908,117.35056485017594,4.0,10.299606290744146,0.0
9.08908908908909,117.36481939778282,4.0,10.300857381381585,0.0
9.0990990990991,117.37887222398054,4.0,10.302090771518436,0.0
9.10910910910911,117.3928802231984,4.0,10.303320228210707,0.0
9.11911911911912,117.40688822241626,4.0,10.30454968490298,0.0
9.12912912912913,117.42089622163415,4.0,10.305779141595252,0.0
9.13913913913914,117.43490422085208,4.0,10.307008598287526,0.0
9.14914914914915,117.44891222006987,4.0,10.308238054979798,0.0
9.15915915915916,117.46292021928775,4.0,10.309467511672073,0.0
9.16916916916917,117.47692821850565,4.0,10.310696968364347,0.0
9.17917917917918,117.49093621772349,4.0,10.31192642505662,0.0
9.18918918918919,117.5049442169414,4.0,10.313155881748896,0.0
9.1991991991992,117.5187779755379,4.0,10.31437003940611,0.0
9.20920920920921,117.5325463939014,4.0,10.31557845992518,0.0
9.21921921921922,117.54631481226497,4.0,10.316786880444251,0.0
9.22922922922923,117.5600832306284,4.0,10.31799530096332,0.0
9.23923923923924,117.57385164899189,4.0,10.319203721482392,0.0
9.24924924924925,117.58762006735539,4.0,10.32041214200146,0.0
9.25925925925926,117.60138848571896,4.0,10.321620562520529,0.0
9.26926926926927,117.61515690408238,4.0,10.322828983039601,0.0
9.27927927927928,117.62892532244587,4.0,10.32403740355867,0.0
9.28928928928929,117.64269374080945,4.0,10.325245824077744,0.0
9.2992992992993,117.6563139730804,4.0,10.326441241117013,0.0
9.30930930930931,117.66984952758432,4.0,10.327629227596404,0.0
9.31931931931932,117.68338508208826,4.0,10.328817214075794,0.0
9.32932932932933,117.69692063659215,4.0,10.330005200555185,0.0
9.33933933933934,117.71045619109607,4.0,10.331193187034575,0.0
9.34934934934935,117.72399174559997,4.0,10.332381173513967,0.0
9.35935935935936,117.73752730010392,4.0,10.333569159993354,0.0
9.36936936936937,117.75106285460781,4.0,10.334757146472747,0.0
9.37937937937938,117.76459840911177,4.0,10.335945132952135,0.0
9.38938938938939,117.77813396361566,4.0,10.33713311943153,0.0
9.3993993993994,117.79154601062302,4.0,10.338310264057384,0.0
9.40940940940941,117.80485513471676,4.0,10.339478373805289,0.0
9.41941941941942,117.81816425881036,4.0,10.340646483553193,0.0
9.42942942942943,117.83147338290402,4.0,10.341814593301102,0.0
9.43943943943944,117.84478250699767,4.0,10.342982703049003,0.0
9.44944944944945,117.85809163109128,4.0,10.344150812796912,0.0
9.45945945945946,117.87140075518495,4.0,10.345318922544822,0.0
9.46946946946947,117.8847098792786,4.0,10.346487032292723,0.0
9.47947947947948,117.89801900337233,4.0,10.34765514204063,0.0
9.48948948948949,117.91132812746582,4.0,10.348823251788534,0.0
9.4994994994995,117.9245371462694,4.0,10.34998257786245,0.0
9.50950950950951,117.93762603872464,4.0,10.351131363527566,0.0
9.51951951951952,117.95071493117983,4.0,10.352280149192689,0.0
9.52952952952953,117.9638038236351,4.0,10.353428934857812,0.0
9.53953953953954,117.97689271609042,4.0,10.354577720522933,0.0
9.54954954954955,117.98998160854566,4.0,10.355726506188054,0.0
9.55955955955956,118.00307050100086,4.0,10.356875291853173,0.0
9.56956956956957,118.01615939345615,4.0,10.358024077518293,0.0
9.57957957957958,118.02924828591136,4.0,10.359172863183412,0.0
9.58958958958959,118.04233717836667,4.0,10.360321648848531,0.0
9.5995995995996,118.0553481542711,4.0,10.361463595027992,0.0
9.60960960960961,118.0682227762115,4.0,10.362593572107535,0.0
9.61961961961962,118.08109739815187,4.0,10.36372354918708,0.0
9.62962962962963,118.09397202009224,4.0,10.364853526266627,0.0
9.63963963963964,118.10684664203272,4.0,10.36598350334617,0.0
9.64964964964965,118.11972126397315,4.0,10.367113480425713,0.0
9.65965965965966,118.1325958859135,4.0,10.368243457505262,0.0
9.66966966966967,118.14547050785391,4.0,10.369373434584807,0.0
9.67967967967968,118.15834512979433,4.0,10.370503411664352,0.0
9.68968968968969,118.17121975173471,4.0,10.371633388743893,0.0
9.6996996996997,118.18403750205391,4.0,10.372758374797309,0.0
9.70970970970971,118.19670359471621,4.0,10.37387005144771,0.0
9.71971971971972,118.2093696873787,4.0,10.374981728098115,0.0
9.72972972972973,118.22203578004108,4.0,10.376093404748515,0.0
9.73973973973974,118.23470187270348,4.0,10.37720508139892,0.0
9.74974974974975,118.24736796536587,4.0,10.37831675804932,0.0
9.75975975975976,118.26003405802831,4.0,10.379428434699726,0.0
9.76976976976977,118.27270015069071,4.0,10.380540111350129,0.0
9.77977977977978,118.28536624335312,4.0,10.381651788000527,0.0
9.78978978978979,118.2980323360155,4.0,10.382763464650932,0.0
9.7997997997998,118.31066151917261,4.0,10.383871901530872,0.0
9.80980980980981,118.32312460955585,4.0,10.38496575944372,0.0
9.81981981981982,118.3355876999389,4.0,10.386059617356567,0.0
9.82982982982983,118.3480507903221,4.0,10.387153475269422,0.0
9.83983983983984,118.36051388070531,4.0,10.38824733318227,0.0
9.84984984984985,118.37297697108848,4.0,10.389341191095118,0.0
9.85985985985986,118.38544006147161,4.0,10.390435049007966,0.0
9.86986986986987,118.3979031518548,4.0,10.391528906920819,0.0
9.87987987987988,118.41036624223801,4.0,10.392622764833666,0.0
9.88988988988989,118.42282933262122,4.0,10.39371662274652,0.0
9.8998998998999,118.43527445342893,4.0,10.394808903793308,0.0
9.90990990990991,118.44753987848287,4.0,10.395885416179507,0.0
9.91991991991992,118.45980530353681,4.0,10.396961928565709,0.0
9.92992992992993,118.4720707285908,4.0,10.398038440951908,0.0
9.93993993993994,118.48433615364465,4.0,10.399114953338108,0.0
9.94994994994995,118.49660157869852,4.0,10.400191465724308,0.0
9.95995995995996,118.5088670037525,4.0,10.40126797811051,0.0
9.96996996996997,118.52113242880638,4.0,10.402344490496715,0.0
9.97997997997998,118.53339785386034,4.0,10.40342100288291,0.0
9.98998998998999,118.5456632789142,4.0,10.404497515269112,0.0
10.0,118.55792870396813,4.0,10.40557402765531,0.0
