r,r1,r2,r3,r4,n1,n2,n3,n4
0.0,,,,,,,,
0.054693366708385475,0.011865050022472899,0.013098791529011349,0.014242735357908501,0.015486789798992727,0.0,0.0,0.0,0.0
0.10938673341677095,0.02375919371607019,0.026198209737375664,0.028517640276817552,0.03091168968650755,0.0,0.0,0.0,0.0
0.16408010012515642,0.03563914393638127,0.03929711345953874,0.042776960020138914,0.04636688270909751,0.0,0.0,0.0,0.0
0.2187734668335419,0.047544483707559225,0.05236803339922217,0.05705459454891487,0.061806355177845634,0.0,0.0,0.0,0.0
0.27346683354192736,0.0594536326952554,0.06540519794485596,0.07133937577510681,0.07726862712670922,0.0,0.0,0.0,0.0
0.32816020025031284,0.07134383255340454,0.07848586075173365,0.08560738594448615,0.09272312100068851,0.0,0.0,0.0,0.0
0.3828535669586983,0.08323447790037218,0.09156635509538188,0.09987558290677873,0.10817715105616552,0.0,0.0,0.0,0.0
0.4375469336670838,0.09512490293120136,0.10464703277985353,0.11414402810313719,0.12363096985289172,0.0,0.0,0.0,0.0
0.4922403003754693,0.10701586498929203,0.11772699774045618,0.12841254434874527,0.13908489329697576,0.0,0.0,0.0,0.0
0.5469336670838547,0.1189058687300043,0.13080753345363746,0.1426808605610193,0.1545394043391936,0.0,0.0,0.0,0.0
0.6016270337922403,0.1307965280504243,0.14388697856997265,0.1569499912439398,0.16999353592790348,0.0,0.0,0.0,0.0
0.6563204005006257,0.14268670409682754,0.15696718576122953,0.17121778886512218,0.18544872177744648,0.0,0.0,0.0,0.0
0.7110137672090112,0.1545771432029962,0.17004667572755003,0.18548662918822748,0.20090331909023748,0.0,0.0,0.0,0.0
0.7657071339173966,0.1664673204984712,0.18312607766335784,0.19975547793203163,0.2163582578235359,0.0,0.0,0.0,0.0
0.8204005006257822,0.1783578304392857,0.196204671119496,0.21402412870237103,0.23181387036462947,0.0,0.0,0.0,0.0
0.8750938673341676,0.1902479737634796,0.20928362962312066,0.22829279532958927,0.24726946861797813,0.0,0.0,0.0,0.0
0.929787234042553,0.20213838791274058,0.22236165309685552,0.24256144168027244,0.26272575135268456,0.0,0.0,0.0,0.0
0.9844806007509386,0.21402792236820015,0.23543993768478028,0.2568305668268388,0.2781821738711193,0.0,0.0,0.0,0.0
1.039173967459324,0.2259188128758182,0.24851774709399607,0.27109873932781026,0.2936386681616996,0.0,0.0,0.0,0.0
1.0938673341677094,0.2378083677397723,0.261595320776876,0.2853674948708988,0.30909615078016234,0.0,0.0,0.0,0.0
1.148560700876095,0.24969750270980035,0.27467309695580844,0.2996364365111404,0.3245536646993458,0.0,0.0,0.0,0.0
1.2032540675844805,0.2615876919761508,0.2877507922699383,0.3139045950316629,0.3400109883067285,0.0,0.0,0.0,0.0
1.257947434292866,0.2734768186889563,0.30082858437407956,0.328173214207571,0.35546881702225924,0.0,0.0,0.0,0.0
1.3126408010012514,0.28536708094716295,0.3139057195856515,0.3424412345803904,0.3709267658880466,0.0,0.0,0.0,0.0
1.367334167709637,0.29725640850815555,0.3269836701134254,0.3567095950143462,0.3863844940737098,0.0,0.0,0.0,0.0
1.4220275344180224,0.30914602228989063,0.3400607885452502,0.37097764007848033,0.4018430835044011,0.0,0.0,0.0,0.0
1.4767209011264077,0.3210357176697188,0.35313791771086006,0.38524591890920173,0.4173013468366273,0.0,0.0,0.0,0.0
1.5314142678347933,0.3329251805606587,0.36621517728694386,0.3995139676159911,0.4327599423711995,0.0,0.0,0.0,0.0
1.5861076345431788,0.3448148587049222,0.3792928899597826,0.413781000487624,0.44821888539085,0.0,0.0,0.0,0.0
1.6408010012515644,0.3567045140694786,0.3923700066516705,0.4280481362025322,0.4636783443278831,0.0,0.0,0.0,0.0
1.6954943679599497,0.3685936029777507,0.4054474658647443,0.442315127381786,0.47913817173566886,0.0,0.0,0.0,0.0
1.7501877346683352,0.38048260509100734,0.4185248363143724,0.456581690286607,0.4945986029763486,0.0,0.0,0.0,0.0
1.8048811013767208,0.3923712721805441,0.43160219789747784,0.47084798564259295,0.510059645656106,0.0,0.0,0.0,0.0
1.859574468085106,0.4042601317246334,0.4446799648087206,0.48511358377163766,0.5255207877801147,0.0,0.0,0.0,0.0
1.9142678347934916,0.4161485577710676,0.4577583699980682,0.4993793682673554,0.5409815387570004,0.0,0.0,0.0,0.0
1.9689612015018771,0.42803720259449296,0.4708372217791769,0.5136454183294631,0.5564413587987441,0.0,0.0,0.0,0.0
2.0236545682102625,0.4399326859379801,0.48394212361522454,0.5279252619409767,0.5718544967160812,0.0,0.0,0.0,0.0
2.078347934918648,0.45182091120984064,0.49701079711713664,0.5421887504310133,0.5873274761606576,0.0,0.0,0.0,0.0
2.1330413016270335,0.4637084660077885,0.5100827060165444,0.5564523713456934,0.6027977582570073,0.0,0.0,0.0,0.0
2.187734668335419,0.4755967510014595,0.5231576272357489,0.5707169393406016,0.6182633507576086,0.0,0.0,0.0,0.0
2.2424280350438046,0.4874882866879052,0.5362594739488334,0.5849911594979013,0.6336891149091647,0.0,0.0,0.0,0.0
2.29712140175219,0.4993774586570917,0.5493241488336318,0.5992551788474505,0.6491646154140158,0.0,0.0,0.0,0.0
2.3518147684605752,0.5112658770196721,0.5623946633379535,0.613520768593924,0.6646334595090256,0.0,0.0,0.0,0.0
2.406508135168961,0.5231548358429632,0.575470826288375,0.6277861798701238,0.6800962931674991,0.0,0.0,0.0,0.0
2.4612015018773463,0.535043762545162,0.588549320653013,0.6420523388328767,0.6955560798462945,0.0,0.0,0.0,0.0
2.515894868585732,0.5469338146524297,0.6016268175888032,0.6563206262480331,0.711013610096466,0.0,0.0,0.0,0.0
2.5705882352941174,0.5588224046755834,0.614705254182307,0.6705890285601191,0.7264715478761078,0.0,0.0,0.0,0.0
2.6252816020025027,0.570712562033562,0.6277842294118181,0.6848555626159711,0.7419292479411517,0.0,0.0,0.0,0.0
2.6799749687108885,0.5826024841404274,0.6408630128621073,0.6991247870800553,0.7573846846282984,0.0,0.0,0.0,0.0
2.734668335419274,0.5944913567056417,0.6539426601629744,0.7133923041740207,0.7728420143766372,0.0,0.0,0.0,0.0
2.789361702127659,0.6063813866452967,0.6670209043477852,0.7276602553402838,0.7882991557942938,0.0,0.0,0.0,0.0
2.844055068836045,0.6182715488263978,0.6801003488829316,0.7419274034683732,0.8037557676583424,0.0,0.0,0.0,0.0
2.89874843554443,0.6301610909967947,0.6931791157565381,0.7561955745823813,0.819212654208716,0.0,0.0,0.0,0.0
2.9534418022528155,0.6420508838899317,0.706257694161658,0.7704635045934406,0.8346697196077854,0.0,0.0,0.0,0.0
3.0081351689612013,0.6539413096161468,0.719336687900706,0.7847310194696829,0.8501261519746653,0.0,0.0,0.0,0.0
3.0628285356695866,0.6658307126370898,0.7324155000722604,0.7989995406470761,0.86558278231316,0.0,0.0,0.0,0.0
3.117521902377972,0.6777196453840963,0.745494898892301,0.8132674161547633,0.8810399419468111,0.0,0.0,0.0,0.0
3.1722152690863576,0.6896094267658168,0.7585725078003763,0.827535257186688,0.8964980773334764,0.0,0.0,0.0,0.0
3.226908635794743,0.7014997577982417,0.7716518994942563,0.8418021817298061,0.911954796772439,0.0,0.0,0.0,0.0
3.2816020025031287,0.7133887934164732,0.7847301714765683,0.8560699210320984,0.927413116577989,0.0,0.0,0.0,0.0
3.336295369211514,0.725275076187838,0.7978092163885043,0.8703380558074957,0.9428730208276758,0.0,0.0,0.0,0.0
3.3909887359198994,0.7371609731754942,0.8108874269724606,0.8846056562680625,0.958334679503882,0.0,0.0,0.0,0.0
3.445682102628285,0.7490430641938738,0.8239669606442341,0.8988706324354844,0.9738014453546929,0.0,0.0,0.0,0.0
3.5003754693366704,0.7609210088144222,0.8370461331657888,0.9131371820096017,0.9892711453468577,0.0,0.0,0.0,0.0
3.5550688360450557,0.7728368652871229,0.8501237604632815,0.9274095230420887,1.0046986872525627,0.0,0.0,0.0,0.0
3.6097622027534415,0.7847226902942387,0.8632013217019228,0.9416774533755987,1.0201607373816814,0.0,0.0,0.0,0.0
3.664455569461827,0.7966052310382844,0.8762785699499014,0.9559454608819894,1.0356263075916514,0.0,0.0,0.0,0.0
3.719148936170212,0.8084839949240173,0.8893560882914279,0.9702134421948756,1.0510954107598915,0.0,0.0,0.0,0.0
3.773842302878598,0.8204001745528346,0.9024388268412532,0.9844812515300589,1.066522049954451,0.0,0.0,0.0,0.0
3.828535669586983,0.8322894649293111,0.9155159156394379,0.9987502207079688,1.0819800683102654,0.0,0.0,0.0,0.0
3.883229036295369,0.8441778510510146,0.9285923974960719,1.013019104168606,1.097439683579676,0.0,0.0,0.0,0.0
3.9379224030037543,0.8560656225467849,0.9416686957972269,1.0272878968709596,1.112900187788783,0.0,0.0,0.0,0.0
3.9926157697121396,0.8679525609203584,0.9547447722998402,1.0415573843779304,1.1283610521140104,0.0,0.0,0.0,0.0
4.047309136420525,0.8798386953194809,0.9678211594959698,1.0558272054963092,1.1438220761087652,0.0,0.0,0.0,0.0
4.102002503128911,0.8917245652035926,0.980897959609495,1.0700959543794288,1.1592840239363944,0.0,0.0,0.0,0.0
4.156695869837296,0.9036103176824419,0.9939749827641761,1.084364863497924,1.1747457058927548,0.0,0.0,0.0,0.0
4.211389236545681,0.915496055015346,1.0070523440410528,1.0986336152666303,1.190207222222652,0.0,0.0,0.0,0.0
4.266082603254067,0.9273818405220974,1.0201305900519928,1.1129018136996542,1.205668358980323,0.0,0.0,0.0,0.0
4.320775969962453,0.9392678773702379,1.033208648884199,1.127170046249353,1.221129397458663,0.0,0.0,0.0,0.0
4.375469336670838,0.9511881980341158,1.0463038824611683,1.141428815797004,1.2365484403785492,0.0,0.0,0.0,0.0
4.4301627033792235,0.9630782334319461,1.0593822222139566,1.155696769616409,1.2520054781169114,0.0,0.0,0.0,0.0
4.484856070087609,0.9749677166218923,1.0724605844660589,1.1699648241581493,1.267462944841509,0.0,0.0,0.0,0.0
4.539549436795994,0.9868574953310769,1.0855389708121332,1.1842327419091783,1.2829202287436052,0.0,0.0,0.0,0.0
4.59424280350438,0.9987469756362021,1.0986174636459483,1.1985005303759457,1.2983778338462837,0.0,0.0,0.0,0.0
4.648936170212766,1.0106365840344371,1.1116959306732541,1.2127685729840507,1.3138350825210237,0.0,0.0,0.0,0.0
4.7036295369211505,1.022526239044557,1.124774433496682,1.2270362486241684,1.329292615755743,0.0,0.0,0.0,0.0
4.758322903629536,1.0344159613782904,1.1378528045433045,1.2413041885186222,1.3447499491893191,0.0,0.0,0.0,0.0
4.813016270337922,1.0463053817301031,1.1509311775618418,1.2555720349128163,1.3602076761331612,0.0,0.0,0.0,0.0
4.867709637046307,1.0581948213006864,1.1640096586653934,1.2698398987719037,1.3756652583083233,0.0,0.0,0.0,0.0
4.922403003754693,1.0700843840164527,1.1770883011224578,1.2841076354712069,1.3911226831445749,0.0,0.0,0.0,0.0
4.977096370463078,1.0819739965927386,1.1901666468565038,1.2983753727962082,1.4065803542176276,0.0,0.0,0.0,0.0
5.031789737171464,1.0938636024889623,1.2032452821426471,1.3126431541180559,1.4220376984217988,0.0,0.0,0.0,0.0
5.086483103879849,1.1057531513659158,1.216323869217182,1.326910796697227,1.437495286599524,0.0,0.0,0.0,0.0
5.141176470588235,1.1176428790054993,1.2294025324739744,1.3411784246165896,1.452952634492171,0.0,0.0,0.0,0.0
5.1958698372966206,1.129532497380181,1.2424811050686955,1.3554459998512862,1.4684102349964578,0.0,0.0,0.0,0.0
5.250563204005005,1.1414222297795547,1.2555595728628048,1.3697137781845639,1.4838676231780816,0.0,0.0,0.0,0.0
5.305256570713391,1.1533118015769612,1.2686385225553165,1.3839812868196137,1.4993249597614993,0.0,0.0,0.0,0.0
5.359949937421777,1.1652015230253614,1.2817171818785815,1.3982489263021676,1.5147823062156665,0.0,0.0,0.0,0.0
5.414643304130162,1.1770912679356211,1.2947959491672623,1.4125165083787776,1.5302395786485008,0.0,0.0,0.0,0.0
5.469336670838548,1.1889809871429864,1.3078746648566473,1.42678411477575,1.5456969040631636,0.0,0.0,0.0,0.0
5.524030037546933,1.2008706979725874,1.3209534591202545,1.4410517268553371,1.5611541535987543,0.0,0.0,0.0,0.0
5.578723404255318,1.2127603769989903,1.3340322517734948,1.4553192919233917,1.576611483559441,0.0,0.0,0.0,0.0
5.633416770963704,1.2246501978128468,1.3471109612136594,1.4695870280548624,1.5920685838823354,0.0,0.0,0.0,0.0
5.68811013767209,1.2365400215306643,1.3601898438815139,1.48385457943633,1.6075256928235815,0.0,0.0,0.0,0.0
5.742803504380475,1.2484297142408052,1.3732686007496977,1.4981222670383703,1.622982922351602,0.0,0.0,0.0,0.0
5.79749687108886,1.2603196208949932,1.3863474644062308,1.512389867660576,1.6384399181270606,0.0,0.0,0.0,0.0
5.852190237797246,1.2722093334752251,1.3994263189977567,1.5266574948066325,1.6538970905176316,0.0,0.0,0.0,0.0
5.906883604505631,1.2840992223842413,1.4125051886839837,1.5409251566902478,1.6693540367471587,0.0,0.0,0.0,0.0
5.961576971214017,1.2959890188050631,1.4255839588066763,1.5551930157314164,1.684810977870861,0.0,0.0,0.0,0.0
6.0162703379224025,1.3078789039010394,1.438662835942724,1.5694606868299377,1.700267911248702,0.0,0.0,0.0,0.0
6.070963704630787,1.3197688427699967,1.451741769005637,1.5837284571316177,1.7157246357235358,0.0,0.0,0.0,0.0
6.125657071339173,1.3316586462833575,1.4648206553517418,1.5979963040275498,1.731181465676524,0.0,0.0,0.0,0.0
6.180350438047559,1.3435485761048254,1.4778996739686785,1.6122638933823576,1.7466382945916974,0.0,0.0,0.0,0.0
6.235043804755944,1.355438601915784,1.4909786261963698,1.626531805917285,1.7620947707265049,0.0,0.0,0.0,0.0
6.2897371714643295,1.3673286075876119,1.504057458440149,1.6407995457012623,1.7775515597353064,0.0,0.0,0.0,0.0
6.344430538172715,1.3792184702990478,1.5171365194721393,1.6550675084809086,1.7930080399206199,0.0,0.0,0.0,0.0
6.399123904881101,1.3911085919193114,1.5302154307235538,1.6693353933855433,1.808464488852693,0.0,0.0,0.0,0.0
6.453817271589486,1.4029985936108673,1.5432944884089785,1.6836032351274084,1.8239209544422317,0.0,0.0,0.0,0.0
6.508510638297872,1.4148885229611885,1.556373594073327,1.6978710907330294,1.8393774305303265,0.0,0.0,0.0,0.0
6.5632040050062574,1.4267785964648785,1.5694526441300378,1.7121390523403026,1.854833712071039,0.0,0.0,0.0,0.0
6.617897371714642,1.4386686479777766,1.5825315894185574,1.7264069276357512,1.8702902066825575,0.0,0.0,0.0,0.0
6.672590738423028,1.4505587120038397,1.5956106997266046,1.740674914711327,1.8857464119812568,0.0,0.0,0.0,0.0
6.727284105131414,1.4624488244093325,1.608689757880731,1.7549429817604205,1.9012025410809301,0.0,0.0,0.0,0.0
6.781977471839799,1.474338852392415,1.621768938981857,1.769210905200593,1.9166587752649338,0.0,0.0,0.0,0.0
6.8366708385481845,1.4862290114857193,1.6348480232477558,1.7834788682742062,1.932114935540503,0.0,0.0,0.0,0.0
6.89136420525657,1.49811901195912,1.6479272897425838,1.7977466210250963,1.9475712825297702,0.0,0.0,0.0,0.0
6.946057571964955,1.5100092205053135,1.6610063480891535,1.8120146235317045,1.9630273798387834,0.0,0.0,0.0,0.0
7.000750938673341,1.5218994081111041,1.6740855506832266,1.8262825774476494,1.9784834024313602,0.0,0.0,0.0,0.0
7.055444305381727,1.5337895399566814,1.6871647526289892,1.8405505267377624,1.993939486058293,0.0,0.0,0.0,0.0
7.1101376720901115,1.5456795978371058,1.7002439742644593,1.8548184582296856,2.0093956417588608,0.0,0.0,0.0,0.0
7.164831038798497,1.5575698045622812,1.7133231761622165,1.8690863135598839,2.024851744514115,0.0,0.0,0.0,0.0
7.219524405506883,1.5694599013876107,1.726402329626527,1.8833542032645487,2.040307971228196,0.0,0.0,0.0,0.0
7.274217772215268,1.5813500564153489,1.7394816615457387,1.8976220984896097,2.0557639557645704,0.0,0.0,0.0,0.0
7.328911138923654,1.5932400647015128,1.7525609114108385,1.9118900250197155,2.0712201377915873,0.0,0.0,0.0,0.0
7.383604505632039,1.6051301554869761,1.765640127633025,1.9261578010820812,2.0866764214299574,0.0,0.0,0.0,0.0
7.438297872340424,1.6170203509728225,1.778719322353723,1.9404257743621312,2.1021324246517477,0.0,0.0,0.0,0.0
7.49299123904881,1.6289103377670286,1.7917985493069555,1.9546935460678954,2.11758880590693,0.0,0.0,0.0,0.0
7.547684605757196,1.6408003403459666,1.8048777895315147,1.9689614473056594,2.1330450285740543,0.0,0.0,0.0,0.0
7.602377972465581,1.6526903570223845,1.8179570273820562,1.983229253602836,2.1485013344583033,0.0,0.0,0.0,0.0
7.657071339173966,1.664580343076635,1.8310362170647885,1.997497045592684,2.1639577334398585,0.0,0.0,0.0,0.0
7.711764705882352,1.676470301534844,1.8441154076986557,2.0117649154042523,2.1794140812446,0.0,0.0,0.0,0.0
7.766458072590738,1.6883603358443093,1.8571945324968433,2.026032713020067,2.194870491229519,0.0,0.0,0.0,0.0
7.821151439299123,1.7002244073867356,1.8702694953340884,2.0402958671477927,2.210361669430506,0.0,0.0,0.0,0.0
7.875844806007509,1.7121171624565328,1.883348495710576,2.054564406583448,2.2258147412569516,0.0,0.0,0.0,0.0
7.930538172715894,1.7240096609451137,1.8964274895140563,2.0688329111710564,2.2412681110856685,0.0,0.0,0.0,0.0
7.985231539424279,1.7359020502683615,1.90950649075506,2.0831012746360105,2.2567217237648474,0.0,0.0,0.0,0.0
8.039924906132665,1.747794227617547,1.9225857814482756,2.0973694787405415,2.272175418326301,0.0,0.0,0.0,0.0
8.09461827284105,1.7596862482297417,1.9356649916160407,2.1116376655929145,2.2876293674023525,0.0,0.0,0.0,0.0
8.149311639549436,1.7715781753676612,1.9487441137192842,2.125905777330851,2.3030835731316395,0.0,0.0,0.0,0.0
8.204005006257821,1.7834697772784374,1.9618233901308306,2.140173931558567,2.3185379072899863,0.0,0.0,0.0,0.0
8.258698372966206,1.7953610387245056,1.9749026531046037,2.1544420197702006,2.333992661366896,0.0,0.0,0.0,0.0
8.313391739674593,1.8072523114934482,1.9879819385520339,2.1687099902370583,2.3494474993920527,0.0,0.0,0.0,0.0
8.368085106382978,1.8191433593087127,2.0010611139619705,2.1829781060201365,2.3649025270921578,0.0,0.0,0.0,0.0
8.422778473091363,1.8310342267320532,2.014140315155384,2.1972459522520236,2.380357978951902,0.0,0.0,0.0,0.0
8.47747183979975,1.8429249381062187,2.0272195401537743,2.2115138828294207,2.3958134787103353,0.0,0.0,0.0,0.0
8.532165206508134,1.854815439376225,2.0402986729493393,2.225781836356449,2.4112692578261217,0.0,0.0,0.0,0.0
8.586858573216519,1.866705879341641,2.0533777809557185,2.2400498218457834,2.4267250910733758,0.0,0.0,0.0,0.0
8.641551939924906,1.878570192817421,2.0664577889722793,2.254314785679389,2.442209172455817,0.0,0.0,0.0,0.0
8.69624530663329,1.890464391814519,2.0795358922158056,2.268583301721814,2.457661720881151,0.0,0.0,0.0,0.0
8.750938673341675,1.902357926353014,2.092614142798503,2.2828519022404925,2.4731147019496658,0.0,0.0,0.0,0.0
8.805632040050062,1.9142507344162139,2.105692750658083,2.2971202713512664,2.488568283624499,0.0,0.0,0.0,0.0
8.860325406758447,1.926143275621961,2.1187713282230933,2.3113887336163574,2.504022069297035,0.0,0.0,0.0,0.0
8.915018773466832,1.9380353138432154,2.131850151656864,2.325656715743212,2.51947659222354,0.0,0.0,0.0,0.0
8.969712140175218,1.9499205874932426,2.144932107935067,2.3399290470296714,2.534930397717238,0.0,0.0,0.0,0.0
9.024405506883603,1.961810384685251,2.1580107526688543,2.354197204299372,2.550387165230126,0.0,0.0,0.0,0.0
9.079098873591988,1.9737003501100407,2.1710896268604296,2.3684651843193882,2.56584371230213,0.0,0.0,0.0,0.0
9.133792240300375,1.9855900904767207,2.1841685423181194,2.382733133160245,2.5813004743452894,0.0,0.0,0.0,0.0
9.18848560700876,1.9974800238658417,2.1972473992538983,2.397000968810875,2.5967572150781444,0.0,0.0,0.0,0.0
9.243178973717145,2.0093697776566493,2.2103260665571107,2.411269205805682,2.6122139236977024,0.0,0.0,0.0,0.0
9.297872340425531,2.021259648087254,2.223404942845909,2.425537145547337,2.627670603945032,0.0,0.0,0.0,0.0
9.352565707133916,2.0331494569048836,2.236483860034824,2.439805235789108,2.643127154405101,0.0,0.0,0.0,0.0
9.407259073842301,2.0450392730632454,2.249562728578793,2.4540731504471527,2.6585839217531095,0.0,0.0,0.0,0.0
9.461952440550688,2.0569291635511053,2.2626414074717505,2.4683413249163495,2.674040544611482,0.0,0.0,0.0,0.0
9.516645807259072,2.0688189992034816,2.2757202449422804,2.482609380899472,2.689497182213839,0.0,0.0,0.0,0.0
9.571339173967457,2.0807087671698237,2.288799235081574,2.4968772954341776,2.704953876281882,0.0,0.0,0.0,0.0
9.626032540675844,2.0925985985660267,2.301877972359625,2.5111453167161732,2.720410653034019,0.0,0.0,0.0,0.0
9.680725907384229,2.1044884482329835,2.314956719717983,2.525413542918385,2.7358671965148775,0.0,0.0,0.0,0.0
9.735419274092614,2.1163782858032874,2.3280355054887156,2.539681602829239,2.7513238799713715,0.0,0.0,0.0,0.0
9.790112640801,2.128267963577546,2.3411143529992646,2.5539498003770995,2.7667805238470904,0.0,0.0,0.0,0.0
9.844806007509385,2.140157912890904,2.354193096415713,2.568217855354751,2.782237142848017,0.0,0.0,0.0,0.0
9.899499374217772,2.152047723837123,2.3672719341020727,2.5824858748204296,2.7976938414581465,0.0,0.0,0.0,0.0
9.954192740926157,2.163937455094982,2.380350610535208,2.5967540731913283,2.8131506021046384,0.0,0.0,0.0,0.0
10.008886107634542,2.175827264371787,2.3934296268053536,2.611022035197009,2.8286071812603923,0.0,0.0,0.0,0.0
10.063579474342928,2.187717142459852,2.4065082849479005,2.6252901447923134,2.8440639021428624,0.0,0.0,0.0,0.0
10.118272841051313,2.1996070395780727,2.419587040339208,2.6395582339009427,2.8595205272330904,0.0,0.0,0.0,0.0
10.172966207759698,2.211496965576524,2.4326656703673004,2.6538264619051835,2.87497710991069,0.0,0.0,0.0,0.0
10.227659574468085,2.2233868070641996,2.445744521244761,2.668094436797904,2.89043380936122,0.0,0.0,0.0,0.0
10.28235294117647,2.2352768232328524,2.458823282613788,2.6823622140998986,2.9058906212299314,0.0,0.0,0.0,0.0
10.337046307884854,2.2471668014196156,2.4719019491594056,2.696630275613019,2.9213472816928143,0.0,0.0,0.0,0.0
10.391739674593241,2.2590569344514364,2.4849805560581935,2.7108982300124285,2.9368039540711828,0.0,0.0,0.0,0.0
10.446433041301626,2.270947100989266,2.4980592550374046,2.7251659371422505,2.952260748132705,0.0,0.0,0.0,0.0
10.50112640801001,2.282837461650835,2.5111379582161,2.73943362819691,2.9677173599461653,0.0,0.0,0.0,0.0
10.555819774718397,2.294727916632049,2.524216615062008,2.7537010943467988,2.9831741486775427,0.0,0.0,0.0,0.0
10.610513141426782,2.306618433073845,2.537295287840343,2.7679685774481384,2.9986308430644555,0.0,0.0,0.0,0.0
10.665206508135167,2.3185092285116653,2.5503738315201754,2.782235920556863,3.014087527546463,0.0,0.0,0.0,0.0
10.719899874843554,2.3304000575624806,2.56345246354274,2.796503129132217,3.029544224606117,0.0,0.0,0.0,0.0
10.774593241551939,2.3422911211437034,2.57653114660586,2.8107702361867526,3.045000737615622,0.0,0.0,0.0,0.0
10.829286608260324,2.354182301985621,2.5896098307415323,2.825037260474028,3.0604572150591416,0.0,0.0,0.0,0.0
10.88397997496871,2.366073609187793,2.6026886046261968,2.8393041516990047,3.075913609455715,0.0,0.0,0.0,0.0
10.938673341677095,2.3779649942025487,2.6157673802946704,2.85357104328397,3.0913699238959067,0.0,0.0,0.0,0.0
10.99336670838548,2.3898563864214295,2.6288462578903427,2.8678379219142025,3.1068261421595045,0.0,0.0,0.0,0.0
11.048060075093867,2.40174773484918,2.6419252476342723,2.882104913948536,3.122282178661879,0.0,0.0,0.0,0.0
11.102753441802252,2.4136390020852376,2.6550043269028385,2.896372002891186,3.137738109922988,0.0,0.0,0.0,0.0
11.157446808510636,2.4255301208071205,2.6680835963590965,2.9106390426810282,3.1531940486633907,0.0,0.0,0.0,0.0
11.212140175219023,2.4374209381187386,2.6811628080088954,2.924906422186036,3.1686500069053536,0.0,0.0,0.0,0.0
11.266833541927408,2.4493114775207685,2.694242090013667,2.9391738339833644,3.1841061404096074,0.0,0.0,0.0,0.0
11.321526908635793,2.4612017458018296,2.7073213330451202,2.953441402769571,3.1995624270192713,0.0,0.0,0.0,0.0
11.37622027534418,2.472409399063566,2.7196498336115082,2.9668903381085454,3.217270704560559,0.0,0.0,0.0,0.0009765625
11.430913642052564,2.484295899772182,2.732725362252077,2.9811543463890127,3.2327380336392926,0.0,0.0,0.0,0.0009765625
11.48560700876095,2.4961821331665335,2.745801199207395,2.995418304421301,3.2482053719657196,0.0,0.0,0.0,0.0009765625
11.540300375469336,2.5067381898860654,2.7574143120231045,3.011023771558511,3.2651241020016553,0.0,0.0,0.0009765625,0.001953125
11.59499374217772,2.518617495177267,2.7704838506421465,3.025293919248642,3.280598477109665,0.0,0.0,0.0009765625,0.001953125
11.649687108886106,2.5292630367724764,2.7849125131600596,3.041045825084921,3.2944657338686483,0.0,0.0009765625,0.001953125,0.001953125
11.704380475594492,2.539736339978543,2.796446581645881,3.053639473104372,3.3145580808656963,0.0,0.0009765625,0.001953125,0.00390625
11.759073842302877,2.551603645164221,2.809513992974781,3.0679088172298274,3.3300473869340483,0.0,0.0009765625,0.001953125,0.00390625
11.813767209011262,2.56287382724017,2.824676628313598,3.0814601052427357,3.344756648214759,0.0,0.001953125,0.001953125,0.00390625
11.868460575719649,2.575398122765352,2.8357107282722978,3.0995284577608984,3.3578232669211006,0.0009765625,0.001953125,0.00390625,0.00390625
11.923153942428034,2.5872663080071527,2.8487778583393686,3.1138125830730212,3.373297193008492,0.0009765625,0.001953125,0.00390625,0.00390625
11.977847309136418,2.5996890249050466,2.859665549294834,3.1257145695971107,3.392778165339427,0.001953125,0.001953125,0.00390625,0.005859375
12.032540675844805,2.6103447073988946,2.8769839635674463,3.138527362941721,3.406684641936743,0.001953125,0.00390625,0.00390625,0.005859375
12.08723404255319,2.620879627012388,2.888594676030405,3.157326410800659,3.420433328709739,0.001953125,0.00390625,0.005859375,0.005859375
12.141927409261575,2.632738581948443,2.901664392737207,3.171614790524004,3.4359096440519212,0.001953125,0.00390625,0.005859375,0.005859375
12.196620775969961,2.6471794769690113,2.9119032900424577,3.1828088681678395,3.4547291407906524,0.00390625,0.00390625,0.005859375,0.0078125
12.251314142678346,2.657815137718937,2.9292905397965567,3.1955993647982432,3.4686091003646085,0.00390625,0.005859375,0.005859375,0.0078125
12.306007509386731,2.669679830900717,2.942366377071532,3.2098691581174457,3.484092143297036,0.00390625,0.005859375,0.005859375,0.0078125
12.360700876095118,2.6801869458564482,2.953945939609318,3.2287649610567732,3.497803029572579,0.00390625,0.005859375,0.0078125,0.0078125
12.415394242803503,2.6961460940840927,2.965763304074506,3.241688748870589,3.5117960957743155,0.005859375,0.005859375,0.0078125,0.0078125
12.470087609511888,2.708030632709466,2.9788337618232896,3.2559468210939317,3.5272763938852,0.005859375,0.005859375,0.0078125,0.0078125
12.524780976220274,2.715670956128111,2.993038597482161,3.265133013040605,3.550938409569397,0.005859375,0.0078125,0.0078125,0.01171875
12.579474342928659,2.727529845529189,3.006108515171337,3.279391138098168,3.5664448441299657,0.005859375,0.0078125,0.0078125,0.01171875
12.634167709637046,2.739388699855085,3.0191784116126446,3.293649168118489,3.581951430050826,0.005859375,0.0078125,0.0078125,0.01171875
12.68886107634543,2.752649483678742,3.0279139649271776,3.3159818523183286,3.5923157754211825,0.0078125,0.0078125,0.01171875,0.01171875
12.743554443053815,2.163638429752767,2.3799995467528747,2.59638033164107,5.603536134907104,0.0,0.0,0.0,0.9921875
12.798247809762202,2.172924604967525,2.3902135361613435,2.607523855786082,5.627585812847251,0.0,0.0,0.0,0.9921875
12.852941176470587,2.1822107361718723,2.40042755967886,2.6186674993960377,5.651635381223818,0.0,0.0,0.0,0.9921875
12.907634543178972,2.191496899228951,2.4106414950306125,2.629811179331117,5.675684969588291,0.0,0.0,0.0,0.9921875
12.962327909887359,2.200794529745076,2.42086855839896,2.6409688039894172,5.699696017753905,0.0,0.0,0.0,0.9921875
13.017021276595743,2.2100810075885873,2.4310837639937954,2.6521114000886903,5.723745104924671,0.0,0.0,0.0,0.9921875
13.071714643304128,2.2193673572306847,2.441298945276661,2.663253910747702,5.74779443004908,0.0,0.0,0.0,0.9921875
13.126408010012515,2.2276932874784108,2.4504576901005426,2.6732443035257814,5.775012728907781,0.0,0.0,0.0,0.994140625
13.1811013767209,2.2369753202478475,2.46066842880374,2.6843819028808653,5.799075724788448,0.0,0.0,0.0,0.994140625
13.235794743429285,2.246257408560812,2.470879173442981,2.695519416630916,5.823138744794576,0.0,0.0,0.0,0.994140625
13.290488110137671,2.255539319886923,2.4810899742438743,2.706656856712577,5.847201959294297,0.0,0.0,0.0,0.994140625
13.345181476846056,2.2648211865862926,2.4913007204953272,2.7177941442179017,5.871265425546536,0.0,0.0,0.0,0.994140625
13.399874843554441,2.274102944332952,2.501511418035065,2.7289313412140586,5.895329139972365,0.0,0.0,0.0,0.994140625
13.454568210262828,2.2833847625705714,2.511722105728987,2.740068436335326,5.919392905627943,0.0,0.0,0.0,0.994140625
13.509261576971213,2.2926664448924496,2.5219325761514138,2.75120543828017,5.943457117647178,0.0,0.0,0.0,0.994140625
13.563954943679597,2.3009567532097264,2.5310524090286526,2.761153064294524,5.970792717146695,0.0,0.0,0.0,0.99609375
13.618648310387984,2.310234407294258,2.541258323657717,2.7722851955868473,5.994870383849162,0.0,0.0,0.0,0.99609375
13.673341677096369,2.3195122509973634,2.551464133937496,2.783417370959626,6.018947921201885,0.0,0.0,0.0,0.99609375
13.728035043804754,2.3287902408668075,2.561669837049717,2.794549860811412,6.0430251050768184,0.0,0.0,0.0,0.99609375
13.78272841051314,2.3380681590927095,2.5718754550726133,2.805682746257728,6.067102050090089,0.0,0.0,0.0,0.99609375
13.837421777221525,2.3473462248960306,2.5820810651605512,2.8168158653754194,6.091178621789524,0.0,0.0,0.0,0.99609375
13.89211514392991,2.3566242493843874,2.5922867673458283,2.827949296203687,6.115254830996008,0.0,0.0,0.0,0.99609375
13.946808510638297,2.3648836189238236,2.601372137549818,2.837860496549956,6.1426922576147,0.0,0.0,0.0,0.998046875
14.001501877346682,2.3741577512352725,2.6115735414816545,2.8489893200795846,6.166781264550171,0.0,0.0,0.0,0.998046875
14.056195244055067,2.383432001949276,2.6217747938497658,2.860118140287466,6.1908703079685585,0.0,0.0,0.0,0.998046875
14.110888610763453,2.3927077968901505,2.6319746997970324,2.871246918431613,6.214959195644658,0.0,0.0,0.0,0.998046875
14.165581977471838,2.401985619820792,2.6421715127797065,2.8823785183237627,6.2390463265475775,0.0,0.0,0.0,0.998046875
14.220275344180223,2.411261966706262,2.6523692038947333,2.8935137784705347,6.263130395108693,0.0,0.0,0.0,0.998046875
14.27496871088861,2.4200147766159064,2.661997487736173,2.9040232127561256,6.288933233780405,0.0,0.0,0.0,0.9990234375
14.329662077596995,2.429284714521,2.672198529087797,2.9151520209322914,6.313026813055906,0.0,0.0,0.0,0.9990234375
14.38435544430538,2.4385542167346754,2.682399418105825,2.9262760267274386,6.337125782737442,0.0,0.0,0.0,0.9990234375
14.439048811013766,2.447297855855,2.6920209455399435,2.936767043223276,6.362962966395547,0.0,0.0,0.0,1.0
14.493742177722151,2.456565440137582,2.7022212213383856,2.9478911497158085,6.387064366530376,0.0,0.0,0.0,1.0
14.548435544430536,2.4658360681101787,2.712423993486588,2.9590117709901267,6.411163711843642,0.0,0.0,0.0,1.0
14.603128911138922,2.4751033907268383,2.722624932691458,2.970132250547587,6.435268337173039,0.0,0.0,0.0,1.0
14.657822277847307,2.48436937725066,2.7328300852212206,2.9812573482826448,6.459365467092782,0.0,0.0,0.0,1.0
14.712515644555692,2.493645724081754,2.7430123846776215,2.9923755492773534,6.483481986518964,0.0,0.0,0.0,1.0
14.767209011264079,2.5024179240932076,2.752663236317199,3.00583548963709,6.506292361216582,0.0,0.0,0.0009765625,1.0
14.821902377972464,2.51168517865523,2.7628589883160237,3.0169681308597602,6.530390080141448,0.0,0.0,0.0009765625,1.0
14.876595744680849,2.52095305435042,2.773054307867723,3.0281008759018766,6.55448750656083,0.0,0.0,0.0009765625,1.0
14.931289111389235,2.529258501302134,2.7849074463799073,3.0410412817934125,6.5760818819137805,0.0,0.0009765625,0.001953125,1.0
14.98598247809762,2.538523177628665,2.795108393353416,3.052180571091154,6.600170336024385,0.0,0.0009765625,0.001953125,1.0
15.040675844806005,2.547788062399965,2.8053093234610786,3.0633201298555135,6.624258329089448,0.0,0.0009765625,0.001953125,1.0
15.095369211514392,2.5565876783323627,2.8177445762942384,3.0739003666576457,6.6471365902301445,0.0,0.001953125,0.001953125,1.0
15.150062578222776,2.5679319571606842,2.8274858575989175,3.084527677442996,6.670117086020179,0.0009765625,0.001953125,0.001953125,1.0
15.204755944931161,2.576180256164069,2.8365677803500295,3.100467324967357,6.691540583449705,0.0009765625,0.001953125,0.00390625,1.0
15.259449311639548,2.585447542050041,2.846771255171875,3.11161999034087,6.715610524076762,0.0009765625,0.001953125,0.00390625,1.0
15.314142678347933,2.596814695534705,2.85651797707031,3.122257172585766,6.738552833157151,0.001953125,0.001953125,0.00390625,1.0
15.368836045056318,2.605148065791471,2.871254167176465,3.1322731082344353,6.760160703853946,0.001953125,0.00390625,0.00390625,1.0
15.423529411764704,2.6144315394350426,2.8814490190632487,3.1434305463164542,6.78421830694996,0.001953125,0.00390625,0.00390625,1.0
15.47822277847309,2.622648147186751,2.8905321345986943,3.1594466904755496,6.805595806212095,0.001953125,0.00390625,0.005859375,1.0
15.532916145181476,2.631915296043598,2.900742054281739,3.1706118496294673,6.8296469452266715,0.001953125,0.00390625,0.005859375,1.0
15.58760951188986,2.645456539058633,2.9099879874398153,3.180729246577229,6.851435738814182,0.00390625,0.00390625,0.005859375,1.0
15.642302878598246,2.6547384225623705,2.920212570215295,3.191885156277639,6.875466729542941,0.00390625,0.00390625,0.005859375,1.0
15.696996245306632,2.6630528380657434,2.9350574105160807,3.2018830122552524,6.897002984469556,0.00390625,0.005859375,0.005859375,1.0
15.751689612015017,2.672329480294299,2.9452807635662412,3.2130416162140487,6.921037751940428,0.00390625,0.005859375,0.005859375,1.0
15.806382978723402,2.680544886034886,2.9543346422494094,3.2291810018648834,6.942322448574224,0.00390625,0.005859375,0.0078125,1.0
15.861076345431789,2.6898193797340433,2.9645561655649186,3.240355102500696,6.966345697632131,0.00390625,0.005859375,0.0078125,1.0
15.915769712140174,2.703452543032379,2.9737969858514086,3.250456590915477,6.988063592340911,0.005859375,0.005859375,0.0078125,1.0
15.970463078848558,2.711760128207211,2.988725432061753,3.260443438262589,7.009534080317005,0.005859375,0.0078125,0.0078125,1.0
16.025156445556945,2.2617289366893663,2.487902011906128,5.41225221963276,5.863273277328692,0.0,0.0,0.994140625,0.994140625
16.07984981226533,2.269448306833648,2.4963932795487076,5.430723726184836,5.883284499698138,0.0,0.0,0.994140625,0.994140625
16.134543178973715,2.2771676849485516,2.504884362729541,5.44919562377281,5.903295507522812,0.0,0.0,0.994140625,0.994140625
16.1892365456821,2.2848871066352676,2.513375641628517,5.467667284708831,5.923306512709484,0.0,0.0,0.994140625,0.994140625
16.243929912390485,2.292607750886447,2.521839802257294,5.486133151314357,5.943349207932387,0.0,0.0,0.994140625,0.994140625
16.298623279098873,2.299501623032025,2.5294338893094426,5.502630668056954,5.967057098700451,0.0,0.0,0.994140625,0.99609375
16.353316645807258,2.307217070688016,2.5379357843543198,5.5210918762436885,5.987071914521235,0.0,0.0,0.994140625,0.99609375
16.408010012515643,2.3149324782568326,2.5464242628541047,5.5395543610071165,6.007098910397589,0.0,0.0,0.994140625,0.99609375
16.462703379224028,2.3226493165151294,2.5549073797195976,5.558028217465057,6.027118465524244,0.0,0.0,0.994140625,0.99609375
16.517396745932412,2.3295803084657605,2.5625490778247317,5.580125186943627,6.045142172698292,0.0,0.0,0.99609375,0.99609375
16.572090112640797,2.337308253309549,2.571043770682874,5.598595208418408,6.065142880229966,0.0,0.0,0.99609375,0.99609375
16.626783479349186,2.3450224715548367,2.5795290952004963,5.617074374979339,6.0851575376145135,0.0,0.0,0.99609375,0.99609375
16.68147684605757,2.3527332141318924,2.5880150422045554,5.635553807805505,6.105174781915619,0.0,0.0,0.99609375,0.99609375
16.736170212765956,2.3604443746322956,2.596509560182596,5.653998942596017,6.125217335355046,0.0,0.0,0.99609375,0.99609375
16.79086357947434,2.3673237317215965,2.604053884114332,5.670461614180796,6.149024349457616,0.0,0.0,0.99609375,0.998046875
16.845556946182725,2.3750381013551545,2.6125368203179433,5.688919085323654,6.169062939185972,0.0,0.0,0.99609375,0.998046875
16.900250312891114,2.3827491391673035,2.621018786954742,5.707369805832196,6.189112580936871,0.0,0.0,0.99609375,0.998046875
16.9549436795995,2.39046067246363,2.629496219927691,5.7258708498115185,6.20911593739666,0.0,0.0,0.99609375,0.998046875
17.009637046307883,2.397384669343787,2.6371049891387686,5.748050677866088,6.227096709959241,0.0,0.0,0.998046875,0.998046875
17.06433041301627,2.405093827941382,2.6455834042372293,5.766528133818121,6.247125047019536,0.0,0.0,0.998046875,0.998046875
17.119023779724653,2.4123688563690893,2.653587662953123,5.7839745426200455,6.269092717782396,0.0,0.0,0.998046875,0.9990234375
17.173717146433038,2.4200730912514166,2.662065321584305,5.80245462143419,6.289124112163126,0.0,0.0,0.998046875,0.9990234375
17.228410513141426,2.427777182244749,2.6705426509386627,5.820938392350281,6.309152287607733,0.0,0.0,0.998046875,0.9990234375
17.28310387984981,2.435482351758252,2.679020376679116,5.839425719721297,6.329175431691147,0.0,0.0,0.998046875,0.9990234375
17.337797246558196,2.4423462996519585,2.6865758119043,5.8587591727544694,6.350115962247468,0.0,0.0,0.9990234375,1.0
17.39249061326658,2.450041721120458,2.695034114994712,5.877275711328528,6.370139065822883,0.0,0.0,0.9990234375,1.0
17.447183979974966,2.4577433155100885,2.703540607143492,5.8957369788439555,6.390163078477429,0.0,0.0,0.9990234375,1.0
17.50187734668335,2.4654369744581226,2.7120265844917326,5.914226695944669,6.410187091788827,0.0,0.0,0.9990234375,1.0
17.55657071339174,2.4727576774045414,2.720030607862038,5.934621160614618,6.429161267510542,0.0,0.0,1.0,1.0
17.611264080100124,2.480461286617286,2.7285041783301396,5.953110070996737,6.4491885441559615,0.0,0.0,1.0,1.0
17.66595744680851,2.4881648744813636,2.7369778013248798,5.9715989575067185,6.4692158134955475,0.0,0.0,1.0,1.0
17.720650813516894,2.495868394451493,2.7454516670699127,5.990087830886998,6.489242921108489,0.0,0.0,1.0,1.0
17.77534418022528,2.5035718835594416,2.753925682935994,6.008576536003561,6.509270077726281,0.0,0.0,1.0,1.0
17.830037546933664,2.5112753653069153,2.762400051791719,6.027064766339022,6.529297363496008,0.0,0.0,1.0,1.0
17.884730913642052,2.5189787916111457,2.7708747754488825,6.045552944252324,6.5493244023297,0.0,0.0,1.0,1.0
17.939424280350437,2.5266820225024276,2.7793499102140466,6.0640407686981135,6.56935157893585,0.0,0.0,1.0,1.0
17.99411764705882,2.534001925860307,2.790125733980617,6.081607243381807,6.588382743836091,0.0,0.0009765625,1.0,1.0
18.048811013767207,2.541703829687353,2.7986092900608655,6.100091117654239,6.608406776364749,0.0,0.0009765625,1.0,1.0
18.10350438047559,2.5494056099449853,2.8070939428844106,6.118574029157463,6.628430798488733,0.0,0.0009765625,1.0,1.0
18.158197747183976,2.556720243517424,2.8178994718287376,6.13612802420931,6.647450007628506,0.0,0.001953125,1.0,1.0
18.212891113892365,2.566571607467936,2.8260032879685735,6.153761187714251,6.6665550307416055,0.0009765625,0.001953125,1.0,1.0
18.26758448060075,2.574277074686342,2.8344971846381486,6.172236883221841,6.686573338054417,0.0009765625,0.001953125,1.0,1.0
18.322277847309135,2.581986630548949,2.8429562387602196,6.190721463663955,6.706613514336011,0.0009765625,0.001953125,1.0,1.0
18.37697121401752,2.5896942422875697,2.8514428615310465,6.209200588100323,6.726633522098581,0.0009765625,0.001953125,1.0,1.0
18.431664580725904,2.599578398877163,2.8595364640510135,6.226823889301653,6.745725828496075,0.001953125,0.001953125,1.0,1.0
18.48635794743429,2.606504262289421,2.8727440580397907,6.243412369511157,6.76369725759392,0.001953125,0.00390625,1.0,1.0
18.541051314142678,2.6142159968978604,2.881244307197165,6.261883090493096,6.783707919554556,0.001953125,0.00390625,1.0,1.0
18.595744680851062,2.62192779882025,2.8897449212276323,6.280353714988942,6.803718245814237,0.001953125,0.00390625,1.0,1.0
18.650438047559447,2.6296393210628803,2.8982463608173563,6.2988239505120225,6.823728415167186,0.001953125,0.00390625,1.0,1.0
18.705131414267832,2.6417659712091544,2.905948374106045,6.315558753852943,6.8418583150996914,0.00390625,0.00390625,1.0,1.0
18.759824780976217,2.649490128490834,2.9144486225723596,6.334023500268938,6.861862529644087,0.00390625,0.00390625,1.0,1.0
18.814518147684602,2.656410699828382,2.9277496295697283,6.350569756452933,6.879788061833559,0.00390625,0.005859375,1.0,1.0
18.86921151439299,2.6641312369731334,2.93626481966343,6.369028985848315,6.8997864719081115,0.00390625,0.005859375,1.0,1.0
18.923904881101375,2.6718508591910846,2.9447811075731773,6.387488226657635,6.919784687679477,0.00390625,0.005859375,1.0,1.0
18.97859824780976,2.67957718968289,2.9532695411099197,6.405960361149966,6.939791155866982,0.00390625,0.005859375,1.0,1.0
19.033291614518145,2.687299385331205,2.9617808408951785,6.424421180982798,6.959790207308964,0.00390625,0.005859375,1.0,1.0
19.08798498122653,2.699523314116175,2.969476320796999,6.44111271650076,6.977872629812596,0.005859375,0.005859375,1.0,1.0
19.142678347934915,2.3391001714866606,5.130935633491986,5.602868877269253,6.069773665687015,0.0,0.994140625,0.99609375,0.99609375
19.197371714643303,2.3457842871038936,5.145594915096114,5.618877183254443,6.087115329188852,0.0,0.994140625,0.99609375,0.99609375
19.252065081351688,2.3524683158946593,5.160254365274966,5.634885926407489,6.104456473774575,0.0,0.994140625,0.99609375,0.99609375
19.306758448060073,2.358532686504676,5.178623204147612,5.649411361838043,6.12019119556974,0.0,0.99609375,0.99609375,0.99609375
19.361451814768458,2.3644803097891804,5.191684112283343,5.663658976829329,6.141628415866605,0.0,0.99609375,0.99609375,0.998046875
19.416145181476843,2.37113052762146,5.206351642853588,5.6796667787161175,6.158996232285678,0.0,0.99609375,0.99609375,0.998046875
19.470838548185228,2.3778317754160634,5.221015662399558,5.695659428465912,6.176331681903695,0.0,0.99609375,0.99609375,0.998046875
19.525531914893616,2.3845077982380185,5.235678301207042,5.711663859455042,6.1936819559935135,0.0,0.99609375,0.99609375,0.998046875
19.580225281602,2.3911802301606278,5.2503386634451115,5.7276733873631915,6.211033000633069,0.0,0.99609375,0.99609375,0.998046875
19.634918648310386,2.3971856204161615,5.263507063754022,5.747629676827265,6.226596287312934,0.0,0.99609375,0.998046875,0.998046875
19.68961201501877,2.403861526025751,5.2781651446541895,5.763644146928153,6.243941197410678,0.0,0.99609375,0.998046875,0.998046875
19.744305381727155,2.4105397084474807,5.292809625385614,5.779667467633799,6.2612885802602625,0.0,0.99609375,0.998046875,0.998046875
19.798998748435544,2.416843746261974,5.30666954538456,5.794759716587018,6.280725740201991,0.0,0.99609375,0.998046875,0.9990234375
19.85369211514393,2.422869535282374,5.325137869913649,5.809244133648971,6.296440576298934,0.0,0.998046875,0.998046875,0.9990234375
19.908385481852314,2.4295605200819255,5.339805150015561,5.825242278566297,6.313777533188531,0.0,0.998046875,0.998046875,0.9990234375
19.9630788485607,2.436233831585672,5.354484391983272,5.8412455864019135,6.331115038589842,0.0,0.998046875,0.998046875,0.9990234375
20.017772215269083,4.9390409786555844,2.7191146222674405,5.932621332948813,6.426995281397247,0.998046875,0.0,1.0,1.0
20.072465581977468,4.9525381354636195,2.7265440949702726,5.948830290909635,6.444553060633941,0.998046875,0.0,1.0,1.0
20.127158948685857,4.966035466702796,2.733973777632175,5.965039407269956,6.4621102970809305,0.998046875,0.0,1.0,1.0
20.18185231539424,4.979533228537983,2.741403621928457,5.981248377195233,6.479667087732568,0.998046875,0.0,1.0,1.0
20.236545682102626,4.993031399651653,2.7488338946510256,5.997457033708756,6.497223354091194,0.998046875,0.0,1.0,1.0
20.29123904881101,5.008373155051193,2.755932459517344,6.012940309817423,6.5139931244250535,0.9990234375,0.0,1.0,1.0
20.345932415519396,5.02184344965091,2.763358463646427,6.029152722000386,6.531577780221674,0.9990234375,0.0,1.0,1.0
20.40062578222778,5.035343494070236,2.770786752632444,6.045360626912011,6.549134908613089,0.9990234375,0.0,1.0,1.0
20.45531914893617,5.04884384976984,2.7782150579316265,6.061568260438473,6.56669198079623,0.9990234375,0.0,1.0,1.0
20.510012515644554,5.061672551656335,2.7879936631806816,6.076969662837558,6.583376637969979,0.9990234375,0.0009765625,1.0,1.0
20.56470588235294,5.077038822058837,2.7950912256175484,6.092440473526908,6.600135361149645,1.0,0.0009765625,1.0,1.0
20.619399249061324,5.090542729376723,2.8025249950133646,6.108643717830838,6.6176878068404,1.0,0.0009765625,1.0,1.0
20.67409261576971,5.104045367960833,2.8099641879007176,6.1248496758194415,6.635233384088717,1.0,0.0009765625,1.0,1.0
20.728785982478094,5.116871656860374,2.819771765484682,6.140236000168893,6.651906559964144,1.0,0.001953125,1.0,1.0
20.783479349186482,5.130375159033302,2.827210458423236,6.156433727222235,6.669460004507708,1.0,0.001953125,1.0,1.0
20.838172715894867,5.143876364310705,2.8346491948485526,6.172631773937345,6.687015382798265,1.0,0.001953125,1.0,1.0
20.892866082603252,5.157374110272801,2.8420887408023625,6.188831099044634,6.704572132483454,1.0,0.001953125,1.0,1.0
20.947559449311637,5.170870827416313,2.8495291049287395,6.205032162631255,6.7221273543353295,1.0,0.001953125,1.0,1.0
21.00225281602002,5.184369194311322,2.85696944750018,6.221232929613392,6.739681244595126,1.0,0.001953125,1.0,1.0
21.056946182728407,5.196491925354854,2.8692323659042076,6.235780612927683,6.755441278541661,1.0,0.00390625,1.0,1.0
21.111639549436795,5.209989606556,2.8766846390889955,6.25197662320048,6.772988680591319,1.0,0.00390625,1.0,1.0
21.16633291614518,5.223493413232671,2.8841342175963383,6.268166707597699,6.790538577718472,1.0,0.00390625,1.0,1.0
21.221026282853565,5.236982058688912,2.891591496314459,6.284376952146969,6.808075775703225,1.0,0.00390625,1.0,1.0
21.27571964956195,5.250489840288774,2.899045022873493,6.30056406312117,6.825620723278515,1.0,0.00390625,1.0,1.0
21.330413016270334,5.264000480836021,2.906493644192333,6.3167522676766765,6.843166623565304,1.0,0.00390625,1.0,1.0
21.38510638297872,5.277478707049669,2.9139476097076473,6.33296465260317,6.860715413618234,1.0,0.00390625,1.0,1.0
21.439799749687108,5.290964993767184,2.9213925551540676,6.349173154574738,6.878269046191119,1.0,0.00390625,1.0,1.0
21.494493116395493,5.303056563276417,2.933764804481247,6.36368353317787,6.893988215459959,1.0,0.005859375,1.0,1.0
21.549186483103878,5.316550913462471,2.9412198456313603,6.379885486316943,6.9115302376931025,1.0,0.005859375,1.0,1.0
21.603879849812262,5.33004680586059,2.9487033702928658,6.396060208568306,6.929069465090501,1.0,0.005859375,1.0,1.0
21.658573216520647,5.343533834914984,2.956162419173542,6.4122585444770515,6.946618417955072,1.0,0.005859375,1.0,1.0
21.713266583229032,4.715357837488905,5.191966136246291,5.66396921803101,6.141973391462825,0.994140625,0.99609375,0.99609375,0.998046875
21.76795994993742,4.7272351051413235,5.205044492538309,5.678236252894028,6.157444099363758,0.994140625,0.99609375,0.99609375,0.998046875
21.822653316645805,4.73911260725613,5.21812253287055,5.6925029439436505,6.172915232575474,0.994140625,0.99609375,0.99609375,0.998046875
21.87734668335419,4.750989946234249,5.231200488036584,5.706770152499857,6.1883860965835,0.994140625,0.99609375,0.99609375,0.998046875
21.932040050062575,4.766518576565662,5.243163296590736,5.719820207988824,6.202537968917352,0.99609375,0.99609375,0.99609375,0.998046875
21.98673341677096,4.7771859205681775,5.254897961822443,5.738230445465143,6.2164190889151945,0.99609375,0.99609375,0.998046875,0.998046875
22.041426783479345,4.789069372971228,5.267969793072521,5.752504886820708,6.23188273061489,0.99609375,0.99609375,0.998046875,0.998046875
22.096120150187733,4.800953025076594,5.281041977816276,5.766778946290774,6.247346201004088,0.99609375,0.99609375,0.998046875,0.998046875
22.150813516896118,4.812836400347805,5.294114218467948,5.781053197798414,6.2628097002819505,0.99609375,0.99609375,0.998046875,0.998046875
22.205506883604503,4.824053026313083,5.30645277528397,5.794526877972313,6.280474204035137,0.99609375,0.99609375,0.998046875,0.9990234375
22.260200250312888,4.834804646908905,5.323483459578964,5.807440995643851,6.294471148181171,0.99609375,0.998046875,0.998046875,0.9990234375
22.314893617021273,4.846683491796392,5.336563680214908,5.821710007897811,6.309936437112163,0.99609375,0.998046875,0.998046875,0.9990234375
22.369586983729658,4.858562769682286,5.349643600885577,5.835978872858484,6.325401740303309,0.99609375,0.998046875,0.998046875,0.9990234375
22.424280350438046,4.869820922939111,5.362039883977419,5.852360675851104,6.340058867670411,0.99609375,0.998046875,0.9990234375,0.9990234375
22.47897371714643,4.881024086221157,5.374376088157812,5.865824445810047,6.357749096957415,0.99609375,0.998046875,0.9990234375,1.0
22.533667083854816,4.892891060016269,5.387425284374551,5.880093897127205,6.373256842336792,0.99609375,0.998046875,0.9990234375,1.0
22.5883604505632,4.908524289786885,5.399356699092319,5.8931142066941735,6.387365254989822,0.998046875,0.998046875,0.9990234375,1.0
22.643053817271586,4.920410758861445,5.412432133788352,5.907383507509325,6.402827417112466,0.998046875,0.998046875,0.9990234375,1.0
22.697747183979974,4.9322966697468775,5.425507808593337,5.921653210336507,6.41828949530325,0.998046875,0.998046875,0.9990234375,1.0
22.75244055068836,4.94297524667004,5.43991205185829,5.937371908947102,6.432181343212926,0.998046875,0.9990234375,1.0,1.0
22.807133917396744,4.954858075072802,5.452991235509589,5.951644552933815,6.447640053880536,0.998046875,0.9990234375,1.0,1.0
22.86182728410513,4.966740650670518,5.466069972613662,5.965917659731792,6.463099001089155,0.998046875,0.9990234375,1.0,1.0
22.916520650813514,4.9786237726615825,5.479148379190317,5.980190438928039,6.478558060033576,0.998046875,0.9990234375,1.0,1.0
22.9712140175219,4.990506701770523,5.492226921160364,5.994463336806119,6.494017057784893,0.998046875,0.9990234375,1.0,1.0
23.025907384230287,5.001804603090108,5.507352225891882,6.008033909725436,6.5087166455228616,0.998046875,1.0,1.0,1.0
23.08060075093867,5.015604391045291,5.51984862593466,6.021665376294759,6.523482357663962,0.9990234375,1.0,1.0,1.0
23.135294117647057,5.027489521212139,5.532930641541686,6.0359347275193125,6.538939227373919,0.9990234375,1.0,1.0,1.0
23.18998748435544,5.039375372813464,5.546012662273143,6.05020435998422,6.554395089284616,0.9990234375,1.0,1.0,1.0
23.244680851063826,5.05126045669735,5.559094265875146,6.064473369196403,6.569852759294928,0.9990234375,1.0,1.0,1.0
23.29937421777221,5.063146076998229,5.5721753800010605,6.078743203418938,6.585309557353984,0.9990234375,1.0,1.0,1.0
23.3540675844806,5.076971612040984,5.584663901244222,6.092365501341016,6.600066569854379,1.0,1.0,1.0,1.0
23.408760951188984,5.088861565512647,5.597743143692718,6.106633477627657,6.615522764355962,1.0,1.0,1.0,1.0
23.46345431789737,5.100751473357824,5.61082323146952,6.120900922717681,6.630978690352343,1.0,1.0,1.0,1.0
23.518147684605754,5.11264108333704,5.6239028442934345,6.135168954352727,6.646434802622551,1.0,1.0,1.0,1.0
23.57284105131414,5.1245308903517826,5.636982206022508,6.1494367924193645,6.661891162520484,1.0,1.0,1.0,1.0
23.627534418022524,5.136420963837613,5.650061340100235,6.163704681177082,6.677347432907595,1.0,1.0,1.0,1.0
23.682227784730912,5.148311131112674,5.663140276286416,6.177972398717108,6.692803978614714,1.0,1.0,1.0,1.0
23.736921151439297,5.160200495731534,5.676219529691359,6.192240514171969,6.708260611844436,1.0,1.0,1.0,1.0
23.791614518147682,5.17209018653328,5.6892987717815435,6.206508034305845,6.723717525527011,1.0,1.0,1.0,1.0
23.846307884856067,5.1839629513529895,5.702366980460274,6.220768954630914,6.73920899841189,1.0,1.0,1.0,1.0
23.901001251564452,5.195856182127264,5.715447391788727,6.235037802425415,6.7546598752230445,1.0,1.0,1.0,1.0
23.955694618272837,5.207748500024286,5.728527940420173,6.249306069043046,6.77011210878533,1.0,1.0,1.0,1.0
24.010387984981225,5.219640445229796,5.741607765309276,6.263574826387247,6.7855649480549065,1.0,1.0,1.0,1.0
24.06508135168961,5.231532404970187,5.7546878136939785,6.277843386109023,6.801017746916424,1.0,1.0,1.0,1.0
24.119774718397995,5.243423658381513,5.767767248063146,6.292111795923112,6.816472016030224,1.0,1.0,1.0,1.0
24.17446808510638,5.25531462576619,5.780846922257768,6.306380562094357,6.8319259749880645,1.0,1.0,1.0,1.0
24.229161451814765,5.267205698937668,5.793926532409265,6.320648391875034,6.8473808285927955,1.0,1.0,1.0,1.0
24.28385481852315,5.27909630416572,5.807005957672154,6.334916681064201,6.862835875621076,1.0,1.0,1.0,1.0
24.338548185231538,5.290986845569401,5.820085377558499,6.349184678762245,6.878291283341395,1.0,1.0,1.0,1.0
24.393241551939923,5.302877116367554,5.833164968234254,6.363452512381714,6.893746954956401,1.0,1.0,1.0,1.0
24.447934918648308,5.314750538381922,5.84623534928207,6.3777157367978115,6.909233294186504,1.0,1.0,1.0,1.0
24.502628285356693,5.326645151626909,5.8593163657911145,6.391987903503888,6.924678864434781,1.0,1.0,1.0,1.0
24.557321652065077,5.338538461463141,5.872396804648535,6.406260579468685,6.940125806484716,1.0,1.0,1.0,1.0
24.612015018773462,5.350430153065474,5.885479582347682,6.420533344539833,6.955571938820474,1.0,1.0,1.0,1.0
24.66670838548185,5.36232102831519,5.898561524053942,6.434807166126494,6.971018666986224,1.0,1.0,1.0,1.0
24.721401752190236,5.374210617285172,5.911644478496569,6.449082393282537,6.986464263125957,1.0,1.0,1.0,1.0
24.77609511889862,5.386097840394052,5.924728652630961,6.46335911952266,7.001909506350949,1.0,1.0,1.0,1.0
24.830788485607005,5.397997532569096,5.937798865998289,6.477601308564359,7.017390778475261,1.0,1.0,1.0,1.0
24.88548185231539,5.409887023508715,5.950878568853003,6.491870598691366,7.0328456612623045,1.0,1.0,1.0,1.0
24.940175219023775,5.421776611076819,5.963958495649553,6.506140361834992,7.048299750462411,1.0,1.0,1.0,1.0
24.994868585732164,5.4336653811463815,5.977038207327646,6.520410339514935,7.0637546577432,1.0,1.0,1.0,1.0
25.04956195244055,5.4455544013705515,5.99011812775434,6.534680467331958,7.079208955983701,1.0,1.0,1.0,1.0
25.104255319148933,5.457428589714198,6.003181250581779,6.548939962272388,7.094705516580569,1.0,1.0,1.0,1.0
25.158948685857318,5.469318823367911,6.016260607464815,6.56320778608939,7.110161468935202,1.0,1.0,1.0,1.0
25.213642052565703,5.481209123697286,6.029339064848246,6.577475839548551,7.125618024471619,1.0,1.0,1.0,1.0
25.26833541927409,5.493099091700978,6.042418022637543,6.591743933488847,7.141074371446721,1.0,1.0,1.0,1.0
25.323028785982476,5.504989228188671,6.055496917256161,6.606011435812995,7.156531204724651,1.0,1.0,1.0,1.0
25.37772215269086,5.516879602456143,6.068575910438425,6.620279196997979,7.171987442798313,1.0,1.0,1.0,1.0
25.432415519399246,5.528769816985454,6.081654789398199,6.6345474030908775,7.187443509924714,1.0,1.0,1.0,1.0
25.48710888610763,5.540660350481259,6.094733809342739,6.6488149685041105,7.202899757779525,1.0,1.0,1.0,1.0
25.541802252816016,5.552550411846782,6.107812880395472,6.663083079243424,7.21835588133034,1.0,1.0,1.0,1.0
25.596495619524404,5.564440677292291,6.120891535480099,6.677350797635363,7.233812609116654,1.0,1.0,1.0,1.0
25.65118898623279,5.576330987646241,6.133970596131094,6.691618577221667,7.249268825233787,1.0,1.0,1.0,1.0
25.705882352941174,5.588221337103298,6.147049732925471,6.705886630834672,7.264724652077732,1.0,1.0,1.0,1.0
25.76057571964956,5.600111763797578,6.16012854114547,6.720154287594318,7.280181127112193,1.0,1.0,1.0,1.0
25.815269086357944,5.612001707126661,6.173207783477928,6.73442233956559,7.295637256187767,1.0,1.0,1.0,1.0
25.86996245306633,5.623892530381268,6.186286539451939,6.748690014998425,7.311093368234697,1.0,1.0,1.0,1.0
25.924655819774717,5.635782674514965,6.199365633392093,6.76295774654097,7.326549765326691,1.0,1.0,1.0,1.0
25.979349186483102,5.6476731059677725,6.212444547981744,6.777225664561958,7.342005867971628,1.0,1.0,1.0,1.0
26.034042553191487,5.659563382812843,6.225523742398883,6.791493199407716,7.357462228572043,1.0,1.0,1.0,1.0
26.08873591989987,5.671453800973041,6.238602722514582,6.805761038992977,7.372918357419272,1.0,1.0,1.0,1.0
26.143429286608256,5.683344370480273,6.251681375654294,6.820029129331902,7.388374411141787,1.0,1.0,1.0,1.0
26.19812265331664,5.695234672439163,6.264760982175542,6.83429661756872,7.403830381133217,1.0,1.0,1.0,1.0
26.25281602002503,5.707125347584133,6.277839910057246,6.848564306898329,7.419286455485324,1.0,1.0,1.0,1.0
26.307509386733415,5.719015642386056,6.29091888256441,6.862832371428671,7.434742490354281,1.0,1.0,1.0,1.0
26.3622027534418,5.730905891112025,6.303998067848751,6.877100091168352,7.450198703312673,1.0,1.0,1.0,1.0
26.416896120150184,5.742795977353168,6.317077233902067,6.89136773891794,7.465655169977009,1.0,1.0,1.0,1.0
26.47158948685857,5.7546865627159365,6.3301567917085695,6.905635167932374,7.48111096450169,1.0,1.0,1.0,1.0
26.526282853566954,5.766577036005667,6.343235784866069,6.919902951961563,7.496567080733654,1.0,1.0,1.0,1.0
26.580976220275343,5.778467476828924,6.356314673084744,6.934170591350577,7.512023479011097,1.0,1.0,1.0,1.0
26.635669586983727,5.790357832562508,6.36939413099853,6.9484383408307355,7.527479282591953,1.0,1.0,1.0,1.0
26.690362953692112,5.802248182782293,6.382473519115385,6.962706064364743,7.54293518742969,1.0,1.0,1.0,1.0
26.745056320400497,5.814138868339573,6.395552461694925,6.976973482705574,7.558391507660424,1.0,1.0,1.0,1.0
26.799749687108882,5.826028986052777,6.408631549939236,6.991241139178518,7.573848011938351,1.0,1.0,1.0,1.0
26.854443053817267,5.837919527727366,6.421711480692962,7.0055084672501735,7.589303578146765,1.0,1.0,1.0,1.0
26.909136420525655,5.8498096742223975,6.4347905701984445,7.019776393985171,7.604759782119641,1.0,1.0,1.0,1.0
26.96382978723404,5.861700238340593,6.447869791022283,7.034043883037303,7.620215874833861,1.0,1.0,1.0,1.0
27.018523153942425,5.87359018857823,6.4609490276263,7.048311342722189,7.6356725950157065,1.0,1.0,1.0,1.0
27.07321652065081,5.885480507228511,6.474028170303256,7.062579130232351,7.651128712886692,1.0,1.0,1.0,1.0
27.127909887359195,5.897370895027048,6.487107622190198,7.076846673634968,7.66658469650698,1.0,1.0,1.0,1.0
27.18260325406758,5.909260976083519,6.5001868088155295,7.091114148044066,7.682041321124465,1.0,1.0,1.0,1.0
27.237296620775968,5.9211329441972165,6.51326112863758,7.105392640797725,7.697509907143448,1.0,1.0,1.0,1.0
27.291989987484353,5.933030533759904,6.526341918440021,7.119657310517603,7.7129602247668245,1.0,1.0,1.0,1.0
27.346683354192738,5.944926561907428,6.5394228140705,7.133921766514418,7.728412211700394,1.0,1.0,1.0,1.0
27.401376720901123,5.956820531008964,6.552502520978071,7.1481856572554445,7.743868011658643,1.0,1.0,1.0,1.0
27.456070087609508,5.968712183499001,6.565581005846366,7.162450302070633,7.7593265961935085,1.0,1.0,1.0,1.0
27.510763454317892,5.98060359499351,6.5786603717960945,7.17671556795339,7.774783919574898,1.0,1.0,1.0,1.0
27.56545682102628,5.992494066560544,6.591748203934806,7.190981357158411,7.790233193372518,1.0,1.0,1.0,1.0
27.620150187734666,6.004380958513036,6.604819606987842,7.205256217201118,7.80569340503267,1.0,1.0,1.0,1.0
27.67484355444305,6.0162710564345305,6.61789900059553,7.219524217107287,7.821149280305704,1.0,1.0,1.0,1.0
27.729536921151436,6.028160740214186,6.630976990582233,7.23379189470588,7.836607295649135,1.0,1.0,1.0,1.0
27.78423028785982,6.040050063625412,6.6440553879993525,7.24806024321877,7.852064593016287,1.0,1.0,1.0,1.0
27.838923654568205,6.0519401262864525,6.6571343006669474,7.262327090843939,7.867522136770867,1.0,1.0,1.0,1.0
27.893617021276594,6.06381896373844,6.670225682268094,7.2765884717592115,7.882983903510851,1.0,1.0,1.0,1.0
27.94831038798498,6.075725986229476,6.683288382115409,7.2908609943312985,7.898435025308796,1.0,1.0,1.0,1.0
28.003003754693363,6.087633320265307,6.696353420159554,7.305132743974853,7.913884270293649,1.0,1.0,1.0,1.0
28.05769712140175,6.0995006028667165,6.709448992850481,7.319398159912899,7.929349365771652,1.0,1.0,1.0,1.0
28.112390488110133,6.111389732785159,6.7225279594911775,7.333666868997708,7.944805926836088,1.0,1.0,1.0,1.0
28.16708385481852,6.123279046253811,6.735607123691723,7.347935110756771,7.960262574116217,1.0,1.0,1.0,1.0
28.221777221526906,6.135168991784543,6.748686158048122,7.362203196011023,7.975718875683218,1.0,1.0,1.0,1.0
28.27647058823529,6.147058300238118,6.761765255767615,7.3764713803367625,7.991175651892797,1.0,1.0,1.0,1.0
28.331163954943676,6.158948638538034,6.774844138680303,7.390738684954713,8.006632492770624,1.0,1.0,1.0,1.0
28.38585732165206,6.170837956164401,6.787922837164178,7.405007352822627,8.022089175500856,1.0,1.0,1.0,1.0
28.440550688360446,6.182728140209709,6.801001759601136,7.419274757888341,8.037546030661261,1.0,1.0,1.0,1.0
28.495244055068834,6.194617987108761,6.814080464952743,7.433542784726023,8.05300281828131,1.0,1.0,1.0,1.0
28.54993742177722,6.206507669774754,6.827159428444466,7.447810711172285,8.068459612385713,1.0,1.0,1.0,1.0
28.604630788485604,6.218397512881702,6.840238468252514,7.462078736890603,8.083916070460784,1.0,1.0,1.0,1.0
28.65932415519399,6.230287199313396,6.853317207203113,7.476346529593622,8.09937321908386,1.0,1.0,1.0,1.0
28.714017521902374,6.242177091198589,6.866396012731252,7.490614931325114,8.11482948664742,1.0,1.0,1.0,1.0
28.76871088861076,6.254066870592859,6.8794747465549975,7.504882785034943,8.13028648642796,1.0,1.0,1.0,1.0
28.823404255319147,6.265956518691943,6.89255377032731,7.519150853228349,8.145743113071543,1.0,1.0,1.0,1.0
28.878097622027532,6.27784638112303,6.905632266438137,7.533418746622198,8.161200227844168,1.0,1.0,1.0,1.0
28.932790988735917,6.289735927076785,6.918711004495054,7.547686989522231,8.176657067641848,1.0,1.0,1.0,1.0
28.987484355444302,6.301625674241866,6.931789736421739,7.561954945048449,8.19211399973225,1.0,1.0,1.0,1.0
29.042177722152687,6.313515400291208,6.944868478774543,7.576223271048516,8.207570572038419,1.0,1.0,1.0,1.0
29.09687108886107,6.3254056238669865,6.957947073687351,7.590491157514344,8.223027233792394,1.0,1.0,1.0,1.0
29.15156445556946,6.337295171378749,6.971025668598814,7.604759446900813,8.238484168691086,1.0,1.0,1.0,1.0
29.206257822277845,6.349184763100167,6.984104276858497,7.619027656001321,8.253941126317862,1.0,1.0,1.0,1.0
29.26095118898623,6.3610742247620555,6.9971827746472055,7.63329607586797,8.269398113708998,1.0,1.0,1.0,1.0
29.315644555694615,6.3729638629701775,7.010261059659724,7.64756463621937,8.284854996845343,1.0,1.0,1.0,1.0
29.370337922403,6.384853635138763,7.02333939280212,7.661832838291162,8.300312056170952,1.0,1.0,1.0,1.0
29.425031289111384,6.396743492773678,7.03641772589226,7.676100974290673,8.315769096154774,1.0,1.0,1.0,1.0
29.479724655819773,6.408633104494675,7.0494960227502155,7.690369398273106,8.331226130301776,1.0,1.0,1.0,1.0
29.534418022528158,6.420522872054012,7.062574430484634,7.704637767610629,8.346682952378883,1.0,1.0,1.0,1.0
29.589111389236542,6.432412543818645,7.075652801657763,7.718905878319846,8.362140165440291,1.0,1.0,1.0,1.0
29.643804755944927,6.444302459155406,7.088731361135269,7.733173725080178,8.377597210574073,1.0,1.0,1.0,1.0
29.698498122653312,6.456192667375486,7.101809829746847,7.747440699782789,8.393054925748192,1.0,1.0,1.0,1.0
29.753191489361697,6.468083020981964,7.114888860941654,7.761707628050798,8.40851197938728,1.0,1.0,1.0,1.0
29.807884856070086,6.479974376601442,7.127967780230183,7.775973907261242,8.423968791977217,1.0,1.0,1.0,1.0
29.86257822277847,6.491865298565712,7.141047573922148,7.790240732118828,8.439424618171781,1.0,1.0,1.0,1.0
29.917271589486855,6.503754454731903,7.15412953853163,7.804506336320742,8.454881259902582,1.0,1.0,1.0,1.0
29.97196495619524,6.5156428886891,7.167212557230624,7.81876870321898,8.470340807056536,1.0,1.0,1.0,1.0
30.026658322903625,6.52753057637405,7.180297277531054,7.833028159696826,8.485802309301693,1.0,1.0,1.0,1.0
30.08135168961201,6.539423970115806,7.1933662106210825,7.84730972737831,8.501251781496812,1.0,1.0,1.0,1.0
30.1360450563204,6.551314095846422,7.2064453495966445,7.861577176224922,8.516708434652408,1.0,1.0,1.0,1.0
30.190738423028783,6.563204056091752,7.2195242439979035,7.8758449896768195,8.532165133262309,1.0,1.0,1.0,1.0
30.245431789737168,6.5750937534785,7.23260333076605,7.890112609613846,8.547622095878774,1.0,1.0,1.0,1.0
30.300125156445553,6.586986163079405,7.245677096723806,7.90439066942277,8.56307122721957,1.0,1.0,1.0,1.0
30.354818523153938,6.598874256924954,7.258754946099152,7.91866653102375,8.578522789106081,1.0,1.0,1.0,1.0
30.409511889862323,6.610765451242579,7.271837215474815,7.932924441578546,8.593984781566384,1.0,1.0,1.0,1.0
30.46420525657071,6.6226567852221985,7.284916960152742,7.947187288789632,8.60944422240614,1.0,1.0,1.0,1.0
30.518898623279096,6.634545253928387,7.297996990067764,7.9614532875834705,8.624903091699476,1.0,1.0,1.0,1.0
30.57359198998748,6.646433709123072,7.311076330341243,7.975720059991931,8.640361890531231,1.0,1.0,1.0,1.0
30.628285356695866,6.658322725527041,7.324152317967677,7.989978833132831,8.655831480068318,1.0,1.0,1.0,1.0
30.68297872340425,6.670223309744886,7.337225960191338,8.004254432657612,8.67127502081041,1.0,1.0,1.0,1.0
30.737672090112635,6.682111783244121,7.35030623197242,8.01852123664488,8.686732838251217,1.0,1.0,1.0,1.0
30.792365456821024,6.693994922136376,7.3633854735626,8.032787377177655,8.70219768394439,1.0,1.0,1.0,1.0
30.84705882352941,6.705887571199159,7.3764623867313865,8.047054681078532,8.717654184520331,1.0,1.0,1.0,1.0
30.901752190237794,6.717790182738374,7.389534727799642,8.061325229743533,8.733102049956246,1.0,1.0,1.0,1.0
30.95644555694618,6.72966272141608,7.402627949961953,8.075594619419222,8.748560266148923,1.0,1.0,1.0,1.0
31.011138923654563,6.7415529440854955,7.415704663229115,8.089860940335186,8.764020376004769,1.0,1.0,1.0,1.0
31.065832290362952,6.753442296850221,7.4287835876304795,8.104128927485093,8.779477478397158,1.0,1.0,1.0,1.0
31.120525657071337,6.765332716079271,7.441864694455173,8.118397580293983,8.794930666242909,1.0,1.0,1.0,1.0
31.17521902377972,6.777219394219248,7.454946125832748,8.132674021005778,8.810379482721947,1.0,1.0,1.0,1.0
31.229912390488106,6.789114677927237,7.468020484517281,8.146933050209075,8.825844177834515,1.0,1.0,1.0,1.0
31.28460575719649,6.801001753053699,7.481101097546282,8.161201465762517,8.841301440833991,1.0,1.0,1.0,1.0
31.339299123904876,6.812888882186083,7.494181240614481,8.17547066044356,8.856758340660752,1.0,1.0,1.0,1.0
31.393992490613265,6.824777881205976,7.5072601594472195,8.189739355085631,8.872215094874438,1.0,1.0,1.0,1.0
31.44868585732165,6.836671588537159,7.520337799736015,8.204005287831691,8.887671181216785,1.0,1.0,1.0,1.0
31.503379224030034,6.848561688107595,7.533416466604778,8.218273426259339,8.903127643058324,1.0,1.0,1.0,1.0
31.55807259073842,6.860452205851703,7.546495021304728,8.232541867132241,8.918583496449745,1.0,1.0,1.0,1.0
31.612765957446804,6.872342612228912,7.5595735817371095,8.246809975356847,8.934039788123936,1.0,1.0,1.0,1.0
31.66745932415519,6.884233308752235,7.572652081736678,8.261077831112235,8.94949610255404,1.0,1.0,1.0,1.0
31.722152690863577,6.896123946984402,7.585730614129499,8.275344931239957,8.964953198509718,1.0,1.0,1.0,1.0
31.776846057571962,6.9080143380046115,7.598809708207101,8.289612183296493,8.980409828063754,1.0,1.0,1.0,1.0
31.831539424280347,6.919901208043342,7.611883734727434,8.303881842936862,8.995872638572708,1.0,1.0,1.0,1.0
31.886232790988732,6.931791922783536,7.624959818357491,8.318150944445897,9.011330105401811,1.0,1.0,1.0,1.0
31.940926157697117,6.943683219691947,7.6380403201983835,8.33241995868631,9.026782659120476,1.0,1.0,1.0,1.0
31.9956195244055,6.95557747631627,7.651125331740566,8.346687037818208,9.04222967853046,1.0,1.0,1.0,1.0
32.05031289111389,6.967459254965454,7.664205367034885,8.360951264749017,9.057697004364533,1.0,1.0,1.0,1.0
32.105006257822275,6.979349041285676,7.677284646567162,8.37521896018429,9.073153609785146,1.0,1.0,1.0,1.0
32.15969962453066,6.991238896952221,7.690364208030987,8.389486518789985,9.088610000757464,1.0,1.0,1.0,1.0
32.214392991239045,7.003128860360452,7.7034438320778404,8.403754034133025,9.104066264667727,1.0,1.0,1.0,1.0
32.26908635794743,7.015019317506553,7.716523820375423,8.418021501444395,9.119521718621057,1.0,1.0,1.0,1.0
32.323779724655815,7.026910230133085,7.729604214939178,8.43228854767106,9.134976731912491,1.0,1.0,1.0,1.0
32.3784730913642,7.038801831783446,7.742684514033282,8.446556149853382,9.15043059569409,1.0,1.0,1.0,1.0
32.433166458072584,7.050693856931336,7.755764830840764,8.460823564728459,9.165884205572025,1.0,1.0,1.0,1.0
32.48785982478097,7.062586471372005,7.768846004696389,8.475091172236205,9.181336176476371,1.0,1.0,1.0,1.0
32.54255319148936,7.0744680689908,7.781915285837499,8.489361177469162,9.1968086591919,1.0,1.0,1.0,1.0
32.597246558197746,7.0863580590429915,7.794996520386298,8.503626629341575,9.212265349426879,1.0,1.0,1.0,1.0
32.65193992490613,7.098248566242759,7.808080203696716,8.517890173621318,9.227720981345339,1.0,1.0,1.0,1.0
32.706633291614516,7.110137958559551,7.8211513188410535,8.532165085743591,9.24317892847032,1.0,1.0,1.0,1.0
32.7613266583229,7.122027480681952,7.834230446602401,8.5464329510601,9.25863577997845,1.0,1.0,1.0,1.0
32.816020025031285,7.133917195297949,7.847309454685898,8.560701252679134,9.274092122368305,1.0,1.0,1.0,1.0
32.87071339173967,7.145807200469361,7.860388318004999,8.574969172834852,9.289548700430462,1.0,1.0,1.0,1.0
32.925406758448055,7.157697268459587,7.873466183191694,8.589236859500994,9.30500644729578,1.0,1.0,1.0,1.0
32.98010012515644,7.169586893532817,7.886545175103088,8.603504631264963,9.320463425255573,1.0,1.0,1.0,1.0
33.034793491864825,7.181476774420271,7.899624563089353,8.617772301282516,9.335919853072683,1.0,1.0,1.0,1.0
33.08948685857321,7.1933667661565295,7.912703507186292,8.632039879487076,9.351376705743311,1.0,1.0,1.0,1.0
33.144180225281595,7.205256741318796,7.92578240575064,8.64630764256743,9.366833435644727,1.0,1.0,1.0,1.0
33.19887359198999,7.217146695500633,7.938861059522518,8.66057570846488,9.38229012850196,1.0,1.0,1.0,1.0
33.25356695869837,7.229036583463675,7.951939786353866,8.67484358934184,9.397746999538992,1.0,1.0,1.0,1.0
33.308260325406756,7.240926202956953,7.965018789496208,8.689111267703026,9.413204065250568,1.0,1.0,1.0,1.0
33.36295369211514,7.252816042484684,7.97809758496043,8.703379143095459,9.428660921574567,1.0,1.0,1.0,1.0
33.417647058823526,7.264705676463285,7.991176274537805,8.717647136671099,9.444117971151334,1.0,1.0,1.0,1.0
33.47234042553191,7.276595327349184,8.004254809947609,8.731914712085905,9.459575576149211,1.0,1.0,1.0,1.0
33.527033792240296,7.288485121172438,8.017332868499894,8.746182675354254,9.475033127213708,1.0,1.0,1.0,1.0
33.58172715894868,7.300374828548501,8.0304107777517,8.76045062007476,9.490490932573724,1.0,1.0,1.0,1.0
33.636420525657066,7.31226446278043,8.04348900652018,8.77471864055119,9.505948415805266,1.0,1.0,1.0,1.0
33.69111389236545,7.324154418470277,8.056567656378192,8.788986506855588,9.521405310661391,1.0,1.0,1.0,1.0
33.745807259073835,7.336044380262697,8.069646974039447,8.803254197941007,9.536861706830683,1.0,1.0,1.0,1.0
33.80050062578223,7.3479345646404886,8.082726975349702,8.817522064508513,9.552317021283525,1.0,1.0,1.0,1.0
33.85519399249061,7.359825018270143,8.095807135465153,8.83178999039822,9.567771848357097,1.0,1.0,1.0,1.0
33.909887359199,7.37171448981006,8.108887398996771,8.846058573423571,9.583226896968595,1.0,1.0,1.0,1.0
33.96458072590738,7.383604332218154,8.121965951295504,8.860326405783331,9.598684036610392,1.0,1.0,1.0,1.0
34.01927409261577,7.395494366990669,8.135044264927682,8.874593958548918,9.614141502148499,1.0,1.0,1.0,1.0
34.07396745932415,7.407384339607846,8.148122825826237,8.888861448959384,9.629598844930689,1.0,1.0,1.0,1.0
34.12866082603254,7.419274333123278,8.161201852618014,8.903129270133183,9.645055370158063,1.0,1.0,1.0,1.0
34.18335419274092,7.431164006813784,8.174280794030388,8.917397374511097,9.660512017385653,1.0,1.0,1.0,1.0
34.238047559449306,7.4430537964987735,8.187360090270806,8.931665425587253,9.675968247092472,1.0,1.0,1.0,1.0
34.29274092615769,7.4549432663246895,8.200439935583752,8.945933675167803,9.691424049081446,1.0,1.0,1.0,1.0
34.347434292866076,7.466832567520171,8.2135204279787,8.960201508553888,9.706879788813316,1.0,1.0,1.0,1.0
34.40212765957446,7.4787216229396,8.226602059737512,8.974469213711467,9.722334763185883,1.0,1.0,1.0,1.0
34.45682102628285,7.490610782770033,8.23968224864545,8.98873680506248,9.737791189804888,1.0,1.0,1.0,1.0
34.51151439299124,7.502500214020499,8.252760196697047,9.003004340498519,9.753249641775172,1.0,1.0,1.0,1.0
34.56620775969962,7.514390633214916,8.26583706172354,9.017271606036,9.76870845872517,1.0,1.0,1.0,1.0
34.62090112640801,7.5262812700636905,8.278913764371367,9.031539394751443,9.784166697221506,1.0,1.0,1.0,1.0
34.67559449311639,7.538172001586827,8.291990750005333,9.04580702516529,9.799624716358943,1.0,1.0,1.0,1.0
34.73028785982478,7.550062384396047,8.30506913000607,9.060074929577477,9.815081415845183,1.0,1.0,1.0,1.0
34.78498122653316,7.561952423683557,8.31814778260706,9.074342843103228,9.830538177139317,1.0,1.0,1.0,1.0
34.83967459324155,7.573842206711831,8.331226823861744,9.088610792384285,9.845994770283687,1.0,1.0,1.0,1.0
34.89436795994993,7.585728949729246,8.344303580984201,9.102881455760002,9.861453973476483,1.0,1.0,1.0,1.0
34.94906132665832,7.597621288263233,8.35738485888351,9.117146556239813,9.87690862327176,1.0,1.0,1.0,1.0
35.0037546933667,7.609515152523923,8.370462091707472,9.131415586781772,9.892361862353537,1.0,1.0,1.0,1.0
35.05844806007509,7.62140168233645,8.383545451214035,9.145682525011763,9.907818401512836,1.0,1.0,1.0,1.0
35.11314142678348,7.633283699249208,8.396618257613724,9.159955513458614,9.923283956461932,1.0,1.0,1.0,1.0
35.16783479349186,7.645181325970559,8.40970067240464,9.174218388418513,9.938734406698153,1.0,1.0,1.0,1.0
35.22252816020025,7.657070488723562,8.422779269508162,9.18848561976468,9.954192782203844,1.0,1.0,1.0,1.0
35.27722152690863,7.668958950635232,8.43585884693688,9.202753845552508,9.969649883784015,1.0,1.0,1.0,1.0
35.33191489361702,7.680852140517988,8.448937216957018,9.217021246359794,9.98510428978222,1.0,1.0,1.0,1.0
35.3866082603254,7.69273846617811,8.462018691148636,9.231291471034444,10.000559631964213,1.0,1.0,1.0,1.0
35.44130162703379,7.704623263752382,8.475101113663746,9.245559517045416,10.016017732572243,1.0,1.0,1.0,1.0
35.49599499374217,7.716515090189379,8.488180495772827,9.259824480366643,10.031474927413324,1.0,1.0,1.0,1.0
35.55068836045056,7.728422506202505,8.501250465785336,9.27409165942215,10.046923729040566,1.0,1.0,1.0,1.0
35.60538172715894,7.740300469230216,8.514330409436157,9.28836048480584,10.062390363686726,1.0,1.0,1.0,1.0
35.66007509386733,7.752190320319787,8.527409326829606,9.302628335601938,10.077847111115997,1.0,1.0,1.0,1.0
35.71476846057571,7.764080311341081,8.540488367120776,9.316896055219692,10.093303726894161,1.0,1.0,1.0,1.0
35.769461827284104,7.77596922284726,8.553566877950173,9.331165919980455,10.108759806506216,1.0,1.0,1.0,1.0
35.82415519399249,7.787857847970363,8.566644133187413,9.345441294848444,10.124211917986267,1.0,1.0,1.0,1.0
35.878848560700874,7.799749686384269,8.579724452355078,9.359699598033133,10.139674823928393,1.0,1.0,1.0,1.0
35.93354192740926,7.81163632156888,8.592805577741476,9.373969240802365,10.155130787296537,1.0,1.0,1.0,1.0
35.98823529411764,7.823527454390338,8.605880306032372,9.388230527945876,10.170597005749059,1.0,1.0,1.0,1.0
36.04292866082603,7.83541919249911,8.61896152835735,9.402503129323698,10.186044810645871,1.0,1.0,1.0,1.0
36.09762202753441,7.847308978184599,8.63203988340453,9.416771323504378,10.201501842440905,1.0,1.0,1.0,1.0
36.1523153942428,7.859199038889756,8.645119011581324,9.431038116455829,10.216959227315892,1.0,1.0,1.0,1.0
36.20700876095118,7.871087903900231,8.65819847698545,9.44530706576314,10.23241531430236,1.0,1.0,1.0,1.0
36.26170212765957,7.882969471047606,8.671283989368634,9.45957984241981,10.247868824823517,1.0,1.0,1.0,1.0
36.31639549436795,7.894868319496325,8.684355656812292,9.473840525333845,10.26333099272549,1.0,1.0,1.0,1.0
36.37108886107634,7.906757636533589,8.697435081891083,9.488107110630471,10.278789032021193,1.0,1.0,1.0,1.0
36.42578222778473,7.918646713709884,8.710514725759255,9.502374320313427,10.294246468002166,1.0,1.0,1.0,1.0
36.480475594493114,7.930535814150001,8.723594725425572,9.51664299456434,10.3097020603532,1.0,1.0,1.0,1.0
36.5351689612015,7.942424979031428,8.736674678083467,9.530912347270966,10.325156956815636,1.0,1.0,1.0,1.0
36.589862327909884,7.954314237009185,8.74975449550939,9.545179863373168,10.340613732018141,1.0,1.0,1.0,1.0
36.64455569461827,7.966203405234061,8.762834040751965,9.559446986992508,10.356071261639734,1.0,1.0,1.0,1.0
36.699249061326654,7.9780927345513515,8.77591339533,9.573713623637552,10.371529307807748,1.0,1.0,1.0,1.0
36.75394242803504,7.989982296506246,8.788992617298241,9.587979012755339,10.386988501475214,1.0,1.0,1.0,1.0
36.808635794743424,8.001877684808221,8.80206540626836,9.602254188624652,10.402438515042189,1.0,1.0,1.0,1.0
36.86332916145181,8.013767816006478,8.815144222396777,9.61652267941971,10.417894443628846,1.0,1.0,1.0,1.0
36.91802252816019,8.025657988083715,8.82822298981088,9.63079083366341,10.433350716602186,1.0,1.0,1.0,1.0
36.97271589486858,8.037548126029238,8.841301716796176,9.64505838720928,10.448807664833888,1.0,1.0,1.0,1.0
37.02740926157697,8.049437898086781,8.854380467774481,9.659325924248035,10.464264971467673,1.0,1.0,1.0,1.0
37.082102628285355,8.061327702215525,8.867459480827211,9.673594182527992,10.479721262714627,1.0,1.0,1.0,1.0
37.13679599499374,8.073217465601692,8.880538293132107,9.687862379288843,10.495177856971099,1.0,1.0,1.0,1.0
37.191489361702125,8.085106840307287,8.893617319133828,9.702130013445293,10.510635188815717,1.0,1.0,1.0,1.0
37.24618272841051,8.096996254188383,8.906696173055522,9.716396645551008,10.526093655615597,1.0,1.0,1.0,1.0
37.300876095118895,8.108880011451625,8.919783649898347,9.730663464539198,10.541548969229723,1.0,1.0,1.0,1.0
37.35556946182728,8.120776046487642,8.932853815192974,9.744929974808755,10.557009625337908,1.0,1.0,1.0,1.0
37.410262828535664,8.13266580713235,8.94593266538658,9.759197979912624,10.572466376104114,1.0,1.0,1.0,1.0
37.46495619524405,8.14455561031734,8.959011524764005,9.773466181039824,10.58792287912288,1.0,1.0,1.0,1.0
37.519649561952434,8.156445507935965,8.972090433181032,9.787734094723353,10.603379526112088,1.0,1.0,1.0,1.0
37.57434292866082,8.168335322749325,8.985169335800975,9.802001776088874,10.618836494021645,1.0,1.0,1.0,1.0
37.629036295369204,8.180225229745911,8.998248045435469,9.816269578145267,10.634293442042555,1.0,1.0,1.0,1.0
37.683729662077596,8.192115043208629,9.011326956097292,9.830537299620742,10.64975036315093,1.0,1.0,1.0,1.0
37.73842302878598,8.20400490867493,9.024405715763063,9.844805121448617,10.665207282899368,1.0,1.0,1.0,1.0
37.793116395494366,8.21589478407612,9.037484416203384,9.859072904043856,10.680664291171006,1.0,1.0,1.0,1.0
37.84780976220275,8.22778459808452,9.050563268694455,9.873340600819706,10.696121294604072,1.0,1.0,1.0,1.0
37.902503128911135,8.23967447062877,9.063642080564414,9.887608217459185,10.711578360258766,1.0,1.0,1.0,1.0
37.95719649561952,8.2515644277646,9.076720862353104,9.90187590419466,10.727035301307156,1.0,1.0,1.0,1.0
38.011889862327905,8.263454392625873,9.089799654681983,9.916143452113474,10.742492362906574,1.0,1.0,1.0,1.0
38.06658322903629,8.275344242450622,9.10287827458863,9.930411173650471,10.757949538346567,1.0,1.0,1.0,1.0
38.121276595744675,8.287234085738415,9.115957114870657,9.944678765684053,10.77340662945155,1.0,1.0,1.0,1.0
38.17596996245306,8.299124019575494,9.12903594125219,9.958946308019103,10.788863693606272,1.0,1.0,1.0,1.0
38.230663329161445,8.311013709273263,9.142115010836466,9.97321389129823,10.804320717753487,1.0,1.0,1.0,1.0
38.28535669586983,8.322903307644859,9.155194361036113,9.987481101799291,10.819777925389568,1.0,1.0,1.0,1.0
38.34005006257822,8.33479236978283,9.168274749963667,10.001748094240387,10.835234848591337,1.0,1.0,1.0,1.0
38.394743429286606,8.346680495367375,9.181356868098439,10.016014242559628,10.850691823261165,1.0,1.0,1.0,1.0
38.44943679599499,8.35857335227315,9.194430866012395,10.030288044273014,10.866144533436433,1.0,1.0,1.0,1.0
38.504130162703376,8.370463210369266,9.207510119111703,10.044555768310065,10.881601064912342,1.0,1.0,1.0,1.0
38.55882352941176,8.38235295265706,9.220589448105425,10.058823226946394,10.897057901702883,1.0,1.0,1.0,1.0
38.613516896120146,8.394242707229475,9.233668111160169,10.073091134622432,10.91251494310807,1.0,1.0,1.0,1.0
38.66821026282853,8.406132604876671,9.246746177584967,10.087359273329266,10.927972207037627,1.0,1.0,1.0,1.0
38.722903629536916,8.418025028243571,9.259824113543036,10.10162963569832,10.94342485205199,1.0,1.0,1.0,1.0
38.7775969962453,8.429912381009068,9.272903350002585,10.115893109000876,10.95888815623277,1.0,1.0,1.0,1.0
38.832290362953685,8.441802324709045,9.285981935727879,10.130160105932818,10.974345996583944,1.0,1.0,1.0,1.0
38.88698372966207,8.453692302564386,9.299061349437519,10.144430852900323,10.989799224759844,1.0,1.0,1.0,1.0
38.941677096370455,8.46558301298461,9.312139550019726,10.158698750475995,11.005255782890124,1.0,1.0,1.0,1.0
38.99637046307885,8.477472966987579,9.325218014666781,10.172966844253377,11.020712637171112,1.0,1.0,1.0,1.0
39.05106382978723,8.489361847759131,9.338297760867928,10.187234531639277,11.036169689520896,1.0,1.0,1.0,1.0
39.10575719649562,8.50125112183726,9.351377237090942,10.201503698855467,11.05162513871195,1.0,1.0,1.0,1.0
39.160450563204,8.5131415022504,9.36445556961945,10.21577010464971,11.067083386684441,1.0,1.0,1.0,1.0
39.21514392991239,8.52503115962426,9.377534325364206,10.23003833002828,11.082540114895638,1.0,1.0,1.0,1.0
39.26983729662077,8.53692119138268,9.39061274492793,10.244305510258085,11.097997850052076,1.0,1.0,1.0,1.0
39.324530663329156,8.548810924314084,9.403690513941774,10.258572714548,11.113456510525298,1.0,1.0,1.0,1.0
39.37922403003754,8.560700656273514,9.41676711304565,10.272845456935793,11.128910803782587,1.0,1.0,1.0,1.0
39.433917396745926,8.57259001093518,9.42984989670103,10.287107437727082,11.144370051382635,1.0,1.0,1.0,1.0
39.48861076345431,8.584479738766618,9.442929494362703,10.301375395781013,11.159826134543978,1.0,1.0,1.0,1.0
39.543304130162696,8.596370451640754,9.45600752431555,10.315644564845734,11.175281589360658,1.0,1.0,1.0,1.0
39.59799749687109,8.608260183809099,9.469085886379323,10.329912594679286,11.190738832003376,1.0,1.0,1.0,1.0
39.65269086357947,8.620150278738775,9.482165121258825,10.344180312045731,11.206195151536141,1.0,1.0,1.0,1.0
39.70738423028786,8.632039465705432,9.49524594924335,10.358447305133843,11.221651510205234,1.0,1.0,1.0,1.0
39.76207759699624,8.64392897997133,9.508323530841649,10.372716518152933,11.237108568030331,1.0,1.0,1.0,1.0
39.81677096370463,8.65581979661059,9.52140174108769,10.386983718511804,11.252565707494544,1.0,1.0,1.0,1.0
39.87146433041301,8.667707861072657,9.53448048766948,10.401252339613436,11.26802364205744,1.0,1.0,1.0,1.0
39.9261576971214,8.679598337158179,9.547563794430317,10.415518038917785,11.283477526615115,1.0,1.0,1.0,1.0
39.98085106382978,8.897763760546356,9.78754031201216,10.677316876284188,10.618230114987078,1.0,1.0,1.0,0.8359375
40.03554443053817,7.031249999296875,10.008886107634542,10.008886107634542,12.986522215972208,0.40625,1.0,1.0,1.0
40.09023779724655,7.109374999289063,10.022559449311638,10.022559449311638,12.935743899334211,0.421875,1.0,1.0,1.0
40.144931163954936,7.109374999289063,10.036232790988734,10.036232790988734,12.963090582688409,0.421875,1.0,1.0,1.0
40.19962453066332,7.109374999289063,10.04990613266583,10.04990613266583,12.990437266042592,0.421875,1.0,1.0,1.0
40.25431789737171,7.18749999928125,10.063579474342928,10.063579474342928,12.939658949404604,0.4375,1.0,1.0,1.0
40.3090112640801,7.18749999928125,10.077252816020025,10.077252816020025,12.967005632758799,0.4375,1.0,1.0,1.0
40.36370463078848,7.18749999928125,10.09092615769712,10.09092615769712,12.994352316112993,0.4375,1.0,1.0,1.0
40.41839799749687,7.265624999273437,10.104599499374217,10.104599499374217,12.943573999475,0.453125,1.0,1.0,1.0
40.47309136420525,7.265624999273437,10.118272841051313,10.118272841051313,12.97092068282919,0.453125,1.0,1.0,1.0
40.52778473091364,7.265624999273437,10.13194618272841,10.13194618272841,12.998267366183384,0.453125,1.0,1.0,1.0
40.58247809762202,7.343749999265625,10.145619524405506,10.145619524405506,12.947489049545387,0.46875,1.0,1.0,1.0
40.63717146433041,7.343749999265625,10.159292866082602,10.159292866082602,12.974835732899578,0.46875,1.0,1.0,1.0
40.69186483103879,7.421874999257812,10.172966207759698,10.172966207759698,12.924057416261585,0.484375,1.0,1.0,1.0
40.74655819774718,7.421874999257812,10.186639549436794,10.186639549436794,12.951404099615779,0.484375,1.0,1.0,1.0
40.80125156445556,7.421874999257812,10.20031289111389,10.20031289111389,12.978750782969973,0.484375,1.0,1.0,1.0
40.85594493116395,7.49999999925,10.213986232790987,10.213986232790987,12.927972466331973,0.5,1.0,1.0,1.0
40.91063829787234,7.49999999925,10.227659574468085,10.227659574468085,12.955319149686169,0.5,1.0,1.0,1.0
40.965331664580724,7.49999999925,10.241332916145181,10.241332916145181,12.98266583304036,0.5,1.0,1.0,1.0
41.02002503128911,7.5781249992421875,10.255006257822277,10.255006257822277,12.93188751640237,0.515625,1.0,1.0,1.0
41.07471839799749,7.5781249992421875,10.268679599499373,10.268679599499373,12.959234199756564,0.515625,1.0,1.0,1.0
41.12941176470588,7.5781249992421875,10.28235294117647,10.28235294117647,12.986580883110754,0.515625,1.0,1.0,1.0
41.18410513141426,7.656249999234375,10.296026282853566,10.296026282853566,12.935802566472754,0.53125,1.0,1.0,1.0
41.23879849812265,7.656249999234375,10.309699624530662,10.309699624530662,12.963149249826948,0.53125,1.0,1.0,1.0
41.29349186483103,7.656249999234375,10.323372966207758,10.323372966207758,12.990495933181142,0.53125,1.0,1.0,1.0
41.34818523153942,7.734374999226563,10.337046307884854,10.337046307884854,12.939717616543149,0.546875,1.0,1.0,1.0
41.4028785982478,7.734374999226563,10.35071964956195,10.35071964956195,12.96706429989734,0.546875,1.0,1.0,1.0
41.45757196495619,7.734374999226563,10.364392991239047,10.364392991239047,12.994410983251534,0.546875,1.0,1.0,1.0
41.51226533166457,7.81249999921875,10.378066332916143,10.378066332916143,12.943632666613537,0.5625,1.0,1.0,1.0
41.566958698372964,7.81249999921875,10.391739674593241,10.391739674593241,12.970979349967733,0.5625,1.0,1.0,1.0
41.62165206508135,7.81249999921875,10.405413016270337,10.405413016270337,12.998326033321923,0.5625,1.0,1.0,1.0
41.676345431789734,7.890624999210938,10.419086357947434,10.419086357947434,12.94754771668393,0.578125,1.0,1.0,1.0
41.73103879849812,7.890624999210938,10.43275969962453,10.43275969962453,12.974894400038124,0.578125,1.0,1.0,1.0
41.785732165206504,7.968749999203125,10.446433041301626,10.446433041301626,12.924116083400127,0.59375,1.0,1.0,1.0
41.84042553191489,7.968749999203125,10.460106382978722,10.460106382978722,12.951462766754318,0.59375,1.0,1.0,1.0
41.895118898623274,7.968749999203125,10.473779724655818,10.473779724655818,12.978809450108509,0.59375,1.0,1.0,1.0
41.94981226533166,8.046874999195312,10.487453066332915,10.487453066332915,12.928031133470519,0.609375,1.0,1.0,1.0
42.00450563204004,8.046874999195312,10.50112640801001,10.50112640801001,12.955377816824713,0.609375,1.0,1.0,1.0
42.05919899874843,8.046874999195312,10.514799749687107,10.514799749687107,12.982724500178904,0.609375,1.0,1.0,1.0
42.11389236545681,8.1249999991875,10.528473091364203,10.528473091364203,12.931946183540903,0.625,1.0,1.0,1.0
42.168585732165205,8.1249999991875,10.542146433041301,10.542146433041301,12.9592928668951,0.625,1.0,1.0,1.0
42.22327909887359,8.1249999991875,10.555819774718397,10.555819774718397,12.986639550249294,0.625,1.0,1.0,1.0
42.277972465581975,8.203124999179687,10.569493116395494,10.569493116395494,12.935861233611304,0.640625,1.0,1.0,1.0
42.33266583229036,8.203124999179687,10.58316645807259,10.58316645807259,12.963207916965494,0.640625,1.0,1.0,1.0
42.387359198998745,8.203124999179687,10.596839799749686,10.596839799749686,12.990554600319685,0.640625,1.0,1.0,1.0
42.44205256570713,8.281249999171875,10.610513141426782,10.610513141426782,12.939776283681688,0.65625,1.0,1.0,1.0
42.496745932415514,8.281249999171875,10.624186483103879,10.624186483103879,12.967122967035882,0.65625,1.0,1.0,1.0
42.5514392991239,8.281249999171875,10.637859824780975,10.637859824780975,12.994469650390073,0.65625,1.0,1.0,1.0
42.606132665832284,8.359374999164062,10.651533166458071,10.651533166458071,12.94369133375208,0.671875,1.0,1.0,1.0
42.66082603254067,8.359374999164062,10.665206508135167,10.665206508135167,12.971038017106274,0.671875,1.0,1.0,1.0
42.715519399249054,8.359374999164062,10.678879849812263,10.678879849812263,12.998384700460468,0.671875,1.0,1.0,1.0
42.77021276595744,8.43749999915625,10.69255319148936,10.69255319148936,12.947606383822468,0.6875,1.0,1.0,1.0
42.82490613266583,8.43749999915625,10.706226533166458,10.706226533166458,12.974953067176664,0.6875,1.0,1.0,1.0
42.879599499374216,8.515624999148438,10.719899874843554,10.719899874843554,12.92417475053867,0.703125,1.0,1.0,1.0
42.9342928660826,8.515624999148438,10.73357321652065,10.73357321652065,12.951521433892864,0.703125,1.0,1.0,1.0
42.988986232790985,8.515624999148438,10.747246558197746,10.747246558197746,12.978868117247059,0.703125,1.0,1.0,1.0
43.04367959949937,8.593749999140625,10.760919899874843,10.760919899874843,12.928089800609058,0.71875,1.0,1.0,1.0
43.098372966207755,8.593749999140625,10.774593241551939,10.774593241551939,12.955436483963249,0.71875,1.0,1.0,1.0
43.15306633291614,8.593749999140625,10.788266583229035,10.788266583229035,12.982783167317443,0.71875,1.0,1.0,1.0
43.207759699624525,8.671874999132813,10.801939924906131,10.801939924906131,12.932004850679453,0.734375,1.0,1.0,1.0
43.26245306633291,8.671874999132813,10.815613266583227,10.815613266583227,12.959351534033644,0.734375,1.0,1.0,1.0
43.317146433041295,8.671874999132813,10.829286608260324,10.829286608260324,12.986698217387834,0.734375,1.0,1.0,1.0
43.37183979974968,8.749999999125,10.84295994993742,10.84295994993742,12.935919900749838,0.75,1.0,1.0,1.0
43.426533166458064,8.749999999125,10.856633291614516,10.856633291614516,12.963266584104032,0.75,1.0,1.0,1.0
43.481226533166456,8.749999999125,10.870306633291614,10.870306633291614,12.990613267458228,0.75,1.0,1.0,1.0
43.53591989987484,,,,,,,,
43.590613266583226,,,,,,,,
43.64530663329161,,,,,,,,
43.699999999999996,,,,,,,,
