r,r1,n1,n2,r2
0.0,0.0,0.0,0.0,0.0
0.06323823823823824,0.03328328056733803,0.0,0.0,0.029954957670900208
0.12647647647647647,0.06656655306530204,0.0,0.0,0.05990992341117443
0.1897147147147147,0.09984985046920034,0.0,0.0,0.08986486424551438
0.25295295295295295,0.13313313208379488,0.0,0.0,0.11981982086915807
0.3161911911911912,0.16641648229686273,0.0,0.0,0.14977470889432848
0.3794294294294294,0.1996997604838672,0.0,0.0,0.17972966894556222
0.44266766766766763,0.2329830566471331,0.0,0.0,0.20968461102053454
0.5059059059059059,0.2662663037021453,0.0,0.0,0.23963960220376057
0.5691441441441442,0.2995496054811572,0.0,0.0,0.26959453866298694
0.6323823823823824,0.3328329105108589,0.0,0.0,0.29954947187152353
0.6956206206206206,0.3661161394378329,0.0,0.0,0.3295044811827877
0.7588588588588588,0.3993994179543164,0.0,0.0,0.35945944090454246
0.8220970970970971,0.43268266865074795,0.0,0.0,0.38941442844634916
0.8853353353353353,0.4659659855525961,0.0,0.0,0.41936934978273915
0.9485735735735735,0.499249291291785,0.0,0.0,0.4493242822817885
1.0118118118118118,0.532532482016925,0.0,0.0,0.47927932979488674
1.07505005005005,0.5658157495524938,0.0,0.0,0.5092343004975561
1.1382882882882883,0.5990990990244903,0.0,0.0,0.539189189263798
1.2015265265265265,0.6323823212383003,0.0,0.0,0.5691442052882262
1.2647647647647648,0.6656656787691257,0.0,0.0,0.5990990859956391
1.328003003003003,0.6989489762099451,0.0,0.0,0.6290540267930579
1.3912412412412412,0.7322322604332268,0.0,0.0,0.6590089808080144
1.4544794794794795,0.7655155446179899,0.0,0.0,0.6889639348614897
1.5177177177177177,0.7987987528787543,0.0,0.0,0.7189189648389633
1.5809559559559558,0.8320820242040337,0.0,0.0,0.7488739317519222
1.6441941941941942,0.8653654152593413,0.0,0.0,0.7788287789348529
1.7074324324324324,0.8986486813098328,0.0,0.0,0.8087837511225996
1.7706706706706705,0.9319319310885071,0.0,0.0,0.8387387395821634
1.833908908908909,0.9652151518637481,0.0,0.0,0.8686937570451608
1.897147147147147,0.9984984609417564,0.0,0.0,0.8986486862053906
1.9603853853853854,1.0317818474106062,0.0,0.0,0.9286035379747792
2.0236236236236236,1.0650650633403984,0.0,0.0,0.9585585602832252
2.0868618618618617,1.0983483856584957,0.0,0.0,0.988513476203366
2.1501001001001,1.1316316290193775,0.0,0.0,1.0184684710807224
2.2133383383383385,1.1649149119001545,0.0,0.0,1.048423426438184
2.2765765765765766,1.1981982368124484,0.0,0.0,1.0783783397641282
2.339814814814815,1.231481520449048,0.0,0.0,1.1083332943657669
2.403053053053053,1.2647647598317338,0.0,0.0,1.1382882932213192
2.466291291291291,1.298048064871183,0.0,0.0,1.1682432264201081
2.5295295295295297,1.3313313477218622,0.0,0.0,1.1981981818076675
2.592767767767768,1.3646146068846832,0.0,0.0,1.2281531608830847
2.656006006006006,1.3978979130560485,0.0,0.0,1.2581080929499575
2.719244244244244,1.431181244632012,0.0,0.0,1.2880629996122321
2.7824824824824823,1.4644644778113758,0.0,0.0,1.3180180046711065
2.8457207207207205,1.4977477855009105,0.0,0.0,1.34797293521981
2.908958958958959,1.5310310419113904,0.0,0.0,1.3779279170475687
2.972197197197197,1.5643143236893033,0.0,0.0,1.4078828735078939
3.0354354354354354,1.597597605285476,0.0,0.0,1.4378378301499595
3.0986736736736735,1.630880886690928,0.0,0.0,1.4677927869827456
3.1619119119119117,1.6641641959323936,0.0,0.0,1.497747715979518
3.2251501501501503,1.6974474774746222,0.0,0.0,1.527702672675528
3.2883883883883884,1.7307307298577201,0.0,0.0,1.5576576585306683
3.3516266266266266,1.7640140442676386,0.0,0.0,1.587612582358988
3.4148648648648647,1.7972972989413072,0.0,0.0,1.6175675659235575
3.478103103103103,1.830580609531336,0.0,0.0,1.647522493571767
3.541341341341341,1.86386389443568,0.0,0.0,1.677477446905661
3.6045795795795796,1.8971472101768803,0.0,0.0,1.7074323694026994
3.667817817817818,1.9304304622452673,0.0,0.0,1.7373873555725505
3.731056056056056,1.9637137137891083,0.0,0.0,1.7673423422669476
3.794294294294294,1.9984692721779884,0.0007100418557379519,0.0004497336508233329,1.7958250221163057
3.8575325325325323,2.0318190970639396,0.0015557779010932033,0.0012868180532164077,1.8257134354685927
3.920770770770771,2.06516798656978,0.0024115316382993966,0.0021342237138801496,1.855602784200991
3.984009009009009,2.098519511850669,0.0032776066337762574,0.002991647066394833,1.88548949715834
4.047247247247247,2.1318726759087885,0.004153395754684333,0.0038586327611308696,1.9153745713384587
4.110485485485485,2.1652285269096185,0.005039202567443352,0.004735332581298123,1.9452569585758668
4.1737237237237235,2.198583297415543,0.005934116372794135,0.005621442960476866,1.9751404263081804
4.236961961961962,2.2319407149623895,0.006838440737156408,0.006516660332247374,2.005021246999572
4.3002002002002,2.2653008106620334,0.007752175660530173,0.007420984696609649,2.0348993895381664
4.363438438438438,2.298659740026522,0.008674410443656251,0.008334112487143962,2.064778698411916
4.426676676676677,2.332023284372271,0.009605752219374096,0.00925574013743059,2.094653392304406
4.489914914914915,2.365385619726115,0.010545593854844253,0.010186171213889258,2.1245292951888
4.553153153153153,2.3987506567622967,0.011493935350066726,0.011124798583680514,2.1544024963908566
4.616391391391391,2.4321144445088447,0.012450169572202057,0.012071622246804357,2.1842769468825467
4.67962962962963,2.465484824460854,0.013414903654089707,0.013026035070421339,2.2141448051687758
4.742867867867868,2.498851998317026,0.014387226896470493,0.013988644187370908,2.2440158695508416
4.806106106106106,2.532221911752042,0.015367442865764143,0.014958842464813616,2.2738841943540637
4.869344344344344,2.5655924350792025,0.016354944429131206,0.015936326336329736,2.3037519092651415
4.932582582582582,2.5989677695147653,0.01735033871941113,0.016921095801919268,2.333614813067817
4.99582082082082,2.6323416867121128,0.018352715037344737,0.017913150861582215,2.3634791341087076
5.059059059059059,2.6657163518991167,0.019362073382932034,0.01891218794889884,2.3933427071599427
5.1222972972972975,2.6990916168050854,0.02037841375617302,0.01991820706386916,2.423205680492212
5.185535535535536,2.7324695948630886,0.02140173615706769,0.02093090464007344,2.453065940672447
5.248773773773774,2.7658482268040725,0.022431433452776598,0.02194997711109195,2.4829255469697014
5.312012012012012,2.79922744487118,0.023467809209719467,0.022975728043344426,2.512784567140832
5.37525025025025,2.8326094097123886,0.024510559861476572,0.02400755030399141,2.5426408405378615
5.438488488488488,2.865994127660503,0.025559685408047907,0.025045443893032905,2.572494360827985
5.5017267267267265,2.8993773041480244,0.02661488228301376,0.026089712376888636,2.602349422578702
5.564964964964965,2.9327632601608706,0.027675846919954394,0.027139445056299425,2.632201704804094
5.628203203203203,2.9661497757059676,0.02874288288528954,0.028195249064104727,2.662053427497235
5.691441441441441,2.999539060578081,0.02981568661259946,0.029256517267465088,2.6919023808633598
5.75467967967968,3.0329289290844317,0.030893954535464445,0.030323249666380503,2.7217507505952483
5.817917917917918,3.0663215788513023,0.03197799022030422,0.03139544626085099,2.751596339066616
5.881156156156156,3.099710342979355,0.033066882967859604,0.03247310705087651,2.781445813176801
5.944394394394394,3.133106295416957,0.03416154347738977,0.03355562490361766,2.8112880989774376
6.007632632632633,3.1664983523384946,0.035261061049635535,0.03464360695191387,2.841134280294138
6.070870870870871,3.199897712095075,0.03636604281743637,0.035736142496505946,2.870973158775796
6.134109109109109,3.2332953475417225,0.037475881647952805,0.03683383867023337,2.9008137615673864
6.197347347347347,3.26669578938297,0.03859057754118485,0.03793608834025668,2.930651557964377
6.260585585585585,3.300096755922589,0.03971013049713251,0.03904319507299558,2.9604888296629963
6.323823823823823,3.3334959317782147,0.04083393338295632,0.04015485530203037,2.9903278920456087
6.3870620620620615,3.366897902671796,0.04196259333149574,0.04127106902736104,3.0201641593902657
6.4503003003003005,3.400305018833586,0.04309611034275077,0.04239153268256787,3.0499952814667144
6.513538538538539,3.433705633246044,0.0442332701510425,0.04351654983407059,3.079832905292495
6.576776776776777,3.467113737682213,0.04537528702204985,0.04464551334902973,3.109663039094564
6.640015015015015,3.500519963369778,0.04652155382293335,0.04577903036028476,3.139495051645237
6.703253253253253,3.533931390065909,0.047672070553693005,0.046916190168576496,3.1693218631873443
6.766491491491491,3.5673432921731054,0.048826837214328817,0.048057599906744394,3.199148199318386
6.8297297297297295,3.600755671935759,0.04998524667200134,0.04920265244194899,3.2289740577939705
6.892967967967968,3.6341684976884987,0.05114790605955001,0.05035195490702975,3.258799470279469
6.956206206206206,3.667586597709519,0.0523142082441354,0.051504293036307755,3.288619608496687
7.019444444444444,3.701005151559824,0.053484760358596936,0.05266088109546192,3.31843929288462
7.082682682682682,3.734424162717615,0.054658955270095184,0.05382111195165279,3.348258519965067
7.145920920920921,3.767838757052149,0.055836185845790684,0.05498498560488038,3.378082163868772
7.209159159159159,3.801258624199912,0.057017666351362344,0.05615250205514466,3.4079005349592473
7.272397397397397,3.8346838212561933,0.0582027896539707,0.0573230541696062,3.437713576141204
7.335635635635636,3.86810945549675,0.05939155575361578,0.058497249081104444,3.4675261801388855
7.398873873873874,3.901530586146672,0.060583357517458095,0.0596750867896394,3.497343287727202
7.462112112112112,3.9349570578578326,0.06177880207833712,0.0608559601623716,3.5271550542542793
7.52535035035035,3.968388906387725,0.06297788943625286,0.062039869199301066,3.556961443962625
7.588588588588588,1.0550565733578916,0.0,0.9801091139139061,6.533532015230697
7.651826826826826,1.0637665022779832,0.0,0.980212022930193,6.588060324548843
7.7150650650650645,1.0724743715999778,0.0,0.9803158426457392,6.6425906934650865
7.7783033033033036,1.0811796199009578,0.0,0.980421180193384,6.697123683402346
7.841541541541542,1.0898828507531881,0.0,0.9805274284402878,6.751658690788354
7.90477977977978,1.0985836020597548,0.0,0.9806348909528706,6.806196177720025
7.968018018018018,1.1072816888315937,0.0,0.9807438712975521,6.860736329186424
8.031256256256256,1.115977630096486,0.0,0.9808537623414928,6.91527862615977
8.094494494494494,1.1246711132057374,0.0,0.9809648676511123,6.969823381288757
8.157732732732732,1.1333620746414943,0.0,0.9810771872264107,7.024370658091238
8.22097097097097,1.1420506120754286,0.0,0.981190721067388,7.078920358895542
8.284209209209209,1.1507365417764304,0.0,0.9813054691740443,7.133472667432779
8.347447447447447,1.1594199183559752,0.0,0.9814214315463794,7.188027529091472
8.410685685685685,1.1681007634658442,0.0,0.9815386081843934,7.242584922219841
8.473923923923923,1.1767786958732278,0.0,0.9816573026545061,7.297145228050695
8.537162162162161,1.1854543269234772,0.0,0.981776907823878,7.351707835238685
8.6004004004004,1.1941269762328242,0.0,0.9818980308253484,7.406273424167575
8.663638638638638,1.202797058263659,0.0,0.9820203680924978,7.460841580374979
8.726876876876876,1.2114643641461078,0.0,0.9821439196253261,7.515412512730768
8.790115115115116,1.2201289750414686,0.0,0.9822686854238334,7.569986140073647
8.853353353353354,1.2287905468853826,0.0,0.9823949690544391,7.624562806467972
8.916591591591592,1.2374493956081845,0.0,0.9825224669507239,7.679142195983408
8.97982982982983,1.2461051512332595,0.0,0.9826514826791072,7.7337246785965705
9.043068068068068,1.2547583436665832,0.0,0.9827814091067497,7.788309724401485
9.106306306306307,1.2634084873062152,0.0,0.9829128533664908,7.8428978190000915
9.169544544544545,1.2720553901940597,0.0,0.9830458154583307,7.897489154350485
9.232782782782783,1.280699481423686,0.0,0.9831799918158494,7.952083301359097
9.296021021021021,1.2893403232714693,0.0,0.9833156860054666,8.006680697749552
9.35925925925926,1.2979782959814643,0.0,0.9834525944607628,8.061280963277795
9.422497497497497,1.3066132422184176,0.0,0.983590717181738,8.115884255279079
9.485735735735735,1.3152446308054824,0.0,0.9837306613012313,8.170491104930253
9.548973973973974,1.3238730537691616,0.0,0.9838718196864037,8.225100920204811
9.612212212212212,1.3324983267182449,0.0,0.984014192337255,8.279713885493967
9.67545045045045,1.3411203531605052,0.0,0.9841580828202048,8.334330097289945
9.738688688688688,1.349738952087875,0.0,0.9843034911352533,8.388949736600813
9.801926926926926,1.358354067552451,0.0,0.9844504172824006,8.443572859374475
9.865165165165164,1.3669658392356556,0.0,0.9845988612616463,8.498199325929509
9.928403403403403,1.3755744014395292,0.0,0.9847485195065708,8.552829001963874
9.99164164164164,1.384179416373546,0.0,0.9848996955835942,8.607462225268094
10.054879879879879,1.392780947146134,0.0,0.9850523894927161,8.662098932733745
10.118118118118119,1.4013789552937057,0.0,0.9852066012339367,8.716739162824414
10.181356356356357,1.4099733758734683,0.0,0.9853623308072559,8.771382980482889
10.244594594594595,1.4185641608828414,0.0,0.9855195782126738,8.826030433711754
10.307832832832833,1.4271513062227303,0.0,0.9856783434501901,8.880681526610102
10.371071071071071,1.435734734908107,0.0,0.9858386265198053,8.935336336162964
10.43430930930931,1.444314239146013,0.0,0.9860007309879386,8.989995070163296
10.497547547547548,1.4528903218221485,0.0,0.986164049721751,9.044657225725398
10.560785785785786,1.4614622466632126,0.0,0.9863291898540817,9.099323539122572
10.624024024024024,1.470030822767503,0.0,0.9864955442520912,9.15399320125652
10.687262262262262,1.478594820930001,0.0,0.9866640236150389,9.208667441332262
10.7505005005005,1.487155365163018,0.0,0.9868337172436654,9.263345135337483
10.813738738738738,1.4957116613153754,0.0,0.9870052322708105,9.318027077423363
10.876976976976977,1.5042641461856354,0.0,0.9871782651300539,9.372712830791341
10.940215215215215,1.5128126374209687,0.0,0.987352815821396,9.427402577794247
11.003453453453453,1.5213568622967573,0.0,0.9875291879112567,9.482096591156695
11.066691691691691,1.5298968069857197,0.0,0.9877073813996354,9.536794884705971
11.12992992992993,1.5384326765086709,0.0,0.9878870927201129,9.591497253421258
11.193168168168167,1.5469640808328295,0.0,0.9880686254391088,9.646204087335338
11.256406406406406,1.555491569464402,0.0,0.9882516759902034,9.700914836942003
11.319644644644644,1.5640144983843518,0.0,0.9884365479398161,9.755630146260291
11.382882882882882,1.5725330191481521,0.0,0.9886232412879473,9.81034986373473
11.44612112112112,1.5810472708923304,0.0,0.988811452468177,9.86507385022879
11.50935935935936,1.5895566664749756,0.0,0.9890017886133451,9.919802692884385
11.572597597597598,1.5980618650304677,0.0,0.9891936425906115,9.97453573256713
11.635835835835836,1.6065624218004857,0.0,0.9893873179663963,10.02927341403535
11.699074074074074,1.615058330973767,0.0,0.9895828147406995,10.084015743100307
11.762312312312313,1.6235495325530138,0.0,0.9897801329135212,10.138762779759299
11.82555055055055,1.6320360819554334,0.0,0.9899792724848611,10.193514468595117
11.888788788788789,1.6405178199342472,0.0,0.9901802334547194,10.248270968854541
11.952027027027027,1.6489944408398012,0.0,0.9903833193895157,10.303032586187225
12.015265265265265,1.6574666228579114,0.0,0.9905879231564108,10.357798642407353
12.078503503503503,1.665933586254581,0.0,0.9907946518882438,10.412569917248922
12.141741741741741,1.6743956715140498,0.0,0.9910032020185953,10.467346070227691
12.20497997997998,1.6828524946558967,0.0,0.9912138771138848,10.522127485324082
12.268218218218218,1.6913046974277495,0.0,0.9914260700412729,10.576913520790468
12.331456456456456,1.699751214691849,0.0,0.9916406915000189,10.631705241764607
12.394694694694694,1.7081930470400124,0.0,0.9918568307908634,10.686501647654682
12.457932932932932,1.7166291194194827,0.0,0.9920753986130657,10.741303813513449
12.52117117117117,1.7250604715596447,0.0,0.9922954842673667,10.796110699611525
12.584409409409409,1.7334859028356882,0.0,0.9925179984530255,10.85092350657372
12.647647647647647,1.7419062146829858,0.0,0.9927423340372026,10.90574143296466
12.710885885885885,1.7503209516888605,0.0,0.9929687945863179,10.960564934197023
12.774124124124123,1.7587300765729004,0.0,0.9931973801003713,11.015394047551222
12.837362362362363,1.7671335524312926,0.0,0.9934280905793627,11.07022880993107
12.900600600600601,1.775531742996475,0.0,0.9936606224568723,11.125068857604127
12.96383883883884,1.78392384205698,0.0,0.9938955828657399,11.179914996781859
13.027077077077077,1.7923101515874182,0.0,0.9941326682395455,11.234766925489659
13.090315315315316,1.8006910712845843,0.0,0.9943715750118696,11.289624244030732
13.153553553553554,1.8090657537357813,0.0,0.9946129103155512,11.344487799817772
13.216791791791792,1.8174345672840397,0.0,0.9948563705841711,11.399357224507753
13.28003003003003,1.8257970837290385,0.0,0.9951022593841486,11.45423294630099
13.343268268268268,1.834153638253618,0.0,0.9953502731490645,11.50911463001465
13.406506506506506,1.842504118444423,0.0,0.9956004118789183,11.564002388062082
13.469744744744744,1.8508486774094384,0.0,0.9958526755737103,11.618896067335307
13.532982982982983,1.8591863189228282,0.0,0.9961076713662795,11.673796664060154
13.59622122122122,1.8675183416613261,0.0,0.9963644885573674,11.728702879559895
13.659459459459459,1.8758433807081474,0.0,0.9966240378462327,11.783616078751312
13.722697697697697,1.8841621842714542,0.0,0.9968857121000361,11.838535513426242
13.785935935935935,1.892474385072056,0.0,0.9971498148851972,11.89346155086388
13.849174174174173,1.9007798678352925,0.0,0.9974163462017163,11.94839430633888
13.912412412412412,1.9090791453631628,0.0,0.9976850024831733,12.003333267049248
13.97565065065065,1.9173712051558207,0.0,0.997956390862408,12.05827944549483
14.038888888888888,1.925656643748232,0.0,0.9982300559897905,12.113232245140656
14.102127127127126,1.9339351269742366,0.0,0.9985063014317407,12.168192000152889
14.165365365365364,1.9422066352786742,0.0,0.9987849754050487,12.22315873008669
14.228603603603604,1.9504712566680324,0.0,0.9990660779097145,12.278132346935571
14.291841841841842,1.9587285111128871,0.0,0.9993499125121578,12.333113330728954
14.35508008008008,1.966978697658271,0.0,0.999636175645959,12.388101382421809
14.418318318318319,1.9769807676482942,0.00017068021949066413,0.9999156844269211,12.441337550670024
14.481556556556557,12.826364067628798,0.9957084815243405,0.0,1.6551924889277583
14.544794794794795,12.882671111271039,0.9959428348003687,0.0,1.662123683523756
14.608033033033033,12.938983548564492,0.9961793130413348,0.0,1.669049484468541
14.671271271271271,12.99530030262164,0.9964173091143996,0.0,1.6759709686496311
14.73450950950951,13.051622672510415,0.9966577337188222,0.0,1.682886836999094
14.797747747747747,13.10794991216329,0.9968999797217631,0.0,1.6897978355844572
14.860985985985986,13.164282047388541,0.9971440471232225,0.0,1.6967039385974445
14.924224224224224,13.22061949746933,0.9973902394896199,0.0,1.703604726754893
14.987462462462462,13.276962490181585,0.9976387086041653,0.0,1.7104999722808767
15.0507007007007,13.33331044263694,0.9978889991172288,0.0,1.7173902580637606
15.113938938938938,13.389663830243135,0.9981414145952306,0.0,1.724275108695803
15.177177177177176,13.44602265136704,0.9983959550381705,0.0,1.7311545258101368
15.240415415415415,13.502386926888528,0.9986526204460483,0.0,1.7380284885268864
15.303653653653653,13.558756901124411,0.9989114108188644,0.0,1.7448967525292414
15.36689189189189,13.615132196192523,0.9991723261566183,0.0,1.7517596956993682
15.430130130130129,13.671513047351931,0.9994353664593105,0.0,1.7586170827781977
15.493368368368367,13.72789954184361,0.9997005317269407,0.0,1.7654688265247565
15.556606606606607,13.784291963166275,0.9999680496343238,0.0,1.7723146434403318
15.619844844844845,13.840368853360966,1.0,0.0,1.7794759914838796
15.683083083083083,13.893880115631461,1.0,0.0002656206172598152,1.7892029674516223
15.746321321321322,13.947301074599247,1.0,0.0005386786118029052,1.7990202467220744
15.80955955955956,14.00067887483934,1.0,0.0008141651377037995,1.8088806847202203
15.872797797797798,14.054016189124066,1.0,0.001091776628542772,1.8187816086737314
15.936036036036036,14.107309883612666,1.0,0.0013718166507395485,1.8287261524233696
15.999274274274274,14.160561185137427,1.0,0.0016541334210842663,1.8387130891368475
16.062512512512512,14.213768397748193,1.0,0.001938878722786788,1.8487441147643189
16.12575075075075,14.26693128254997,1.0,0.0022260525558471145,1.85881946820078
16.18898898898899,14.320051084499624,1.0,0.0025155031370553815,1.8689379044893641
16.252227227227227,14.373126093211388,1.0,0.0028073822496214526,1.8791011340158388
16.315465465465465,14.426154578152415,1.0,0.0031018416767551907,1.8893108873130497
16.378703703703703,14.479137786106222,1.0,0.003398729635246733,1.8995659175974815
16.44194194194194,14.532075481396168,1.0,0.003698046125096079,1.9098664605457731
16.50518018018018,14.58496441080906,1.0,0.0040000947127229545,1.9202157693711186
16.568418418418418,14.637810365913289,1.0,0.004304268265287909,1.9306080525051286
16.631656656656656,14.690607066391749,1.0,0.0046111739156303915,1.9410495902649068
16.694894894894894,14.743354248314864,1.0,0.004920811663750405,1.95154064658003
16.758133133133132,14.796054707802849,1.0,0.005232877943228222,1.962078425330283
16.82137137137137,14.848705143689322,1.0,0.005547676320483569,1.9726662276820477
16.88460960960961,14.901308374002141,1.0,0.00586490322909672,1.9833012356074669
16.947847847847846,14.953861078571464,1.0,0.0061848622354874,1.9939867692763826
17.011086086086085,15.006362997244842,1.0,0.006507553339655609,2.004723088841242
17.074324324324323,15.058813870702837,1.0,0.006832976541601349,2.015510453621486
17.13756256256256,15.11121344036919,1.0,0.007161131841324619,2.0263491221933716
17.2008008008008,15.163561448510821,1.0,0.007492019238825416,2.037239352289978
17.264039039039037,15.21585449766683,1.0,0.00782594230052347,2.0481845413722066
17.327277277277275,15.268098602649841,1.0,0.008162293893579328,2.059178674627434
17.390515515515514,15.320287217106069,1.0,0.008501681150832439,2.070228298409445
17.45375375375375,15.372423227091158,1.0,0.008843800505863081,2.081330526662594
17.51699199199199,15.424506378978334,1.0,0.009188651958671254,2.0924856130136558
17.58023023023023,15.47653322937384,1.0,0.00953653907567668,2.103697000856391
17.64346846846847,15.528503496427192,1.0,0.009887461856879363,2.114964972041278
17.706706706706708,15.580420109757972,1.0,0.010241116735859574,2.126286596948736
17.769944944944946,15.63227959879574,1.0,0.01059780727903704,2.1376653461492054
17.833183183183184,15.684081684551252,1.0,0.010957533486411762,2.149101498631932
17.896421421421422,15.735825986716623,1.0,0.011320295357983737,2.160595434704799
17.95965965965966,15.787512431960952,1.0,0.01168609289375297,2.1721472276987086
18.0228978978979,15.839140643337801,1.0,0.012054926093719455,2.1837572545600974
18.086136136136137,15.890707076303856,1.0,0.012427098524302923,2.1954290598322803
18.149374374374375,15.942217986026005,1.0,0.012802003052663916,2.20715638834837
18.212612612612613,15.993666550900931,1.0,0.013180246811641892,2.218946061711682
18.27585085085085,16.0450524696094,1.0,0.01356182980123685,2.2307983812414527
18.33908908908909,16.096378750724707,1.0,0.013946448455029063,2.2427103383643825
18.402327327327328,16.147641806359292,1.0,0.014334406339438256,2.254685520968035
18.465565565565566,16.19884466629305,1.0,0.014725399888044704,2.266720899272517
18.528803803803804,16.249983725582403,1.0,0.015119732667268133,2.2788200782214005
18.592042042042042,16.30105534184288,1.0,0.015517708243528267,2.290986700199163
18.65528028028028,16.352065905176687,1.0,0.015918719483985655,2.303214375103593
18.71851851851852,16.4030117850367,1.0,0.016323069955060027,2.3155067334818185
18.781756756756756,16.453889313970475,1.0,0.016731063223171104,2.3278674427862818
18.844994994994995,16.504701558066834,1.0,0.01714239572189916,2.3402934369281603
18.908233233233233,16.55544822766986,1.0,0.017557067451244197,2.3527850055633728
18.97147147147147,16.60612563088785,1.0,0.01797538197762594,2.365345840583622
19.03470970970971,16.656733452362854,1.0,0.01839733930104439,2.3779762573468552
19.097947947947947,16.707274801112877,1.0,0.018822635855079817,2.39067314683507
19.161186186186185,16.757745960600523,1.0,0.019251575206151957,2.403440225585662
19.224424424424424,16.808143178436374,1.0,0.019684460920680522,2.416281245988049
19.28766266266266,16.858473018422654,1.0,0.02012068586582607,2.429189644240008
19.3509009009009,16.908731740195662,1.0,0.020560553608008326,2.4421691607052374
19.414139139139138,16.95891903672522,1.0,0.021004064147227285,2.455220102413918
19.477377377377376,17.009031124318142,1.0,0.021451521049902673,2.4683462530592344
19.540615615615614,17.059067671332336,1.0,0.021902924316034498,2.481547944283278
19.603853853853852,17.10903534124129,1.0,0.0223576668127833,2.494818512612561
19.66709209209209,17.158923342964904,1.0,0.02281665923940826,2.5081687491271865
19.73033033033033,17.208738352120342,1.0,0.023279294463069932,2.5215919782099867
19.793568568568567,17.258473022695544,1.0,0.023746179616607754,2.5350955458730233
19.856806806806805,17.30813407007971,1.0,0.02421670756718228,2.548672736727095
19.920045045045043,17.35771765718539,1.0,0.024691181881213244,2.5623273878596535
19.98328328328328,10.518078385147207,0.9876044723833486,0.987474545955706,9.465204898136074
20.04652152152152,10.551367337250147,0.9877025243369199,0.9875716872100182,9.495154184271373
20.109759759759758,10.58465631308787,0.9878008798569108,0.9876691320307501,9.525103446671888
20.172997997997996,10.617945312502611,0.9878998425097414,0.9877671839843214,9.555052685495385
20.236236236236238,10.651235661991322,0.9879994122954113,0.9878655395043124,9.585000574244916
20.299474474474476,10.684524712551015,0.9880995892139208,0.9879648057235626,9.61494976192346
20.362712712712714,10.717815121369462,0.9882000696988499,0.9880640719428129,9.644897591343252
20.425950950950952,10.751104223159404,0.9883011573166185,0.9881642488613223,9.674846727791548
20.48918918918919,10.784393348614573,0.9884025485008068,0.9882647293462514,9.704795840574617
20.55242742742743,10.817682497558666,0.9885045468178346,0.98836581696402,9.734744929868762
20.615665665665666,10.850971669979838,0.9886071522677018,0.9884675117146281,9.764693995685828
20.678903903903905,10.88426222055608,0.9887103648504085,0.9885695100316558,9.794641683347825
20.742142142142143,10.917551444064133,0.9888138809995348,0.9886721154815231,9.82459069807801
20.80538038038038,10.95084205374197,0.9889180042815007,0.9887750244978101,9.85453832663841
20.86861861861862,10.984131328108145,0.9890227346963061,0.9888788442133561,9.884487290510474
20.931856856856857,11.017421996657818,0.9891280722439508,0.988982967495322,9.914434860199039
20.995095095095095,11.050711321991358,0.9892337133580152,0.9890876979101273,9.944383773103738
21.058333333333334,11.084000670694264,0.9893399616049192,0.989193035457772,9.97433266263907
21.12157157157157,11.117291425566288,0.9894468169846626,0.9892986765718366,10.004280146005284
21.18480980980981,11.15058221180062,0.9895542794972454,0.9894049248187404,10.03422759800919
21.248048048048048,11.183871638704707,0.9896620455762479,0.9895117801984838,10.064176409343341
21.311286286286286,11.217161088908924,0.98977041878809,0.9896192427110667,10.094125197377362
21.374524524524524,11.250451961270116,0.9898793991327715,0.9897270087900693,10.124072563254408
21.437762762762762,11.283742864909284,0.9899889866102923,0.9898353820019112,10.154019897853479
21.501001001001,11.317033799813188,0.9900991812206528,0.9899443623465927,10.183967201187812
21.56423923923924,11.350323355264297,0.9902096793974329,0.9900539498241137,10.213915883974941
21.627477477477477,11.383614348632317,0.9903210882734721,0.990164144434474,10.24386312884516
21.690715715715715,11.416905373388738,0.9904328007159311,0.9902746426112541,10.273810342326977
21.753953953953953,11.450195006446668,0.9905451202912295,0.9903860514872933,10.303758947507285
21.81719219219219,11.483486089559843,0.9906580469993673,0.9904977639297523,10.333706102632348
21.88043043043043,11.516775773127584,0.990771277273925,0.9906100835050508,10.363654657302845
21.943668668668668,11.55006691450954,0.9908854182477418,0.9907230102131885,10.393601754159128
22.006906906906906,11.583358087193506,0.9909998627879782,0.9908362404877462,10.4235488197134
22.070145145145144,11.616649290761101,0.991115218027474,0.990950381461563,10.453495854384043
22.133383383383382,11.649940526351251,0.9912308768333895,0.9910648260017996,10.48344285703213
22.19662162162162,11.683230343427596,0.9913471427721443,0.9911801812412953,10.513391278194025
22.25985985985986,11.716521638776277,0.9914640158437387,0.9912958400472107,10.543338221083582
22.323098098098097,11.749812967700164,0.9915814960481724,0.9914121059859655,10.573285130397933
22.386336336336335,11.783104321918774,0.9916995833854456,0.9915289790575599,10.60323201441756
22.449574574574573,11.816394243430583,0.9918179742891385,0.9916464592619937,10.63318033114399
22.51281281281281,11.849687130369261,0.9919372758920907,0.991764243032847,10.66312568244355
22.57605105105105,11.882978579044602,0.9920571846278822,0.9918829375029597,10.693072472006447
22.639289289289287,11.916268581933366,0.9921773969300935,0.9920022391059118,10.723020707355921
22.702527527527526,11.949560088516652,0.9922985199315639,0.9921221478417035,10.752967439010874
22.765765765765764,11.98285311628149,0.9924202500658739,0.9922423601439148,10.782912649484274
22.829004004004002,12.016143195008675,0.9925422837666036,0.9923634831453854,10.812860808995326
22.89224224224224,12.049436295022282,0.9926652281665924,0.9924849097132754,10.842805947219958
22.95548048048048,12.082726427909936,0.992788476133001,0.9926072469804248,10.872754052570546
23.01871871871872,12.116019594781662,0.9929126347986688,0.9927298878139938,10.902699123937058
23.081956956956958,12.14930978386384,0.993037097030756,0.9928534393468222,10.932647173093118
23.145195195195196,12.182603021188546,0.9931624699621027,0.9929772944460702,10.96259217400665
23.208433433433434,12.215894775655643,0.9932881464598691,0.9931017566781577,10.992538657777791
23.271671671671672,12.249186566759114,0.9934147336568946,0.9932271296095043,11.022485104912558
23.33490990990991,12.282479910551707,0.9935419279867597,0.9933528061072706,11.052429999358203
23.39814814814815,12.31577024019818,0.9936694258830444,0.9934793933042962,11.082377907949969
23.461386386386387,12.349062114873345,0.9937978344785883,0.9936065876341611,11.112324271513042
23.524624624624625,12.382355563842596,0.9939268502069716,0.993734085530446,11.142269060782029
23.587862862862863,12.415647503244603,0.9940564730681944,0.9938624941259897,11.17221535961826
23.6511011011011,12.448939491685168,0.9941867030622566,0.9939915098543731,11.202161609415933
23.71433933933934,12.482231496487636,0.9943175401891583,0.9941211327155959,11.232107842851704
23.777577577577578,12.515525082685956,0.9944492880153192,0.9942513627096581,11.262052494891622
23.840815815815816,12.548817155117337,0.9945813394078997,0.9943821998365598,11.291998660698479
23.904054054054054,12.582110813924126,0.9947143014997396,0.994513644096301,11.321943240129928
23.967292292292292,12.615403014573593,0.994847567157999,0.9946456954888816,11.3518892777187
24.03053053053053,12.648695209315484,0.9949817435155177,0.9947786575807214,11.381835321215046
24.09376876876877,12.681988895999815,0.9951165270058758,0.9949119232389808,11.411779872768953
24.157007007007007,12.715281110958733,0.9952519176290734,0.9950460995964995,11.441725896048274
24.220245245245245,12.748573374183541,0.9953879153851105,0.9951808830868576,11.471671871061703
24.283483483483483,12.781867244759189,0.9955248238404066,0.9953162737100553,11.501616238724294
24.34672172172172,12.815161158666537,0.9956623394285422,0.9954522714660923,11.531560563055184
24.40995995995996,12.84845510525066,0.9958004621495173,0.9955888763549687,11.5615048547093
24.473198198198197,12.881747502021039,0.9959391920033319,0.9957263919431044,11.591450696177159
24.536436436436436,12.91504152364523,0.996078528989986,0.9958642110976597,11.621394912791205
24.599674674674674,12.948335581936211,0.9962187766758991,0.9960029409514743,11.651339092738462
24.662912912912912,12.98162646888331,0.9963593279282321,0.9961425815045479,11.681286444029602
24.72615115115115,13.014920599659673,0.9965007898798242,0.9962825256240415,11.711230551491477
24.789389389389388,13.048214761252396,0.9966431625306753,0.9964233804427941,11.741174628136992
24.852627627627626,13.081507349078832,0.9967858387479465,0.9965648423943863,11.771120278548795
24.915865865865864,13.114801585251296,0.9969294256644765,0.9967069114788178,11.801064280614568
24.979104104104103,13.148095859089947,0.9970736197138461,0.9968495876960888,11.831008245014155
25.04234234234234,13.181390172674678,0.997218724462475,0.9969931746126189,11.860952169667662
25.10558058058058,13.2146845210503,0.9973644363439431,0.9971373686619885,11.890896059530279
25.168818818818817,13.247978909137581,0.9975107553582508,0.9972821698441976,11.920839909681236
25.232057057057055,13.281272512402884,0.9976578332886079,0.9974278817256659,11.950784544654171
25.295295295295293,13.314566153368684,0.9978055183518044,0.9975742007399735,11.98072914192661
25.35853353353353,13.347860648705069,0.9979539623310502,0.9977211268871207,12.010672884828463
25.42177177177177,13.38115518203706,0.9981031652263452,0.9978688119503172,12.040616589734709
25.485010010010008,13.414449955827969,0.9982531270376896,0.9980172559295629,12.070560054182039
25.548248248248246,13.447744362084995,0.9984038477650834,0.998166458824858,12.100503886163251
25.611486486486484,13.481039008451434,0.9985551756253165,0.9983162688529925,12.13044747803505
25.674724724724726,13.514332857487693,0.9987072624015989,0.9984669895803862,12.160391867237033
25.737962962962964,13.547627575986786,0.9988601080939307,0.9986183174406194,12.190335386976178
25.801201201201202,13.580923169941713,0.9990137127023119,0.998770252433692,12.22027803125949
25.86443943943944,13.614217965387589,0.9991680762267423,0.9989230981260239,12.250221474051852
25.92767767767768,13.647513637875095,0.999323198667222,0.999076550951195,12.280164039802584
25.990915915915917,13.680807664991915,0.9994789282405412,0.9992309144756254,12.310108250924001
26.054154154154155,13.714103416554114,0.9996355685131195,0.9993858851328953,12.340050737600041
26.117392392392393,13.74739836262994,0.9997928159185374,0.9995416147062145,12.369994029762452
26.18063063063063,13.780693769542214,0.9999508981316094,0.9996981031955829,12.399936861088417
26.24386886886887,13.81335509070689,1.0,0.9998586898316177,12.430513778161979
26.307107107107107,13.845845845610388,1.0,1.0,12.46126126149672
26.370345345345346,13.879129128759374,1.0,1.0,12.491216216585972
26.433583583583584,13.912412411880432,1.0,1.0,12.521171171703152
26.496821821821822,13.94569569586224,1.0,1.0,12.551126125959582
26.56006006006006,13.978978978186651,1.0,1.0,12.581081081873409
26.623298298298298,14.012262261654874,1.0,1.0,12.611036036643425
26.686536536536536,14.045545545344282,1.0,1.0,12.640990991192254
26.749774774774774,14.07882882861943,1.0,1.0,12.670945946155344
26.813013013013013,14.112112111617952,1.0,1.0,12.70090090139506
26.87625125125125,14.14539539461022,1.0,1.0,12.73085585664103
26.93948948948949,14.17867867821582,1.0,1.0,12.76081081127367
27.002727727727727,14.211961961461597,1.0,1.0,12.79076576626613
27.065965965965965,14.245245244796523,1.0,1.0,12.820720721169442
27.129204204204203,14.278528528315356,1.0,1.0,12.850675675888848
27.19244244244244,14.311811810978774,1.0,1.0,12.880630631463667
27.25568068068068,14.345095094487737,1.0,1.0,12.910585586192942
27.318918918918918,14.378378378095256,1.0,1.0,12.940540540823662
27.382157157157156,14.411661661299297,1.0,1.0,12.97049549585786
27.445395395395394,14.444944944367046,1.0,1.0,13.000450451028348
27.508633633633632,14.47822822767707,1.0,1.0,13.030405405956563
27.57187187187187,14.511511510676689,1.0,1.0,13.060360361195182
27.63511011011011,14.544794794029901,1.0,1.0,13.090315316080208
27.698348348348347,14.578078077498645,1.0,1.0,13.120270270849701
27.761586586586585,14.611361360868615,1.0,1.0,13.15022522571797
27.824824824824823,14.644644644400922,1.0,1.0,13.180180180423902
27.88806306306306,14.67792792759863,1.0,1.0,13.210135135464432
27.9513013013013,14.711211210881409,1.0,1.0,13.24009009041989
28.014539539539538,14.744494493946801,1.0,1.0,13.270045045592736
28.077777777777776,14.77777777721062,1.0,1.0,13.300000000567156
28.141016016016014,14.811061060414676,1.0,1.0,13.329954955601337
28.204254254254252,14.84434434398507,1.0,1.0,13.359909910269183
28.26749249249249,14.877627626987135,1.0,1.0,13.389864865505356
28.33073073073073,14.91091091028437,1.0,1.0,13.419819820446358
28.39396896896897,14.944194193872727,1.0,1.0,13.449774775096243
28.457207207207208,14.97747747690266,1.0,1.0,13.479729730304548
28.520445445445446,15.010760760284327,1.0,1.0,13.509684685161119
28.583683683683685,15.044044043614253,1.0,1.0,13.539639640069431
28.646921921921923,15.077327326688811,1.0,1.0,13.569594595233111
28.71016016016016,15.11061061007573,1.0,1.0,13.599549550084431
28.7733983983984,15.143893893469153,1.0,1.0,13.629504504929246
28.836636636636637,15.177177182368805,1.0,1.0,13.659459454267832
28.899874874874875,15.21046047753217,1.0,1.0,13.689414397342706
28.963113113113113,15.243743773303326,1.0,1.0,13.719369339809788
29.02635135135135,15.277027069732645,1.0,1.0,13.749324281618707
29.08958958958959,15.310310366834434,1.0,1.0,13.779279222755155
29.152827827827828,15.343593664632259,1.0,1.0,13.809234163195569
29.216066066066066,15.37687696314086,1.0,1.0,13.839189102925205
29.279304304304304,15.410160262379197,1.0,1.0,13.869144041925107
29.342542542542542,15.44344356241327,1.0,1.0,13.899098980129272
29.40578078078078,15.476726630333241,1.0,1.0,13.92905415044754
29.46901901901902,15.510009931459678,1.0,1.0,13.959009087559341
29.532257257257257,15.543293233455932,1.0,1.0,13.988964023801325
29.595495495495495,15.576576536292992,1.0,1.0,14.018918959202503
29.658733733733733,15.609859839924123,1.0,1.0,14.04887389380961
29.72197197197197,15.643143144810582,1.0,1.0,14.07882882716139
29.78521021021021,15.676426450480944,1.0,1.0,14.108783759729265
29.848448448448448,15.709709757160102,1.0,1.0,14.138738691288346
29.911686686686686,15.742992828010745,1.0,1.0,14.16869385867594
29.974924924924924,15.776276136304409,1.0,1.0,14.198648788620515
30.038163163163162,15.809559445684853,1.0,1.0,14.22860371747831
30.1014014014014,15.84284275621374,1.0,1.0,14.25855864518766
30.16463963963964,15.876126067914006,1.0,1.0,14.288513571725632
30.227877877877877,15.909409380829894,1.0,1.0,14.318468497047983
30.291116116116115,15.942692693407226,1.0,1.0,14.348423422708889
30.354354354354353,15.975975976743447,1.0,1.0,14.378378377610906
30.41759259259259,16.009259260312596,1.0,1.0,14.408333332279994
30.48083083083083,16.042542543715317,1.0,1.0,14.438288287115512
30.544069069069067,16.0758258270649,1.0,1.0,14.468243242004167
30.607307307307305,16.109109110482297,1.0,1.0,14.498198196825008
30.670545545545544,16.142392393895353,1.0,1.0,14.52815315165019
30.73378378378378,16.175675677336304,1.0,1.0,14.558108106447477
30.79702202202202,16.208958960781146,1.0,1.0,14.588063061240874
30.860260260260258,16.24224224423315,1.0,1.0,14.618018016027108
30.923498498498496,16.275525527757928,1.0,1.0,14.647972970740568
30.986736736736734,16.308808811156215,1.0,1.0,14.67792792558052
31.049974974974976,16.34209209462861,1.0,1.0,14.707882880346364
31.113213213213214,16.375375378148963,1.0,1.0,14.737837835064251
31.176451451451452,16.408658661624127,1.0,1.0,14.767792789827325
31.23968968968969,16.441941945135312,1.0,1.0,14.797747744554378
31.30292792792793,16.475225228661735,1.0,1.0,14.827702699266194
31.366166166166167,16.508508512190335,1.0,1.0,14.857657653975831
31.429404404404405,16.54179179583732,1.0,1.0,14.887612608567085
31.492642642642643,16.575075079292766,1.0,1.0,14.917567563349877
31.55588088088088,16.608358362987154,1.0,1.0,14.947522517893727
31.61911911911912,16.641641646487063,1.0,1.0,14.977477472632057
31.682357357357358,16.6749249300542,1.0,1.0,15.007432427303158
31.745595595595596,16.70820821355342,1.0,1.0,15.037387382042176
31.808833833833834,16.741491497019005,1.0,1.0,15.067342336814828
31.872072072072072,16.774774780445817,1.0,1.0,15.097297291626255
31.93531031031031,16.808058063683767,1.0,1.0,15.127252246626544
31.99854854854855,16.841341346910205,1.0,1.0,15.157207201638343
32.06178678678678,16.874624630004547,1.0,1.0,15.187162156782236
32.125025025025025,16.907907913045634,1.0,1.0,15.217117111979391
32.18826326326326,16.941191195952285,1.0,1.0,15.247072067310974
32.2515015015015,16.97447447869922,1.0,1.0,15.27702702280228
32.314739739739736,17.00775776136267,1.0,1.0,15.306981978377067
32.37797797797798,17.041041043791164,1.0,1.0,15.336936934186813
32.44121621621622,17.07432425840414,1.0,1.0,15.36689195781208
32.504454454454454,17.107607608190023,1.0,1.0,15.396846846264431
32.567692692692695,17.140890945569534,1.0,1.0,15.42680174712316
32.63093093093093,17.174174170958878,1.0,1.0,15.456756759972052
32.69416916916917,17.20745745183563,1.0,1.0,15.486711717333542
32.757407407407406,17.24074073228779,1.0,1.0,15.516666675119616
32.82064564564565,17.274024012167207,1.0,1.0,15.546621633478441
32.88388388388388,17.307307291393382,1.0,1.0,15.5765765924905
32.947122122122124,17.34059056988489,1.0,1.0,15.606531552237236
33.01036036036036,17.373873847514094,1.0,1.0,15.636486512846265
33.0735985985986,17.40715712412466,1.0,1.0,15.666441474473942
33.136836836836835,17.440440399575284,1.0,1.0,15.696396437261551
33.20007507507508,17.473723673647733,1.0,1.0,15.726351401427344
33.26331331331331,17.507007209175047,1.0,1.0,15.756306104138265
33.32655155155155,17.540290366027357,1.0,1.0,15.786261185524197
33.38978978978979,17.57357364323043,1.0,1.0,15.81621614655936
33.45302802802803,17.606856921963725,1.0,1.0,15.846171106064304
33.516266266266264,17.640140202176777,1.0,1.0,15.876126064089487
33.579504504504506,17.673423483828355,1.0,1.0,15.906081020676151
33.64274274274274,17.706706766874778,1.0,1.0,15.936035975867963
33.70598098098098,17.739990051249382,1.0,1.0,15.9659909297316
33.76921921921922,17.773273336873416,1.0,1.0,15.9959458823458
33.83245745745746,17.806556623732384,1.0,1.0,16.025900833725075
33.89569569569569,17.83983991172559,1.0,1.0,16.055855783970102
33.958933933933935,17.873122932391627,1.0,1.0,16.085811001542307
34.02217217217217,17.90640649094737,1.0,1.0,16.1157656812248
34.08541041041041,17.93968978204758,1.0,1.0,16.14572062836283
34.148648648648646,17.972972804137836,1.0,1.0,16.17567584451081
34.21188688688689,18.006256366903237,1.0,1.0,16.20563051998365
34.27512512512512,18.039539660533993,1.0,1.0,16.23558546459113
34.338363363363364,18.072822683502594,1.0,1.0,16.26554067986077
34.4016016016016,18.106105978017276,1.0,1.0,16.295495623584323
34.46483983983984,18.1393895455242,1.0,1.0,16.32545029431564
34.528078078078074,18.17267256878422,1.0,1.0,16.355405509293856
34.591316316316316,18.205955864908614,1.0,1.0,16.385360451407703
34.65455455455455,18.239239435305326,1.0,1.0,16.415315119249225
34.71779279279279,18.27252245833839,1.0,1.0,16.445270334454403
34.78103103103103,18.305805755490564,1.0,1.0,16.475225275540463
34.84426926926927,18.33908905284515,1.0,1.0,16.50518021642412
34.9075075075075,18.372372350492878,1.0,1.0,16.535135157014626
34.970745745745745,18.405655648179494,1.0,1.0,16.56509009756625
35.03398398398398,18.43893893820279,1.0,1.0,16.59504504578119
35.09722222222222,18.472222221453386,1.0,1.0,16.625000000768836
35.16046046046046,18.50550550462889,1.0,1.0,16.654954955831574
35.2236986986987,18.538788788105833,1.0,1.0,16.684909910592864
35.28693693693694,18.572072071265612,1.0,1.0,16.714864865671327
35.350175175175174,18.605355354239297,1.0,1.0,16.744819820935877
35.413413413413416,18.63863863776498,1.0,1.0,16.774774775648435
35.47665165165165,18.671921920987568,1.0,1.0,16.804729730664082
35.53988988988989,18.70520520427704,1.0,1.0,16.834684685612853
35.60312812812813,18.738488487755372,1.0,1.0,16.864639640372754
35.66636636636637,18.771771771064635,1.0,1.0,16.894594595301733
35.7296046046046,18.805055054329397,1.0,1.0,16.924549550275206
35.792842842842845,18.838338337435506,1.0,1.0,16.95450450540734
35.85608108108108,18.871621620740584,1.0,1.0,16.984459460340496
35.91931931931932,18.90490490401113,1.0,1.0,17.01441441530819
35.982557557557556,18.938188187482723,1.0,1.0,17.044369370074833
36.0457957957958,18.971471470693796,1.0,1.0,17.074324325102
36.10903403403403,19.004754753881095,1.0,1.0,17.104279280152937
36.172272272272274,19.038038036934076,1.0,1.0,17.134234235338198
36.23551051051051,19.071321320424982,1.0,1.0,17.164189190085526
36.29874874874875,19.10460460356028,1.0,1.0,17.19414414518847
36.361986986986985,19.137887887021666,1.0,1.0,17.22409909996532
36.425225225225226,19.1711711701378,1.0,1.0,17.254054055087426
36.48846346346346,19.204454453582667,1.0,1.0,17.284009009880794
36.5517017017017,19.23773773691285,1.0,1.0,17.31396396478885
36.61493993993994,19.27102102035251,1.0,1.0,17.343918919587427
36.67817817817818,19.304304303357863,1.0,1.0,17.373873874820315
36.74141641641641,19.337587586481188,1.0,1.0,17.403828829935225
36.804654654654655,19.37087087026237,1.0,1.0,17.433783784392286
36.86789289289289,19.404154153514554,1.0,1.0,17.463738739378336
36.93113113113113,19.437437436356287,1.0,1.0,17.493693694774844
36.994369369369366,19.470720719751057,1.0,1.0,17.52364864961831
37.05760760760761,19.504004003060484,1.0,1.0,17.553603604547124
37.12084584584584,19.537287286184284,1.0,1.0,17.583558559661558
37.184084084084084,19.570570569857736,1.0,1.0,17.613513514226348
37.24732232232232,19.60385385314246,1.0,1.0,17.643468469179858
37.31056056056056,19.637137136254008,1.0,1.0,17.673423424306552
37.373798798798795,19.67042041930079,1.0,1.0,17.703378379498005
37.43703703703704,19.703703702999576,1.0,1.0,17.73333333403746
37.50027527527527,19.736986986026405,1.0,1.0,17.763288289248866
37.56351351351351,19.770270269502852,1.0,1.0,17.79324324401066
37.62675175175175,19.803553552823896,1.0,1.0,17.82319819892785
37.68998998998999,19.836836835995193,1.0,1.0,17.853153153994796
37.753228228228224,19.870120119418143,1.0,1.0,17.88310810881008
37.816466466466466,19.90340340250126,1.0,1.0,17.913063063965204
37.87970470470471,19.93668668564468,1.0,1.0,17.943018019060027
37.94294294294294,19.969969969044925,1.0,1.0,17.972972973898017
38.006181181181184,20.003253252313936,1.0,1.0,18.002927928867248
38.06941941941942,20.03653653526478,1.0,1.0,18.03288288415464
38.13265765765766,20.069819818861824,1.0,1.0,18.062837838795836
38.195895895895895,20.103103102051723,1.0,1.0,18.092792793844172
38.259134134134136,20.136386385411495,1.0,1.0,18.12274774872264
38.32237237237237,20.169669668847362,1.0,1.0,18.15270270352501
38.38561061061061,20.202952951894126,1.0,1.0,18.182657658716487
38.44884884884885,20.23623623539739,1.0,1.0,18.21261261345146
38.51208708708709,20.269519518706147,1.0,1.0,18.24256756838094
38.57532532532532,20.30280280173508,1.0,1.0,18.272522523590244
38.638563563563565,20.336086085313518,1.0,1.0,18.302477478250047
38.7018018018018,20.369369368618546,1.0,1.0,18.332432433183254
38.76504004004004,20.40265265165808,1.0,1.0,18.36238738838196
38.828278278278276,20.43593593497798,1.0,1.0,18.392342343300296
38.89151651651652,20.469219218398266,1.0,1.0,18.422297298118252
38.95475475475475,20.502502501388562,1.0,1.0,18.45225225336619
39.017992992992994,20.535785784840797,1.0,1.0,18.482207208152197
39.08123123123123,20.569069068049284,1.0,1.0,18.512162163181944
39.14446946946947,20.60235235136989,1.0,1.0,18.54211711809958
39.207707707707705,20.635635634630766,1.0,1.0,18.57207207307694
39.27094594594595,20.66891891826663,1.0,1.0,18.602027027679316
39.33418418418418,20.70220220124717,1.0,1.0,18.63198198293701
39.39742242242242,20.73548548426785,1.0,1.0,18.66193693815457
39.46066066066066,20.768768767838747,1.0,1.0,18.69189189282191
39.5238988988989,20.802052051112707,1.0,1.0,18.721846847786193
39.587137137137134,20.835335334348986,1.0,1.0,18.751801802788147
39.650375375375376,20.86861861763474,1.0,1.0,18.781756757740634
39.71361361361361,20.901901900807236,1.0,1.0,18.811711712806375
39.77685185185185,20.93518518436461,1.0,1.0,18.841666667487242
39.84009009009009,20.968468467405376,1.0,1.0,18.87162162268471
39.90332832832833,21.001751750672543,1.0,1.0,18.901576577655785
39.96656656656656,21.03503503392349,1.0,1.0,18.931531532643074
40.029804804804805,21.068318317482767,1.0,1.0,18.961486487322038
40.09304304304304,21.1016016006308,1.0,1.0,18.99144144241224
40.15628128128128,21.134884883933147,1.0,1.0,19.021396397348134
40.219519519519515,21.168168167154207,1.0,1.0,19.05135135236531
40.28275775775776,21.201451450377284,1.0,1.0,19.081306307380473
40.34599599599599,21.23473473383944,1.0,1.0,19.111261262156553
40.40923423423423,21.268018016998205,1.0,1.0,19.14121621723603
40.472472472472475,21.301301300554954,1.0,1.0,19.17117117191752
40.53571071071071,21.33458458366499,1.0,1.0,19.20112612704572
40.59894894894895,21.367867866795976,1.0,1.0,19.231081082152976
40.662187187187186,21.401151150177846,1.0,1.0,19.26103603700934
40.72542542542543,21.43443443335917,1.0,1.0,19.29099099206626
40.78866366366366,21.46771771664581,1.0,1.0,19.32094594701785
40.851901901901904,21.501000999965395,1.0,1.0,19.35090090193651
40.91514014014014,21.534284283173506,1.0,1.0,19.380855856966633
40.97837837837838,21.567567566495864,1.0,1.0,19.410810811882516
41.041616616616615,21.600850849715545,1.0,1.0,19.44076576690107
41.10485485485486,21.634134132765745,1.0,1.0,19.470720722089112
41.16809309309309,21.667417416373354,1.0,1.0,19.500675676719737
41.23133133133133,21.70070069960179,1.0,1.0,19.530630631729544
41.29456956956957,21.733983983030807,1.0,1.0,19.56058558653876
41.35780780780781,21.767267266165753,1.0,1.0,19.590540541642056
41.421046046046044,21.800550549367212,1.0,1.0,19.62049549667883
41.484284284284286,21.833833832637932,1.0,1.0,19.650450451646353
41.54752252252252,21.86711711611945,1.0,1.0,19.68040540640307
41.61076076076076,21.90040039953592,1.0,1.0,19.710360361224843
41.673998998999,21.93368368282394,1.0,1.0,19.740315316175057
41.73723723723724,21.966966965921745,1.0,1.0,19.770270271315493
41.80047547547547,22.00025024924329,1.0,1.0,19.800225226232183
41.863713713713715,22.033533532586628,1.0,1.0,19.830180181127087
41.92695195195195,22.066816815888544,1.0,1.0,19.860135136063406
41.99019019019019,22.100100099220466,1.0,1.0,19.890090090969725
42.053428428428425,22.13338338238773,1.0,1.0,19.920045046040695
42.11666666666667,22.166666665660298,1.0,1.0,19.95000000100637
42.1799049049049,22.19994994890991,1.0,1.0,19.97995495599499
42.24314314314314,22.233233232011546,1.0,1.0,20.009909911131597
42.30638138138138,22.266516515359037,1.0,1.0,20.03986486602234
42.36961961961962,22.299799798695886,1.0,1.0,20.069819820923733
42.432857857857854,22.33308308215399,1.0,1.0,20.099774775703864
42.496096096096096,22.36636636535577,1.0,1.0,20.129729730740326
42.55933433433433,22.39964964868773,1.0,1.0,20.1596846856466
42.62257257257257,22.432932931776943,1.0,1.0,20.18963964079563
42.68581081081081,22.466216215129215,1.0,1.0,20.219594595681592
42.74904904904905,22.499499498497332,1.0,1.0,20.249549550551716
42.81228728728728,22.532782781885484,1.0,1.0,20.2795045054018
42.875525525525525,22.56606606481037,1.0,1.0,20.309459460715154
42.93876376376376,22.599349348375316,1.0,1.0,20.339414415388443
43.002002002002,22.632632631610143,1.0,1.0,20.36936937039186
43.065240240240236,22.66591591500408,1.0,1.0,20.399324325236154
43.12847847847848,22.699199198321182,1.0,1.0,20.429279280157296
43.19171671671672,22.732482481803768,1.0,1.0,20.45923423491295
43.254954954954954,22.765765764749446,1.0,1.0,20.489189190205508
43.318193193193196,22.799049048222603,1.0,1.0,20.519144144970593
43.38143143143143,22.83233233129121,1.0,1.0,20.54909910014022
43.44466966966967,22.8656156146586,1.0,1.0,20.57905405501107
43.50790790790791,22.898898897752037,1.0,1.0,20.60900901015587
43.57114614614615,22.9321821812637,1.0,1.0,20.63896396488245
43.63438438438438,22.96546546451298,1.0,1.0,20.668918919871402
43.697622622622625,22.998748747509932,1.0,1.0,20.698873875112692
43.76086086086086,23.032032031044906,1.0,1.0,20.728828829815953
43.8240990990991,23.065315314226513,1.0,1.0,20.758783784872588
43.887337337337335,23.098598597616977,1.0,1.0,20.78873873972036
43.95057557557558,23.131881880889438,1.0,1.0,20.81869369468614
44.01381381381381,23.16516516405136,1.0,1.0,20.848648649762453
44.07705205205205,23.198448447434018,1.0,1.0,20.878603604618036
44.14029029029029,23.231731730502222,1.0,1.0,20.908558559788066
44.20352852852853,23.26501501380015,1.0,1.0,20.93851351472838
44.266766766766764,23.298298297222896,1.0,1.0,20.96846846954387
44.330005005005006,23.331581580563153,1.0,1.0,20.998423424441853
44.39324324324324,23.364864863723483,1.0,1.0,21.028378379519758
44.45648148148148,23.3981481471281,1.0,1.0,21.05833333435338
44.51971971971972,23.431431430159115,1.0,1.0,21.0882882895606
44.58295795795796,23.46471471375137,1.0,1.0,21.11824324420659
44.64619619619619,23.497997996780132,1.0,1.0,21.14819819941606
44.709434434434435,23.53128128027306,1.0,1.0,21.178153154161375
44.77267267267267,23.564564563624185,1.0,1.0,21.208108109048485
44.83591091091091,23.597847846842114,1.0,1.0,21.238063064068797
44.899149149149146,23.631131130034365,1.0,1.0,21.26801801911478
44.96238738738739,23.66441441340422,1.0,1.0,21.297972973983168
45.02562562562562,23.6976976966607,1.0,1.0,21.32792792896492
45.088863863863864,23.730980980103432,1.0,1.0,21.357882883760432
45.1521021021021,23.764264263155777,1.0,1.0,21.38783783894632
45.21534034034034,23.797547546502482,1.0,1.0,21.417792793837858
45.278578578578575,23.83083082976295,1.0,1.0,21.447747748815626
45.34181681681682,23.86411411303965,1.0,1.0,21.477702703777165
45.40505505505505,23.897397396244504,1.0,1.0,21.507657658810547
45.46829329329329,23.930680679571843,1.0,1.0,21.53761261372145
45.53153153153153,23.96396396302541,1.0,1.0,21.567567568506117
45.59476976976977,23.99724724624092,1.0,1.0,21.59752252352885
45.658008008008004,24.030530529320966,1.0,1.0,21.627477478687037
45.721246246246245,24.0638138126379,1.0,1.0,21.657432433608346
45.78448448448448,24.09709709583276,1.0,1.0,21.68738738865172
45.84772272272272,24.13038037927276,1.0,1.0,21.71734234344996
45.91096096096096,24.163663662870583,1.0,1.0,21.74729729809038
45.9741991991992,24.196946946011288,1.0,1.0,21.77725225318791
46.03743743743744,24.23023022914957,1.0,1.0,21.80720720828787
46.100675675675674,24.263513512640667,1.0,1.0,21.837162163035007
46.163913913913916,24.296796795619027,1.0,1.0,21.86711711829489
46.22715215215215,24.330080078961252,1.0,1.0,21.8970720731909
46.29039039039039,24.363363362410745,1.0,1.0,21.927027027979648
46.35362862862863,24.396646645718114,1.0,1.0,21.956981982910513
46.41686686686687,24.42992992889328,1.0,1.0,21.98693693797359
46.4801051051051,24.463213212113217,1.0,1.0,22.016891892991886
46.543343343343345,24.49649649538411,1.0,1.0,22.046846847959234
46.60658158158158,24.52977977871212,1.0,1.0,22.07680180286946
46.66981981981982,24.56306306202147,1.0,1.0,22.10675675779835
46.733058058058056,24.596346345238665,1.0,1.0,22.13671171281939
46.7962962962963,24.629629628534303,1.0,1.0,22.166666667761994
46.85953453453453,24.662912911914137,1.0,1.0,22.196621622620395
46.922772772772774,24.69619619514536,1.0,1.0,22.226576577627412
46.98601101101101,24.72947947855444,1.0,1.0,22.25653153245657
47.04924924924925,24.76276276175324,1.0,1.0,22.28648648749601
47.112487487487485,24.796046044987403,1.0,1.0,22.316441442500082
47.17572572572573,24.829329328341185,1.0,1.0,22.34639639738454
47.23896396396396,24.862612611666368,1.0,1.0,22.376351352297593
47.3022022022022,24.895895894819095,1.0,1.0,22.406306307383108
47.36544044044044,24.929179178113447,1.0,1.0,22.43626126232699
47.42867867867868,24.96246246140422,1.0,1.0,22.46621621727446
47.491916916916914,24.99574574469954,1.0,1.0,22.496171172217373
47.555155155155155,25.029029028007397,1.0,1.0,22.52612612714776
47.61839339339339,25.062312311409126,1.0,1.0,22.556081081984264
47.68163163163163,25.095595594619287,1.0,1.0,22.586036037012345
47.744869869869866,25.128878878084592,1.0,1.0,22.615990991785274
47.80810810810811,25.162162161161227,1.0,1.0,22.64594594694688
47.87134634634634,25.195445444436682,1.0,1.0,22.67590090190966
47.934584584584584,25.228728727561155,1.0,1.0,22.70585585702343
47.99782282282282,25.262012010897905,1.0,1.0,22.735810811924914
48.06106106106106,25.29529529410215,1.0,1.0,22.76576576695891
48.124299299299295,25.32857857753169,1.0,1.0,22.795720721767605
48.18753753753754,25.361861860846727,1.0,1.0,22.82567567669081
48.25077577577577,25.39514514412684,1.0,1.0,22.855630631648932
48.31401401401401,25.428428427381743,1.0,1.0,22.88558558663227
48.37725225225225,25.461711710822517,1.0,1.0,22.91554054142973
48.44049049049049,25.494994994054007,1.0,1.0,22.945495496436482
48.503728728728724,25.528278277222405,1.0,1.0,22.97545045150632
48.566966966966966,25.561561560535377,1.0,1.0,23.00540540643159
48.63020520520521,25.59484484386859,1.0,1.0,23.03536036133662
48.69344344344344,25.628128127101622,1.0,1.0,23.06531531634182
48.756681681681684,25.661411410374534,1.0,1.0,23.09527027130715
48.81991991991992,25.694694693759637,1.0,1.0,23.125225226160282
48.88315815815816,25.72797797707435,1.0,1.0,23.15518018108381
48.946396396396395,25.76126126026724,1.0,1.0,23.185135136129155
49.00963463463464,25.794544543413114,1.0,1.0,23.215090091221523
49.07287287287287,25.827827826708152,1.0,1.0,23.24504504616472
49.13611111111111,25.86111111003627,1.0,1.0,23.275000001074844
49.19934934934935,25.894394393345916,1.0,1.0,23.30495495600343
49.26258758758759,25.927677676526994,1.0,1.0,23.334909911060596
49.325825825825824,25.960960960011512,1.0,1.0,23.36486486581431
49.389064064064065,25.994244243327664,1.0,1.0,23.3948198207364
49.4523023023023,26.027527526548603,1.0,1.0,23.424774775753697
49.51554054054054,26.06081080992074,1.0,1.0,23.454729730619803
49.578778778778776,26.094094093103152,1.0,1.0,23.484684685675624
49.64201701701702,26.127377376398506,1.0,1.0,23.514639640618512
49.70525525525525,26.160660659586572,1.0,1.0,23.54459459566868
49.768493493493494,26.19394394302027,1.0,1.0,23.574549550473225
49.83173173173173,26.22722722614315,1.0,1.0,23.60450450558858
49.89496996996997,26.260510509474827,1.0,1.0,23.634459460495144
49.958208208208205,26.29379379280038,1.0,1.0,23.664414415407826
50.02144644644645,26.327077076131058,1.0,1.0,23.69436937031539
50.08468468468468,26.3603603594236,1.0,1.0,23.724324325261083
50.14792292292292,26.393643642636356,1.0,1.0,23.754279280286568
50.21116116116116,26.426926925943054,1.0,1.0,23.784234235218104
50.2743993993994,26.46021020924689,1.0,1.0,23.81418919015251
50.337637637637634,26.493493492506925,1.0,1.0,23.84414414513071
50.400875875875876,26.526776775840258,1.0,1.0,23.874099100035618
50.46411411411411,26.560060059101712,1.0,1.0,23.9040540550124
50.52735235235235,26.59334334225371,1.0,1.0,23.93400901009864
50.59059059059059,26.626626625565265,1.0,1.0,23.96396396502532
50.65382882882883,26.65990990899409,1.0,1.0,23.993918919834737
50.71706706706706,26.693193192299397,1.0,1.0,24.023873874767666
50.780305305305305,26.72647647549657,1.0,1.0,24.053828829808737
50.84354354354354,26.759759758846602,1.0,1.0,24.083783784696937
50.90678178178178,26.793043042211917,1.0,1.0,24.113738739569865
50.970020020020016,26.826326325604736,1.0,1.0,24.14369369441528
51.03325825825826,26.859609608557857,1.0,1.0,24.1736486497004
51.09649649649649,26.892892891903088,1.0,1.0,24.203603604593404
51.159734734734734,26.92617617517236,1.0,1.0,24.233558559562375
51.22297297297297,26.959459458660877,1.0,1.0,24.26351351431209
51.28621121121121,26.992742741866937,1.0,1.0,24.293468469344273
51.34944944944945,27.026026024948827,1.0,1.0,24.323423424500625
51.412687687687686,27.059309308696513,1.0,1.0,24.353378378991174
51.47592592592593,27.092592591708385,1.0,1.0,24.383333334217543
51.53916416416416,27.12587587500057,1.0,1.0,24.413288289163592
51.602402402402404,27.15915915831374,1.0,1.0,24.443243244088663
51.66564064064064,27.192442441485632,1.0,1.0,24.473198199155007
51.72887887887888,27.225725724621054,1.0,1.0,24.503153154257827
51.792117117117115,27.259009008080188,1.0,1.0,24.533108109036927
51.85535535535536,27.29229229135579,1.0,1.0,24.563063063999568
51.91859359359359,27.32557557472129,1.0,1.0,24.5930180188723
51.98183183183183,27.358858858020913,1.0,1.0,24.62297297381092
52.04507007007007,27.392142141104728,1.0,1.0,24.65292792896534
52.10830830830831,27.425425424570403,1.0,1.0,24.682882883737907
52.171546546546544,27.458708707850764,1.0,1.0,24.71283783869578
52.234784784784786,27.491991991046852,1.0,1.0,24.742792793737934
52.29802302302302,27.52527527425639,1.0,1.0,24.77274774876663
52.36126126126126,27.558558557573818,1.0,1.0,24.802702703687444
52.4244994994995,27.59184184093296,1.0,1.0,24.832657658566536
52.48773773773774,27.625125124114362,1.0,1.0,24.862612613623376
52.55097597597597,27.658408407447723,1.0,1.0,24.89256756852825
52.614214214214215,27.69169169071518,1.0,1.0,24.922522523499033
52.67745245245245,27.72497497416206,1.0,1.0,24.95247747829039
52.74069069069069,27.758258257424078,1.0,1.0,24.982432433266613
52.803928928928926,27.7915415408203,1.0,1.0,25.012387388108625
52.86716716716717,27.82482482399513,1.0,1.0,25.042342343172038
52.9304054054054,27.858108107336367,1.0,1.0,25.072297298069035
52.993643643643644,27.89139139049482,1.0,1.0,25.102252253148823
53.05688188188188,27.924674673778966,1.0,1.0,25.132207208102912
53.12012012012012,27.957957957131544,1.0,1.0,25.162162162988576
53.183358358358355,27.99124124056788,1.0,1.0,25.192117117790474
53.246596596596596,28.024524523686097,1.0,1.0,25.2220720729105
53.30983483483483,28.057807806994777,1.0,1.0,25.252027027840054
53.37307307307307,28.091091090301823,1.0,1.0,25.28198198277125
53.43631131131131,28.124374373355533,1.0,1.0,25.311936937955775
53.49954954954955,28.157657656849356,1.0,1.0,25.341891892700193
53.562787787787784,28.19094094012754,1.0,1.0,25.371846847660244
53.626026026026025,28.224224223280476,1.0,1.0,25.40180180274555
53.68926426426426,28.25750750652503,1.0,1.0,25.43175675773923
53.7525025025025,28.29079078994154,1.0,1.0,25.461711712560962
53.815740740740736,28.324074073289975,1.0,1.0,25.49166666745076
53.87897897897898,28.35735735652887,1.0,1.0,25.52162162245011
53.94221721721721,28.390640639929753,1.0,1.0,25.55157657728746
54.005455455455454,28.42392392319968,1.0,1.0,25.581531532255774
54.068693693693696,28.457207206423437,1.0,1.0,25.61148648727026
54.13193193193193,28.490490489622594,1.0,1.0,25.641441442309336
54.19517017017017,28.523773772937503,1.0,1.0,25.67139639723267
54.25840840840841,28.557057056444062,1.0,1.0,25.701351351964345
54.32164664664665,28.590340339456382,1.0,1.0,25.731306307190266
54.38488488488488,28.623623622935163,1.0,1.0,25.76126126194972
54.448123123123125,28.656906906086782,1.0,1.0,25.791216217036343
54.51136136136136,28.690190189508336,1.0,1.0,25.821171171853024
54.5745995995996,28.723473472709497,1.0,1.0,25.851126126890104
54.637837837837836,28.756756755995745,1.0,1.0,25.88108108184209
54.70107607607608,28.79004003933172,1.0,1.0,25.911036036744356
54.76431431431431,28.823323322683972,1.0,1.0,25.94099099163034
54.827552552552554,28.856606605806864,1.0,1.0,25.97094594674569
54.89079079079079,28.889889889207137,1.0,1.0,26.000900901583652
54.95402902902903,28.923173172479913,1.0,1.0,26.030855856549117
55.017267267267265,28.956456455652688,1.0,1.0,26.060810811614576
55.080505505505506,28.989739739110618,1.0,1.0,26.090765766394888
55.14374374374374,29.023023022260713,1.0,1.0,26.12072072148303
55.20698198198198,29.05630630563768,1.0,1.0,26.150675676344303
55.27022022022022,29.08958958891195,1.0,1.0,26.18063063130827
55.33345845845846,29.122872872062732,1.0,1.0,26.210585586395727
55.396696696696694,29.156156155409125,1.0,1.0,26.24054054128757
55.459934934934935,29.18943943877851,1.0,1.0,26.270495496156425
55.52317317317317,29.222722721959425,1.0,1.0,26.300450451213745
55.58641141141141,29.256006005170832,1.0,1.0,26.33040540624058
55.649649649649646,29.289289288668268,1.0,1.0,26.360360360981378
55.71288788788789,29.322572571784494,1.0,1.0,26.390315316103393
55.77612612612612,29.35585585514494,1.0,1.0,26.42027027098118
55.839364364364364,29.389139138367508,1.0,1.0,26.450225225996856
55.9026026026026,29.42242242179205,1.0,1.0,26.48018018081055
55.96584084084084,29.455705705048107,1.0,1.0,26.510135135792734
56.029079079079075,29.488988988298317,1.0,1.0,26.540090090780758
56.09231731731732,29.522272271528784,1.0,1.0,26.570045045788532
56.15555555555555,29.555555554894408,1.0,1.0,26.600000000661144
56.21879379379379,29.58883883821248,1.0,1.0,26.62995495558131
56.28203203203203,29.622122121391588,1.0,1.0,26.65990991064044
56.34527027027027,29.65540540466808,1.0,1.0,26.68986486560219
56.408508508508504,29.688688688028552,1.0,1.0,26.71981982047995
56.471746746746746,29.721971971225187,1.0,1.0,26.74977477552156
56.53498498498498,29.75525525460526,1.0,1.0,26.77972973037972
56.59822322322322,29.788538537848304,1.0,1.0,26.80968468537492
56.66146146146146,29.821821821180063,1.0,1.0,26.839639640281394
56.7246996996997,29.85510510436792,1.0,1.0,26.86959459533178
56.78793793793794,29.888388387707558,1.0,1.0,26.899549550230383
56.851176176176175,29.92167167104414,1.0,1.0,26.929504505132034
56.914414414414416,29.954954954375086,1.0,1.0,26.95945946003933
56.97765265265265,29.98823823755731,1.0,1.0,26.98941441509534
57.04089089089089,30.02152152077044,1.0,1.0,27.019369370120454
57.10412912912913,30.0548048042888,1.0,1.0,27.049324324840327
57.16736736736737,30.088088087455723,1.0,1.0,27.079279279911646
57.230605605605604,30.121371370722823,1.0,1.0,27.10923423488278
57.293843843843845,30.154654654022895,1.0,1.0,27.13918918982095
57.35708208208208,30.187937937162875,1.0,1.0,27.169144144919205
57.42032032032032,30.221221220604008,1.0,1.0,27.199099099716314
57.483558558558556,30.254504503895976,1.0,1.0,27.22905405466258
57.5467967967968,30.287787787207794,1.0,1.0,27.259009009589004
57.61003503503503,30.321071070484685,1.0,1.0,27.288963964550348
57.673273273273274,30.354354353676065,1.0,1.0,27.31891891959721
57.73651151151151,30.38763763703454,1.0,1.0,27.34887387447697
57.79974974974975,30.420920920386685,1.0,1.0,27.378828829363066
57.862987987987985,30.45420420362814,1.0,1.0,27.408783784359844
57.92622622622623,30.48748748689085,1.0,1.0,27.438738739335378
57.98946446446446,30.520770770215748,1.0,1.0,27.468693694248714
58.0527027027027,30.554054053531463,1.0,1.0,27.49864864917124
58.11594094094094,30.587337336881422,1.0,1.0,27.528603604059516
58.17917917917918,30.62062062006536,1.0,1.0,27.55855855911382
58.242417417417414,30.65390390334739,1.0,1.0,27.588513514070023
58.305655655655656,30.68718718655919,1.0,1.0,27.618468469096467
58.36889389389389,30.720470469801196,1.0,1.0,27.648423424092694
58.43213213213213,30.753753753169136,1.0,1.0,27.678378378962996
58.49537037037037,30.78703703640528,1.0,1.0,27.708333333965086
58.55860860860861,30.82032031975985,1.0,1.0,27.738288288848757
58.62184684684684,30.85360360317935,1.0,1.0,27.76824324366749
58.685085085085085,30.88688688628264,1.0,1.0,27.798198198802446
58.74832332332332,30.920170169648966,1.0,1.0,27.828153153674354
58.81156156156156,30.95345345304095,1.0,1.0,27.85810810852061
58.874799799799796,30.986736736373466,1.0,1.0,27.88806306342633
58.93803803803804,31.020020019524285,1.0,1.0,27.918018018513752
59.00127627627627,31.05330330277446,1.0,1.0,27.947972973501813
59.064514514514514,31.08658658617357,1.0,1.0,27.977927928340943
59.12775275275275,31.11986986934711,1.0,1.0,28.00788288340564
59.19099099099099,31.153153152487334,1.0,1.0,28.037837838503656
59.254229229229225,31.186436435898027,1.0,1.0,28.067792793331197
59.317467467467466,31.21971971922274,1.0,1.0,28.097747748244725
59.38070570570571,31.25300300248567,1.0,1.0,28.127702703220038
59.44394394394394,31.286286285866318,1.0,1.0,28.157657658077625
59.507182182182184,31.319569569115934,1.0,1.0,28.18761261306625
59.57042042042042,31.35285285241573,1.0,1.0,28.21756756800469
59.63365865865866,31.386136135643525,1.0,1.0,28.247522523015135
59.696896896896895,31.419419418903868,1.0,1.0,28.277477477993028
59.76013513513514,31.452702702260886,1.0,1.0,28.30743243287425
59.82337337337337,31.485985985534036,1.0,1.0,28.337387387839335
59.88661161161161,31.51926926896602,1.0,1.0,28.367342342645593
59.94984984984985,31.552552552117906,1.0,1.0,28.397297297731942
60.01308808808809,31.585835835370464,1.0,1.0,28.427252252717626
60.076326326326324,31.61911911875828,1.0,1.0,28.457207207568043
60.139564564564566,31.652402401844917,1.0,1.0,28.48716216271965
60.2028028028028,31.68568568521546,1.0,1.0,28.51711711758734
60.26604104104104,31.718968968537887,1.0,1.0,28.547072072503155
60.32927927927928,31.75225225198166,1.0,1.0,28.577027027297618
60.39251751751752,31.7855355350982,1.0,1.0,28.606981982419317
60.45575575575575,31.818818818442157,1.0,1.0,28.636936937313596
60.518993993993995,31.852102101749672,1.0,1.0,28.666891892244323
60.58223223223223,31.885385385053315,1.0,1.0,28.696846847178914
60.64547047047047,31.91866866822715,1.0,1.0,28.726801802243322
60.708708708708706,31.951951951575893,1.0,1.0,28.756756757132813
60.77194694694695,31.985235234822397,1.0,1.0,28.78671171212455
60.83518518518518,32.01851851816495,1.0,1.0,28.81666666702023
60.898423423423424,32.051801801375206,1.0,1.0,28.846621622048218
60.96166166166166,32.08508508465331,1.0,1.0,28.87657657700835
61.0248998998999,32.11836836797705,1.0,1.0,28.90653153192285
61.088138138138135,32.15165165119423,1.0,1.0,28.936486486943906
61.151376376376376,32.18493493450384,1.0,1.0,28.966441441872533
61.21461461461461,32.21821821783166,1.0,1.0,28.99639639678295
61.27785285285285,32.25150150122076,1.0,1.0,29.026351351632094
61.34109109109109,32.2847847843438,1.0,1.0,29.056306306747288
61.40432932932933,32.31806806775562,1.0,1.0,29.08626126157371
61.46756756756756,32.351351355842894,1.0,1.0,29.11621621172467
61.530805805805805,32.384634645586885,1.0,1.0,29.14617116021892
61.59404404404404,32.41791793533041,1.0,1.0,29.176126108713632
61.65728228228228,32.45120122507821,1.0,1.0,29.206081057204074
61.720520520520516,32.48448451482951,1.0,1.0,29.236036005691005
61.78375875875876,32.51776780458075,1.0,1.0,29.265990954178008
61.84699699699699,32.55105109433445,1.0,1.0,29.295945902662545
61.910235235235234,32.58433438409202,1.0,1.0,29.325900851143217
61.97347347347347,32.61761767384655,1.0,1.0,29.355855799626916
62.03671171171171,32.65090096361115,1.0,1.0,29.38581074810056
62.09994994994995,32.684184253375285,1.0,1.0,29.415765696574667
62.16318818818819,32.71746754314013,1.0,1.0,29.445720645048056
62.22642642642643,32.75075083290564,1.0,1.0,29.47567559352079
62.28966466466466,32.784034122669595,1.0,1.0,29.505630541995068
62.352902902902905,32.81731741244323,1.0,1.0,29.535585490459674
62.41614114114114,32.8506007022135,1.0,1.0,29.56554043892764
62.47937937937938,32.88388399198781,1.0,1.0,29.595495387391573
62.542617617617616,32.91716728176258,1.0,1.0,29.625450335855035
62.60585585585586,32.95045057154185,1.0,1.0,29.655405284314007
62.66909409409409,32.98373386132024,1.0,1.0,29.685360232773853
62.732332332332334,33.01701715109778,1.0,1.0,29.71531518123455
62.79557057057057,33.05030044088135,1.0,1.0,29.745270129689217
62.85880880880881,33.083583730660216,1.0,1.0,29.775225078148594
62.922047047047045,33.11686702044779,1.0,1.0,29.805180026599253
62.985285285285286,33.15015031022981,1.0,1.0,29.835134975055475
63.04852352352352,33.18343360001419,1.0,1.0,29.86508992350933
63.11176176176176,33.21671688980789,1.0,1.0,29.89504487195387
63.175,33.250000179595176,1.0,1.0,29.92499982040482
