r,n_opt,F_min,partial_F_r,eefactor
0.000000,0.098049,1.480379,0.000000,0.000000
0.016008,0.098810,1.480249,-0.010156,0.008100
0.032016,0.098572,1.479978,-0.020552,0.016240
0.048024,0.098334,1.479570,-0.031182,0.024419
0.064032,0.098097,1.479018,-0.042040,0.032637
0.080040,0.098859,1.478315,-0.050491,0.040482
0.096048,0.098624,1.477362,-0.061231,0.048694
0.112056,0.098389,1.476256,-0.072170,0.056946
0.128064,0.098155,1.474994,-0.083300,0.065236
0.144072,0.097921,1.473570,-0.094615,0.073565
0.160080,0.097689,1.471978,-0.106107,0.081934
0.176088,0.097457,1.470214,-0.117767,0.090341
0.192096,0.097226,1.468273,-0.129585,0.098788
0.208104,0.096996,1.466149,-0.141554,0.107275
0.224112,0.012200,1.193417,-104.462617,0.918455
0.240120,0.013000,0.956602,-80.511454,0.923503
0.256128,0.013800,0.789718,-58.961503,0.927967
0.272136,0.014600,0.679891,-39.233778,0.931941
0.288144,0.015400,0.617448,-20.889712,0.935503
0.304152,0.016200,0.595009,-3.592184,0.938712
0.320160,0.017000,0.606865,12.921418,0.941620
0.336168,0.017800,0.648543,28.858154,0.944266
0.352176,0.018600,0.716502,44.383097,0.946685
0.368184,0.020392,0.706617,-19.982069,0.902775
0.384192,0.021191,0.657133,-13.497081,0.906482
0.400200,0.021991,0.628937,-7.285904,0.909919
0.416208,0.022791,0.619742,-1.298430,0.913114
0.432216,0.023590,0.627635,4.507597,0.916093
0.448224,0.024390,0.651004,10.168018,0.918877
0.464232,0.026178,0.663474,-7.228437,0.886674
0.480240,0.026977,0.646533,-3.922189,0.890076
0.496248,0.027777,0.642004,-0.706349,0.893282
0.512256,0.028576,0.648870,2.433530,0.896309
0.528264,0.029375,0.666246,5.510106,0.899171
0.544272,0.031161,0.664651,-2.447570,0.873318
0.560280,0.031960,0.662924,-0.382654,0.876535
0.576288,0.032759,0.669730,1.641990,0.879594
0.592296,0.034543,0.684457,-2.183053,0.857326
0.608304,0.035342,0.682105,-0.711078,0.860606
0.624312,0.036140,0.686726,0.735317,0.863740
0.640320,0.036938,0.697893,2.159549,0.866740
0.656328,0.038721,0.701431,-0.351593,0.847511
0.672336,0.039519,0.707292,0.738364,0.850651
0.688344,0.040317,0.718588,1.813892,0.853667
0.704352,0.042098,0.722407,0.175486,0.836567
0.720360,0.042895,0.730891,1.029220,0.839671
0.736368,0.044675,0.739355,0.007991,0.824138
0.752376,0.045472,0.746887,0.704086,0.827291
0.768384,0.047251,0.757166,0.028872,0.813092
0.784392,0.048048,0.764839,0.608430,0.816267
0.800400,0.049825,0.775854,0.138700,0.803214
0.816408,0.050621,0.784314,0.629494,0.806389
0.832416,0.052397,0.795727,0.287491,0.794331
0.848424,0.053193,0.805344,0.709049,0.797492
0.864432,0.054968,0.817125,0.449489,0.786303
0.880440,0.055764,0.828103,0.815983,0.789438
0.896448,0.057537,0.840340,0.611381,0.779013
0.912456,0.058333,0.852779,0.933356,0.782115
0.928464,0.060105,0.865595,0.766451,0.772367
0.944472,0.060900,0.879526,1.051926,0.775430
0.960480,0.062671,0.893043,0.911557,0.766286
0.976488,0.064442,0.907783,0.814967,0.757653
0.992496,0.065236,0.922779,1.045504,0.760701
1.008504,0.067005,0.938305,0.959380,0.752560
1.024512,0.067798,0.954854,1.168155,0.755557
1.040520,0.069567,0.971257,1.089735,0.747860
1.056528,0.071334,0.988703,1.032811,0.740552
1.072536,0.072127,1.006628,1.207319,0.743509
1.088544,0.073893,1.025028,1.152869,0.736571
1.104552,0.074685,1.044387,1.313400,0.739473
1.120560,0.076450,1.063780,1.260830,0.732872
1.136568,0.078214,1.084151,1.220373,0.726576
1.152576,0.079006,1.104898,1.358086,0.729427
1.168584,0.080768,1.126291,1.317645,0.723416
1.184592,0.081560,1.148315,1.445870,0.726212
1.200600,0.083321,1.170736,1.405444,0.720464
1.216608,0.084112,1.193958,1.525260,0.723207
1.232616,0.085873,1.217406,1.484876,0.717701
1.248624,0.086663,1.241755,1.597207,0.720391
1.264632,0.088422,1.266222,1.556904,0.715110
1.280640,0.090181,1.291610,1.522878,0.710042
1.296648,0.090970,1.317106,1.622364,0.712677
1.312656,0.092728,1.343492,1.587943,0.707803
1.328664,0.093517,1.369982,1.681984,0.710389
1.344672,0.094306,1.397336,1.776179,0.712931
1.360680,0.096062,1.424776,1.736401,0.708234
1.376688,0.096850,1.453022,1.825684,0.710730
1.392696,0.098605,1.481418,1.786170,0.706201
1.408704,0.099393,1.510508,1.870993,0.708653
1.424712,0.101146,1.539839,1.831780,0.704282
1.440720,0.101934,1.569729,1.912537,0.706690
1.456728,0.103686,1.599975,1.873659,0.702468
1.472736,0.104474,1.630623,1.950698,0.704834
1.488744,0.106225,1.661762,1.912184,0.700751
1.504752,0.107012,1.693131,1.985815,0.703076
1.520760,0.108762,1.725141,1.947690,0.699125
1.536768,0.109549,1.757197,2.018186,0.701410
1.552776,0.110335,1.789884,2.088889,0.703663
1.568784,0.112083,1.822765,2.048076,0.699829
1.584792,0.112870,1.856079,2.115891,0.702045
1.600800,0.114617,1.889785,2.075722,0.698328
1.616808,0.115403,1.923697,2.140866,0.700508
1.632816,0.116189,1.958183,2.206221,0.702658
1.648824,0.117934,1.992690,2.164001,0.699047
1.664832,0.118719,2.027725,2.226880,0.701163
1.680840,0.120463,2.063013,2.185466,0.697656
1.696848,0.121249,2.098574,2.246044,0.699739
1.712856,0.122991,2.134622,2.205409,0.696331
1.728864,0.123776,2.170686,2.263847,0.698383
1.744872,0.124561,2.207256,2.322492,0.700409
1.760880,0.126302,2.244022,2.280407,0.697090
1.776888,0.127087,2.281058,2.337052,0.699085
1.792896,0.128827,2.318543,2.295833,0.695856
1.808904,0.129611,2.356026,2.350608,0.697822
1.824912,0.130395,2.393975,2.405588,0.699765
1.840920,0.132133,2.432124,2.363247,0.696616
1.856928,0.132917,2.470488,2.416472,0.698531
1.872936,0.133700,2.509298,2.469900,0.700424
1.888944,0.135437,2.548081,2.426625,0.697351
1.904952,0.136220,2.587276,2.478403,0.699218
1.920960,0.137956,2.626721,2.436107,0.696223
1.936968,0.138739,2.666287,2.486334,0.698063
1.952976,0.139521,2.706269,2.536758,0.699884
1.968984,0.141256,2.746300,2.493742,0.696958
1.984992,0.142038,2.786628,2.542702,0.698755
2.001001,0.143771,2.827286,2.500669,0.695900
2.017009,0.144553,2.867947,2.548249,0.697672
2.033017,0.145335,2.908997,2.596019,0.699426
2.049025,0.147066,2.950198,2.553431,0.696635
2.065033,0.147848,2.991559,2.599895,0.698366
2.081041,0.148629,3.033295,2.646546,0.700078
2.097049,0.150359,3.075014,2.603507,0.697348
2.113057,0.151140,3.117041,2.648918,0.699040
2.129065,0.152868,3.159337,2.606879,0.696372
2.145073,0.153649,3.201645,2.651115,0.698043
2.161081,0.154430,3.244306,2.695533,0.699696
2.177089,0.156157,3.287082,2.653153,0.697084
2.193097,0.156937,3.330005,2.696453,0.698718
2.209105,0.157717,3.373270,2.739931,0.700336
2.225113,0.159443,3.416504,2.697286,0.697778
2.241121,0.160223,3.460015,2.739699,0.699377
2.257129,0.161947,3.503779,2.698039,0.696874
2.273137,0.162726,3.547528,2.739440,0.698454
2.289145,0.163506,3.591599,2.781013,0.700019
2.305153,0.165228,3.635786,2.739160,0.697566
2.321161,0.166007,3.680079,2.779766,0.699113
2.337169,0.166787,3.724686,2.820540,0.700646
2.353177,0.168507,3.769276,2.778549,0.698241
2.369185,0.169286,3.814091,2.818399,0.699757
2.385193,0.171006,3.859166,2.777362,0.697401
2.401201,0.171784,3.904183,2.816330,0.698900
2.417209,0.172563,3.949497,2.855460,0.700386
2.433217,0.174281,3.994943,2.814334,0.698074
2.449225,0.175059,4.040445,2.852619,0.699544
2.465233,0.175837,4.086235,2.891063,0.701001
2.481241,0.177553,4.132033,2.849886,0.698732
2.497249,0.178331,4.178000,2.887519,0.700174
2.513257,0.180046,4.224240,2.847258,0.697949
2.529265,0.180823,4.270379,2.884116,0.699376
2.545273,0.181600,4.316791,2.921127,0.700790
2.561281,0.183314,4.363352,2.880847,0.698606
2.577289,0.184091,4.409924,2.917113,0.700006
2.593297,0.184867,4.456762,2.953529,0.701394
2.609305,0.186579,4.503626,2.913259,0.699248
2.625313,0.187356,4.550614,2.948958,0.700623
2.641321,0.188132,4.597861,2.984805,0.701986
2.657329,0.189842,4.645012,2.944571,0.699877
2.673337,0.190618,4.692398,2.979728,0.701227
2.689345,0.192328,4.739937,2.940361,0.699157
2.705353,0.193103,4.787457,2.974854,0.700494
2.721361,0.193879,4.835225,3.009490,0.701820
2.737369,0.195586,4.883021,2.970176,0.699785
2.753377,0.196362,4.930913,3.004173,0.701099
2.769385,0.197137,4.979047,3.038310,0.702402
2.785393,0.198843,5.027084,2.999068,0.700401
2.801401,0.199618,5.075332,3.032588,0.701692
2.817409,0.201322,5.123719,2.994166,0.699726
2.833417,0.202097,5.172079,3.027092,0.701005
2.849425,0.202871,5.220669,3.060153,0.702275
2.865433,0.204574,5.269268,3.021814,0.700340
2.881441,0.205348,5.317961,3.054302,0.701598
2.897449,0.206122,5.366879,3.086921,0.702847
2.913457,0.207824,5.415674,3.048679,0.700944
2.929465,0.208597,5.464686,3.080744,0.702181
2.945473,0.210298,5.513794,3.043275,0.700310
2.961481,0.211071,5.562895,3.074806,0.701537
2.977489,0.211844,5.612212,3.106465,0.702754
2.993497,0.213543,5.661488,3.069098,0.700912
3.009505,0.214316,5.710887,3.100239,0.702119
3.025513,0.216013,5.760450,3.063610,0.700307
3.041521,0.216786,5.809927,3.094252,0.701504
3.057529,0.217558,5.859610,3.125017,0.702692
3.073537,0.219254,5.909315,3.088493,0.700907
3.089545,0.220026,5.959069,3.118774,0.702086
3.105553,0.220798,6.009025,3.149177,0.703256
3.121561,0.222492,6.058856,3.112768,0.701498
3.137569,0.223264,6.108875,3.142701,0.702659
3.153577,0.224957,6.158957,3.106988,0.700928
3.169585,0.225728,6.209035,3.136467,0.702079
3.185593,0.226500,6.259307,3.166063,0.703223
3.201601,0.228191,6.309489,3.130466,0.701517
3.217609,0.228962,6.359813,3.159622,0.702652
3.233617,0.230652,6.410222,3.124689,0.700972
3.249625,0.231423,6.460594,3.153418,0.702097
3.265633,0.232193,6.511153,3.182261,0.703215
3.281641,0.233882,6.561635,3.147444,0.701560
3.297649,0.234652,6.612236,3.175872,0.702669
3.313657,0.236339,6.662922,3.141690,0.701038
3.329665,0.237109,6.713560,3.169717,0.702138
3.345673,0.237879,6.764377,3.197853,0.703231
3.361681,0.239565,6.815112,3.163786,0.701623
3.377689,0.240334,6.865960,3.191533,0.702708
3.393697,0.242018,6.916875,3.158071,0.701124
3.409705,0.242787,6.967752,3.185440,0.702200
3.425713,0.243556,7.018801,3.212914,0.703270
3.441721,0.245239,7.069738,3.179567,0.701707
3.457729,0.246008,7.120809,3.206673,0.702769
3.473737,0.247690,7.171904,3.173905,0.701228
3.489745,0.248457,7.222993,3.200655,0.702282
3.505753,0.250138,7.274235,3.168448,0.700763
3.521761,0.250906,7.325340,3.194851,0.701809
3.537769,0.251673,7.376606,3.221355,0.702849
3.553777,0.253353,7.427834,3.189255,0.701350
3.569785,0.254120,7.479110,3.215421,0.702382
3.585793,0.255798,7.530463,3.183858,0.700904
3.601801,0.256565,7.581746,3.209696,0.701929
3.617809,0.257331,7.633183,3.235633,0.702948
3.633817,0.259008,7.684498,3.204174,0.701488
3.649825,0.259774,7.735936,3.229791,0.702500
3.665833,0.261449,7.787353,3.198847,0.701060
3.681841,0.262215,7.838789,3.224153,0.702065
3.697849,0.263889,7.890299,3.193709,0.700644
3.713857,0.264655,7.941728,3.218713,0.701642
3.729865,0.265420,7.993304,3.243810,0.702634
3.745873,0.267093,8.044741,3.213464,0.701231
3.761881,0.267858,8.096305,3.238266,0.702216
3.777889,0.269529,8.147815,3.208399,0.700832
3.793897,0.270294,8.199364,3.232915,0.701810
3.809905,0.271964,8.250935,3.203513,0.700444
3.825913,0.272728,8.302467,3.227749,0.701415
3.841921,0.274397,8.354089,3.198799,0.700067
3.857929,0.275161,8.405600,3.222764,0.701032
3.873937,0.275925,8.457247,3.246817,0.701992
3.889945,0.277592,8.508752,3.217954,0.700659
3.905953,0.278355,8.560373,3.241741,0.701612
3.921961,0.280021,8.611910,3.213312,0.700297
3.937969,0.280785,8.663501,3.236841,0.701244
3.953977,0.282449,8.715060,3.208834,0.699944
3.969985,0.283212,8.766619,3.232111,0.700885
3.985993,0.284876,8.818190,3.204514,0.699602
4.002001,0.285638,8.869715,3.227546,0.700537
4.018009,0.287300,8.921289,3.200349,0.699270
4.034017,0.288062,8.972776,3.223142,0.700198
4.050025,0.289724,9.024344,3.196333,0.698946
4.066033,0.290485,9.075790,3.218892,0.699869
4.082041,0.292145,9.127342,3.192461,0.698633
4.098049,0.292906,9.178744,3.214794,0.699550
4.114057,0.293667,9.230265,3.237206,0.700462
4.130065,0.295326,9.281628,3.210842,0.699239
4.146073,0.296087,9.333100,3.233031,0.700146
4.162081,0.297744,9.384430,3.207032,0.698937
4.178089,0.298504,9.435850,3.229004,0.699838
4.194097,0.300160,9.487136,3.203359,0.698644
4.210105,0.300920,9.538502,3.225120,0.699539
4.226113,0.302575,9.589737,3.199821,0.698359
4.242121,0.303334,9.641046,3.221375,0.699249
4.258129,0.304988,9.692221,3.196414,0.698082
4.274137,0.305747,9.743470,3.217765,0.698966
4.290145,0.307399,9.794576,3.193133,0.697813
4.306153,0.308158,9.845762,3.214287,0.698692
4.322161,0.309809,9.896792,3.189976,0.697552
4.338169,0.311460,9.947906,3.166238,0.696426
4.354177,0.312218,9.998857,3.186939,0.697299
4.370185,0.313867,10.049878,3.163501,0.696185
4.386193,0.314624,10.100760,3.184019,0.697053
4.402201,0.316272,10.151681,3.160874,0.695951
4.418209,0.317029,10.202491,3.181213,0.696814
4.434217,0.318676,10.253303,3.158354,0.695725
4.450225,0.319433,10.304040,3.178519,0.696582
4.466233,0.321078,10.354735,3.155938,0.695505
4.482241,0.321835,10.405395,3.175932,0.696358
4.498249,0.323479,10.455966,3.153625,0.695292
4.514257,0.324235,10.506546,3.173451,0.696140
4.530265,0.325878,10.556986,3.151410,0.695086
4.546273,0.327521,10.607460,3.129856,0.694044
4.562281,0.328276,10.657784,3.149292,0.694886
4.578289,0.329917,10.708112,3.127989,0.693855
4.594297,0.330672,10.758351,3.147269,0.694692
4.610305,0.332312,10.808526,3.126211,0.693672
4.626313,0.333066,10.858677,3.145339,0.694504
4.642321,0.334705,10.908692,3.124520,0.693495
4.658329,0.336343,10.958714,3.104144,0.692498
4.674337,0.337096,11.008600,3.122913,0.693324
4.690345,0.338733,11.058449,3.102763,0.692337
4.706353,0.339486,11.108240,3.121391,0.693159
4.722361,0.341122,11.157909,3.101461,0.692182
4.738369,0.342756,11.207566,3.081946,0.691216
4.754377,0.343509,11.257085,3.100236,0.692032
4.770385,0.345142,11.306550,3.080929,0.691075
4.786393,0.345894,11.355970,3.099086,0.691887
4.802401,0.347526,11.405235,3.079983,0.690940
4.818409,0.349158,11.454472,3.061266,0.690004
4.834417,0.349909,11.503612,3.079106,0.690810
4.850425,0.351539,11.552637,3.060582,0.689883
4.866433,0.353169,11.601622,3.042428,0.688967
4.882441,0.353919,11.650480,3.059962,0.689768
4.898449,0.355548,11.699242,3.041990,0.688860
4.914457,0.357175,11.747952,3.024370,0.687962
4.930465,0.357925,11.796524,3.041612,0.688757
4.946473,0.359551,11.845000,3.024165,0.687868
4.962481,0.361177,11.893415,3.007054,0.686988
4.978489,0.361925,11.941697,3.024014,0.687778
4.994497,0.363550,11.989867,3.007067,0.686907
5.010505,0.365173,12.037964,2.990442,0.686045
5.026513,0.365921,12.085953,3.007131,0.686830
5.042521,0.367543,12.133795,2.990661,0.685976
5.058529,0.369165,12.181556,2.974499,0.685131
5.074537,0.370786,12.229229,2.958636,0.684295
5.090545,0.371532,12.276743,2.974912,0.685074
5.106553,0.373152,12.324147,2.959193,0.684246
5.122561,0.374771,12.371454,2.943760,0.683426
5.138569,0.376389,12.418661,2.928608,0.682615
5.154577,0.377134,12.465696,2.944493,0.683388
5.170585,0.378751,12.512619,2.929472,0.682584
5.186593,0.380367,12.559433,2.914720,0.681788
5.202601,0.381982,12.606133,2.900229,0.681001
5.218609,0.382726,12.652684,2.915744,0.681768
5.234617,0.384340,12.699088,2.901375,0.680988
5.250625,0.385953,12.745369,2.887257,0.680215
5.266633,0.387566,12.791524,2.873384,0.679451
5.282641,0.389177,12.837550,2.859751,0.678694
5.298649,0.389920,12.883435,2.874787,0.679454
5.314657,0.391530,12.929148,2.861262,0.678703
5.330665,0.393140,12.974723,2.847968,0.677961
5.346673,0.394748,13.020157,2.834898,0.677226
5.362681,0.396356,13.065446,2.822049,0.676498
5.378689,0.397963,13.110586,2.809413,0.675777
5.394697,0.399570,13.155574,2.796988,0.675063
5.410705,0.401175,13.200407,2.784767,0.674357
5.426713,0.402780,13.245081,2.772747,0.673657
5.442721,0.880648,13.266325,0.471084,0.309018
5.458729,0.881167,13.273873,0.472683,0.309744
5.474737,0.880822,13.281463,0.474932,0.310774
5.490745,0.881341,13.289068,0.476538,0.311500
5.506753,0.881860,13.296716,0.478146,0.312224
5.522761,0.881516,13.304386,0.480414,0.313254
5.538769,0.882036,13.312091,0.482030,0.313977
5.554777,0.881693,13.319826,0.484313,0.315006
5.570785,0.882213,13.327589,0.485935,0.315728
5.586793,0.881872,13.335390,0.488233,0.316758
5.602801,0.882392,13.343210,0.489863,0.317478
5.618809,0.882912,13.351073,0.491495,0.318197
5.634817,0.882573,13.358956,0.493813,0.319227
5.650825,0.883093,13.366877,0.495452,0.319945
5.666833,0.882755,13.374827,0.497785,0.320974
5.682841,0.883276,13.382807,0.499432,0.321691
5.698849,0.882939,13.390823,0.501779,0.322720
5.714857,0.883460,13.398862,0.503434,0.323436
5.730865,0.883982,13.406944,0.505091,0.324151
5.746873,0.883646,13.415044,0.507459,0.325180
5.762881,0.884168,13.423186,0.509124,0.325893
5.778889,0.883834,13.431353,0.511508,0.326922
5.794897,0.884356,13.439554,0.513180,0.327634
5.810905,0.884023,13.447791,0.515579,0.328663
5.826913,0.884545,13.456051,0.517260,0.329373
5.842921,0.885068,13.464356,0.518942,0.330083
5.858929,0.884736,13.472678,0.521363,0.331112
5.874937,0.885259,13.481043,0.523053,0.331820
5.890945,0.884929,13.489433,0.525489,0.332848
5.906953,0.885452,13.497859,0.527188,0.333556
5.922961,0.885123,13.506320,0.529640,0.334584
5.938969,0.885647,13.514806,0.531347,0.335290
5.954977,0.886171,13.523337,0.533057,0.335995
5.970985,0.885843,13.531884,0.535531,0.337023
5.986993,0.886368,13.540476,0.537248,0.337726
6.003002,0.886041,13.549095,0.539739,0.338754
6.019010,0.886566,13.557748,0.541465,0.339456
6.035018,0.886241,13.566438,0.543972,0.340484
6.051026,0.886766,13.575154,0.545706,0.341185
6.067034,0.887291,13.583914,0.547442,0.341885
6.083042,0.886967,13.592693,0.549972,0.342912
6.099050,0.887493,13.601515,0.551717,0.343611
6.115058,0.887170,13.610367,0.554264,0.344638
6.131066,0.887696,13.619252,0.556017,0.345336
6.147074,0.887375,13.628176,0.558581,0.346363
6.163082,0.887901,13.637124,0.560343,0.347059
6.179090,0.888427,13.646117,0.562108,0.347754
6.195098,0.888108,13.655132,0.564695,0.348781
6.211106,0.888634,13.664189,0.566469,0.349475
6.227114,0.888316,13.673278,0.569073,0.350501
6.243122,0.888843,13.682399,0.570856,0.351194
6.259130,0.888526,13.691562,0.573478,0.352220
6.275138,0.889053,13.700746,0.575269,0.352911
6.291146,0.889581,13.709977,0.577063,0.353602
6.307154,0.889265,13.719233,0.579709,0.354627
6.323162,0.889793,13.728528,0.581512,0.355316
6.339170,0.889479,13.737860,0.584176,0.356342
6.355178,0.890007,13.747220,0.585988,0.357030
6.371186,0.890535,13.756625,0.587803,0.357717
6.387194,0.890222,13.766052,0.590491,0.358741
6.403202,0.890751,13.775523,0.592315,0.359427
6.419210,0.890440,13.785026,0.595023,0.360452
6.435218,0.890969,13.794563,0.596856,0.361136
6.451226,0.890658,13.804143,0.599581,0.362161
6.467234,0.891188,13.813746,0.601424,0.362844
6.483242,0.891717,13.823395,0.603269,0.363526
6.499250,0.891408,13.833073,0.606020,0.364549
6.515258,0.891938,13.842788,0.607875,0.365230
6.531266,0.891631,13.852544,0.610645,0.366254
6.547274,0.892161,13.862326,0.612510,0.366933
6.563282,0.892691,13.872156,0.614377,0.367612
6.579290,0.892385,13.882010,0.617173,0.368635
6.595298,0.892916,13.891907,0.619050,0.369312
6.611306,0.892611,13.901840,0.621865,0.370335
6.627314,0.893142,13.911805,0.623752,0.371011
6.643322,0.893673,13.921817,0.625641,0.371686
6.659330,0.893370,13.931850,0.628483,0.372708
6.675338,0.893901,13.941930,0.630383,0.373382
6.691346,0.893599,13.952044,0.633244,0.374404
6.707354,0.894131,13.962193,0.635154,0.375077
6.723362,0.893831,13.972388,0.638036,0.376098
6.739370,0.894363,13.982605,0.639955,0.376769
6.755378,0.894895,13.992871,0.641877,0.377440
6.771386,0.894596,14.003168,0.644786,0.378461
6.787394,0.895128,14.013503,0.646719,0.379130
6.803402,0.894831,14.023883,0.649649,0.380150
6.819410,0.895364,14.034287,0.651591,0.380818
6.835418,0.895896,14.044740,0.653537,0.381485
6.851426,0.895600,14.055224,0.656495,0.382505
6.867434,0.896134,14.065748,0.658451,0.383170
6.883442,0.895839,14.076315,0.661430,0.384190
6.899450,0.896372,14.086909,0.663396,0.384854
6.915458,0.896906,14.097551,0.665366,0.385517
6.931466,0.896613,14.108225,0.668373,0.386536
6.947474,0.897147,14.118939,0.670353,0.387198
6.963482,0.896855,14.129697,0.673382,0.388217
6.979490,0.897389,14.140482,0.675373,0.388878
6.995498,0.897924,14.151317,0.677367,0.389537
7.011506,0.897633,14.162183,0.680425,0.390555
7.027514,0.898168,14.173090,0.682430,0.391214
7.043522,0.897879,14.184042,0.685509,0.392231
7.059530,0.898414,14.195021,0.687525,0.392888
7.075538,0.898949,14.206049,0.689544,0.393545
7.091546,0.898662,14.217111,0.692654,0.394562
7.107554,0.899197,14.228213,0.694684,0.395217
7.123562,0.898911,14.239362,0.697816,0.396233
7.139570,0.899447,14.250537,0.699857,0.396887
7.155578,0.899983,14.261762,0.701901,0.397540
7.171586,0.899698,14.273023,0.705064,0.398555
7.187594,0.900235,14.284321,0.707119,0.399207
7.203602,0.900771,14.295670,0.709179,0.399858
7.219610,0.900488,14.307044,0.712372,0.400872
7.235618,0.901025,14.318467,0.714442,0.401522
7.251626,0.900742,14.329931,0.717658,0.402536
7.267634,0.901280,14.341429,0.719740,0.403184
7.283642,0.901817,14.352978,0.721826,0.403831
7.299650,0.901537,14.364556,0.725073,0.404845
7.315658,0.902074,14.376180,0.727171,0.405491
7.331666,0.901795,14.387849,0.730442,0.406504
7.347674,0.902333,14.399549,0.732551,0.407149
7.363682,0.902871,14.411300,0.734663,0.407793
7.379690,0.902593,14.423086,0.737966,0.408805
7.395698,0.903132,14.434913,0.740091,0.409447
7.411706,0.902855,14.446792,0.743418,0.410459
7.427714,0.903394,14.458696,0.745554,0.411100
7.443722,0.903933,14.470652,0.747694,0.411741
7.459730,0.903658,14.482648,0.751054,0.412752
7.475738,0.904198,14.494681,0.753206,0.413391
7.491746,0.904737,14.506766,0.755362,0.414029
7.507754,0.904464,14.518883,0.758755,0.415039
7.523762,0.905003,14.531046,0.760923,0.415676
7.539770,0.904731,14.543257,0.764342,0.416686
7.555778,0.905271,14.555498,0.766522,0.417321
7.571786,0.905811,14.567792,0.768705,0.417956
7.587794,0.905541,14.580125,0.772158,0.418965
7.603802,0.906081,14.592497,0.774354,0.419598
7.619810,0.906622,14.604922,0.776554,0.420231
7.635818,0.906353,14.617378,0.780041,0.421239
7.651826,0.906894,14.629883,0.782254,0.421870
7.667834,0.906626,14.642436,0.785767,0.422877
7.683842,0.907167,14.655021,0.787992,0.423507
7.699850,0.907709,14.667658,0.790221,0.424137
7.715858,0.907443,14.680337,0.793769,0.425143
7.731866,0.907984,14.693055,0.796011,0.425771
7.747874,0.908526,14.705826,0.798257,0.426398
7.763882,0.908262,14.718631,0.801840,0.427403
7.779890,0.908804,14.731483,0.804099,0.428029
7.795898,0.908540,14.744388,0.807710,0.429034
7.811906,0.909083,14.757322,0.809981,0.429659
7.827914,0.909625,14.770310,0.812257,0.430282
7.843922,0.909364,14.783343,0.815904,0.431286
7.859930,0.909907,14.796413,0.818193,0.431909
7.875938,0.910450,14.809537,0.820487,0.432530
7.891946,0.910189,14.822700,0.824170,0.433533
7.907954,0.910733,14.835907,0.826477,0.434153
7.923962,0.911276,14.849168,0.828787,0.434773
7.939970,0.911017,14.862462,0.832508,0.435775
7.955978,0.911561,14.875807,0.834832,0.436393
7.971986,0.911304,14.889204,0.838581,0.437394
7.987994,0.911848,14.902632,0.840919,0.438011
8.004002,0.912392,14.916116,0.843261,0.438627
8.020010,0.912136,14.929647,0.847048,0.439628
8.036018,0.912681,14.943214,0.849404,0.440242
8.052026,0.913225,14.956837,0.851764,0.440856
8.068034,0.912971,14.970503,0.855589,0.441856
8.084042,0.913516,14.984211,0.857963,0.442468
8.100050,0.914061,14.997975,0.860342,0.443080
8.116058,0.913809,15.011776,0.864205,0.444079
8.132066,0.914354,15.025626,0.866598,0.444689
8.148074,0.914899,15.039531,0.868995,0.445299
8.164082,0.914648,15.053470,0.872898,0.446296
8.180090,0.915194,15.067461,0.875310,0.446905
8.196098,0.914944,15.081509,0.879243,0.447901
8.212106,0.915491,15.095587,0.881668,0.448509
8.228114,0.916037,15.109721,0.884098,0.449115
8.244122,0.915789,15.123909,0.888072,0.450111
8.260130,0.916335,15.138131,0.890516,0.450716
8.276138,0.916882,15.152409,0.892966,0.451320
8.292146,0.916635,15.166738,0.896980,0.452314
8.308154,0.917182,15.181104,0.899444,0.452917
8.324162,0.917729,15.195528,0.901912,0.453520
8.340170,0.917484,15.209999,0.905967,0.454513
8.356178,0.918031,15.224511,0.908451,0.455114
8.372186,0.918579,15.239081,0.910939,0.455714
8.388194,0.918335,15.253696,0.915036,0.456706
8.404202,0.918883,15.268355,0.917539,0.457305
8.420210,0.919431,15.283072,0.920046,0.457903
8.436218,0.919189,15.297833,0.924185,0.458895
8.452226,0.919737,15.312639,0.926708,0.459491
8.468234,0.920285,15.327504,0.929236,0.460087
8.484242,0.920045,15.342412,0.933418,0.461077
8.500250,0.920594,15.357367,0.935961,0.461672
8.516258,0.921142,15.372380,0.938508,0.462266
8.532266,0.920904,15.387437,0.942734,0.463255
8.548274,0.921453,15.402542,0.945297,0.463848
8.564282,0.922002,15.417705,0.947865,0.464440
8.580290,0.921765,15.432912,0.952134,0.465427
8.596298,0.922314,15.448167,0.954718,0.466018
8.612306,0.922864,15.463481,0.957306,0.466608
8.628314,0.922628,15.478840,0.961620,0.467594
8.644322,0.923178,15.494246,0.964224,0.468183
8.660330,0.923728,15.509712,0.966834,0.468771
8.676338,0.923494,15.525224,0.971192,0.469756
8.692346,0.924044,15.540783,0.973818,0.470343
8.708354,0.924594,15.556402,0.976448,0.470928
8.724362,0.924362,15.572069,0.980852,0.471913
8.740370,0.924913,15.587782,0.983499,0.472497
8.756378,0.925463,15.603554,0.986151,0.473081
8.772386,0.925233,15.619377,0.990601,0.474064
8.788394,0.925784,15.635245,0.993269,0.474646
8.804402,0.926335,15.651172,0.995942,0.475228
8.820410,0.926106,15.667153,1.000439,0.476210
8.836418,0.926657,15.683176,1.003129,0.476790
8.852426,0.927208,15.699260,1.005824,0.477370
8.868434,0.926981,15.715400,1.010368,0.478350
8.884442,0.927533,15.731580,1.013079,0.478929
8.900450,0.928085,15.747820,1.015797,0.479506
8.916458,0.927859,15.764121,1.020388,0.480486
8.932466,0.928411,15.780459,1.023122,0.481062
8.948474,0.928963,15.796858,1.025862,0.481638
8.964482,0.929515,15.813317,1.028606,0.482213
8.980490,0.929292,15.829818,1.033258,0.483190
8.996498,0.929844,15.846376,1.036020,0.483764
9.012506,0.930397,15.862995,1.038787,0.484337
9.028514,0.930175,15.879660,1.043488,0.485313
9.044522,0.930727,15.896378,1.046272,0.485885
9.060530,0.931280,15.913158,1.049063,0.486456
9.076538,0.931060,15.929990,1.053813,0.487430
9.092546,0.931613,15.946869,1.056620,0.488000
9.108554,0.932167,15.963810,1.059434,0.488569
9.124562,0.931948,15.980810,1.064234,0.489543
9.140570,0.932501,15.997852,1.067065,0.490110
9.156578,0.933055,16.014955,1.069902,0.490677
9.172586,0.933609,16.032121,1.072744,0.491243
9.188594,0.933392,16.049330,1.077608,0.492215
9.204602,0.933946,16.066597,1.080468,0.492780
9.220610,0.934500,16.083927,1.083334,0.493344
9.236618,0.934285,16.101308,1.088249,0.494315
9.252626,0.934840,16.118740,1.091133,0.494878
9.268634,0.935394,16.136235,1.094023,0.495440
9.284642,0.935180,16.153790,1.098991,0.496409
9.300650,0.935735,16.171388,1.101899,0.496970
9.316658,0.936290,16.189049,1.104813,0.497530
9.332666,0.936845,16.206773,1.107733,0.498090
9.348674,0.936634,16.224545,1.112766,0.499057
9.364682,0.937189,16.242373,1.115705,0.499615
9.380690,0.937744,16.260264,1.118649,0.500173
9.396698,0.937534,16.278214,1.123736,0.501139
9.412706,0.938090,16.296210,1.126699,0.501695
9.428714,0.938646,16.314271,1.129669,0.502251
9.444722,0.939201,16.332395,1.132644,0.502806
9.460730,0.938993,16.350566,1.137798,0.503770
9.476738,0.939550,16.368796,1.140793,0.504324
9.492746,0.940106,16.387091,1.143793,0.504877
9.508754,0.939899,16.405444,1.149003,0.505839
9.524762,0.940456,16.423845,1.152022,0.506391
9.540770,0.941012,16.442310,1.155048,0.506942
9.556778,0.941569,16.460841,1.158080,0.507492
9.572786,0.941364,16.479420,1.163359,0.508453
9.588794,0.941921,16.498058,1.166410,0.509002
9.604802,0.942478,16.516762,1.169468,0.509550
9.620810,0.942275,16.535527,1.174804,0.510510
9.636818,0.942833,16.554339,1.177881,0.511057
9.652826,0.943390,16.573216,1.180965,0.511603
9.668834,0.943947,16.592158,1.184055,0.512149
9.684842,0.943747,16.611156,1.189462,0.513106
9.700850,0.944304,16.630208,1.192572,0.513651
9.716858,0.944862,16.649326,1.195689,0.514195
9.732866,0.945420,16.668510,1.198812,0.514738
9.748874,0.945221,16.687742,1.204291,0.515693
9.764882,0.945779,16.707037,1.207434,0.516235
9.780890,0.946337,16.726397,1.210584,0.516776
9.796898,0.946140,16.745823,1.216122,0.517730
9.812906,0.946698,16.765295,1.219293,0.518270
9.828914,0.947257,16.784833,1.222469,0.518809
9.844922,0.947816,16.804438,1.225653,0.519348
9.860930,0.947620,16.824105,1.231265,0.520300
9.876938,0.948179,16.843822,1.234469,0.520837
9.892946,0.948738,16.863607,1.237680,0.521374
9.908954,0.949297,16.883458,1.240897,0.521910
9.924962,0.949104,16.903368,1.246586,0.522860
9.940970,0.949663,16.923333,1.249824,0.523395
9.956978,0.950223,16.943366,1.253069,0.523929
9.972986,0.950782,16.963466,1.256321,0.524462
9.988994,0.950591,16.983623,1.262086,0.525410
10.005003,0.951150,17.003838,1.265359,0.525942
10.021011,0.951710,17.024120,1.268639,0.526474
10.037019,0.952270,17.044471,1.271926,0.527005
10.053027,0.952081,17.064878,1.277769,0.527950
10.069035,0.952641,17.085344,1.281077,0.528480
10.085043,0.953201,17.105878,1.284393,0.529009
10.101051,0.953761,17.126481,1.287715,0.529538
10.117059,0.953574,17.147142,1.293636,0.530481
10.133067,0.954134,17.167862,1.296981,0.531008
10.149075,0.954695,17.188650,1.300332,0.531535
10.165083,0.955256,17.209507,1.303690,0.532061
10.181091,0.955070,17.230425,1.309692,0.533002
10.197099,0.955631,17.251400,1.313072,0.533527
10.213107,0.956192,17.272444,1.316460,0.534051
10.229115,0.956753,17.293557,1.319855,0.534574
10.245123,0.956570,17.314735,1.325937,0.535514
10.261131,0.957131,17.335967,1.329355,0.536036
10.277139,0.957693,17.357269,1.332780,0.536557
10.293147,0.958254,17.378641,1.336211,0.537078
10.309155,0.958815,17.400082,1.339650,0.537599
10.325163,0.958634,17.421574,1.345831,0.538535
10.341171,0.959196,17.443136,1.349293,0.539054
10.357179,0.959758,17.464767,1.352762,0.539572
10.373187,0.960320,17.486469,1.356239,0.540090
10.389195,0.960141,17.508229,1.362504,0.541025
10.405203,0.960703,17.530053,1.366004,0.541541
10.421211,0.961265,17.551947,1.369511,0.542057
10.437219,0.961827,17.573911,1.373026,0.542572
10.453227,0.961650,17.595943,1.379376,0.543505
10.469235,0.962213,17.618030,1.382914,0.544019
10.485243,0.962776,17.640188,1.386460,0.544532
10.501251,0.963338,17.662417,1.390013,0.545045
10.517259,0.963901,17.684717,1.393574,0.545557
10.533267,0.963726,17.707076,1.400027,0.546486
10.549275,0.964289,17.729501,1.403612,0.546997
10.565283,0.964852,17.751996,1.407204,0.547508
10.581291,0.965415,17.774564,1.410804,0.548018
10.597299,0.965243,17.797202,1.417345,0.548945
10.613307,0.965806,17.819895,1.420970,0.549453
10.629315,0.966369,17.842659,1.424602,0.549961
10.645323,0.966933,17.865496,1.428242,0.550469
10.661331,0.967496,17.888404,1.431889,0.550975
10.677339,0.967326,17.911380,1.438537,0.551900
10.693347,0.967890,17.934415,1.442209,0.552405
10.709355,0.968454,17.957523,1.445889,0.552910
10.725363,0.969017,17.980703,1.449577,0.553414
10.741371,0.969581,18.003955,1.453273,0.553918
10.757379,0.969413,18.027274,1.460029,0.554840
10.773387,0.969978,18.050655,1.463750,0.555342
10.789395,0.970542,18.074108,1.467479,0.555844
10.805403,0.971106,18.097635,1.471216,0.556345
10.821411,0.971670,18.121235,1.474961,0.556846
10.837419,0.971505,18.144901,1.481828,0.557765
10.853427,0.972069,18.168631,1.485598,0.558264
10.869435,0.972634,18.192434,1.489377,0.558763
10.885443,0.973198,18.216310,1.493163,0.559261
10.901451,0.973763,18.240260,1.496958,0.559759
10.917459,0.973600,18.264280,1.503937,0.560675
10.933467,0.974165,18.288361,1.507758,0.561171
10.949475,0.974730,18.312516,1.511587,0.561667
10.965483,0.975295,18.336745,1.515424,0.562162
10.981491,0.975860,18.361048,1.519270,0.562657
10.997499,0.976425,18.385426,1.523123,0.563151
11.013507,0.976265,18.409864,1.530235,0.564063
11.029515,0.976830,18.434374,1.534115,0.564556
11.045523,0.977396,18.458958,1.538004,0.565049
11.061531,0.977961,18.483618,1.541901,0.565540
11.077539,0.978526,18.508352,1.545806,0.566032
11.093547,0.978369,18.533156,1.553034,0.566941
11.109555,0.978934,18.558024,1.556966,0.567431
11.125563,0.979500,18.582967,1.560907,0.567920
11.141571,0.980066,18.607986,1.564857,0.568409
11.157579,0.980632,18.633080,1.568815,0.568897
11.173587,0.981198,18.658249,1.572781,0.569385
11.189595,0.981043,18.683485,1.580147,0.570291
11.205603,0.981609,18.708790,1.584141,0.570777
11.221611,0.982175,18.734171,1.588143,0.571263
11.237619,0.982741,18.759627,1.592155,0.571749
11.253627,0.983307,18.785160,1.596175,0.572233
11.269635,0.983874,18.810768,1.600204,0.572718
11.285643,0.983721,18.836444,1.607710,0.573620
11.301651,0.984288,18.862190,1.611766,0.574103
11.317659,0.984855,18.888013,1.615832,0.574585
11.333667,0.985421,18.913912,1.619907,0.575067
11.349675,0.985988,18.939887,1.623990,0.575548
11.365683,0.986554,18.965939,1.628082,0.576029
11.381691,0.986405,18.992063,1.635731,0.576928
11.397699,0.986972,19.018254,1.639852,0.577407
11.413707,0.987539,19.044523,1.643982,0.577886
11.429715,0.988106,19.070868,1.648121,0.578365
11.445723,0.988673,19.097290,1.652269,0.578843
11.461731,0.989240,19.123789,1.656425,0.579320
11.477739,0.989807,19.150366,1.660591,0.579797
11.493747,0.989661,19.177011,1.668407,0.580691
11.509755,0.990228,19.203729,1.672602,0.581167
11.525763,0.990796,19.230525,1.676807,0.581642
11.541771,0.991363,19.257398,1.681020,0.582116
11.557779,0.991930,19.284349,1.685243,0.582590
11.573787,0.992498,19.311378,1.689475,0.583064
11.589795,0.993065,19.338485,1.693716,0.583537
11.605803,0.992922,19.365661,1.701702,0.584427
11.621811,0.993490,19.392911,1.705973,0.584898
11.637819,0.994058,19.420240,1.710254,0.585369
11.653827,0.994625,19.447647,1.714544,0.585840
11.669835,0.995193,19.475132,1.718843,0.586310
11.685843,0.995761,19.502696,1.723152,0.586779
11.701851,0.996329,19.530338,1.727470,0.587248
11.717859,0.996189,19.558058,1.735630,0.588134
11.733867,0.996757,19.585846,1.739979,0.588602
11.749875,0.997325,19.613713,1.744337,0.589069
11.765883,0.997894,19.641659,1.748705,0.589536
11.781891,0.998462,19.669684,1.753083,0.590002
11.797899,0.999030,19.697788,1.757470,0.590468
11.813907,0.999598,19.725971,1.761867,0.590933
11.829915,1.000166,19.754233,1.766273,0.591397
11.845923,1.000734,19.782575,1.770690,0.591861
11.861931,1.000599,19.810987,1.779071,0.592742
11.877939,1.001167,19.839477,1.783519,0.593204
11.893947,1.001736,19.868047,1.787977,0.593667
11.909955,1.002305,19.896696,1.792444,0.594129
11.925963,1.002873,19.925426,1.796921,0.594590
11.941971,1.003442,19.954235,1.801408,0.595051
11.957979,1.004010,19.983125,1.805906,0.595511
11.973987,1.004579,20.012094,1.810413,0.595971
11.989995,1.005147,20.041144,1.814930,0.596430
12.006003,1.005016,20.070266,1.823539,0.597304
12.022011,1.005585,20.099466,1.828088,0.597762
12.038019,1.006154,20.128748,1.832648,0.598220
12.054027,1.006723,20.158109,1.837217,0.598677
12.070035,1.007292,20.187552,1.841797,0.599133
12.086043,1.007861,20.217075,1.846387,0.599589
12.102051,1.008430,20.246679,1.850987,0.600044
12.118059,1.008999,20.276364,1.855597,0.600499
12.134067,1.009568,20.306129,1.860218,0.600954
12.150075,1.010136,20.335976,1.864849,0.601408
12.166083,1.010009,20.365899,1.873715,0.602276
12.182091,1.010579,20.395900,1.878379,0.602729
12.198099,1.011148,20.425982,1.883054,0.603181
12.214107,1.011717,20.456146,1.887739,0.603632
12.230115,1.012287,20.486391,1.892434,0.604084
12.246123,1.012856,20.516717,1.897140,0.604534
12.262131,1.013425,20.547125,1.901856,0.604984
12.278139,1.013995,20.577615,1.906583,0.605434
12.294147,1.014564,20.608187,1.911320,0.605883
12.310155,1.015134,20.638840,1.916069,0.606332
12.326163,1.015703,20.669575,1.920827,0.606780
12.342171,1.016272,20.700393,1.925596,0.607228
12.358179,1.016150,20.731292,1.934776,0.608088
12.374187,1.016720,20.762266,1.939580,0.608535
12.390195,1.017290,20.793324,1.944394,0.608981
12.406203,1.017860,20.824463,1.949219,0.609426
12.422211,1.018429,20.855685,1.954056,0.609871
12.438219,1.018999,20.886990,1.958903,0.610315
12.454227,1.019569,20.918377,1.963760,0.610759
12.470235,1.020139,20.949847,1.968629,0.611203
12.486243,1.020708,20.981399,1.973509,0.611646
12.502251,1.021278,21.013035,1.978400,0.612088
12.518259,1.021848,21.044753,1.983301,0.612530
12.534267,1.022418,21.076554,1.988214,0.612972
12.550275,1.022988,21.108438,1.993138,0.613413
12.566283,1.023557,21.140405,1.998072,0.613853
12.582291,1.024127,21.172456,2.003018,0.614293
12.598299,1.024697,21.204589,2.007975,0.614733
12.614307,1.025267,21.236806,2.012944,0.615172
12.630315,1.025836,21.269106,2.017923,0.615611
12.646323,1.025722,21.301486,2.027576,0.616460
12.662331,1.026292,21.333949,2.032592,0.616897
12.678339,1.026862,21.366495,2.037619,0.617334
12.694347,1.027432,21.399126,2.042657,0.617770
12.710355,1.028003,21.431840,2.047707,0.618206
12.726363,1.028573,21.464637,2.052768,0.618642
12.742371,1.029143,21.497519,2.057841,0.619077
12.758379,1.029713,21.530485,2.062925,0.619511
12.774387,1.030283,21.563535,2.068021,0.619945
12.790395,1.030853,21.596669,2.073128,0.620379
12.806403,1.031424,21.629887,2.078247,0.620812
12.822411,1.031994,21.663189,2.083377,0.621245
12.838419,1.032564,21.696575,2.088519,0.621677
12.854427,1.033134,21.730046,2.093673,0.622108
12.870435,1.033704,21.763602,2.098838,0.622539
12.886443,1.034275,21.797241,2.104015,0.622970
12.902451,1.034845,21.830966,2.109204,0.623400
12.918459,1.035415,21.864775,2.114405,0.623830
12.934467,1.035985,21.898668,2.119618,0.624259
12.950475,1.036555,21.932646,2.124842,0.624688
12.966483,1.037125,21.966709,2.130078,0.625116
12.982491,1.037696,22.000857,2.135326,0.625544
12.998499,1.038266,22.035090,2.140586,0.625972
13.014507,1.038836,22.069408,2.145858,0.626399
13.030515,1.039406,22.103810,2.151143,0.626825
13.046523,1.039976,22.138298,2.156439,0.627251
13.062531,1.040546,22.172871,2.161747,0.627677
13.078539,1.041117,22.207529,2.167067,0.628102
13.094547,1.041687,22.242272,2.172400,0.628526
13.110555,1.042257,22.277101,2.177744,0.628950
13.126563,1.042827,22.312015,2.183101,0.629374
13.142571,1.043397,22.347014,2.188470,0.629797
13.158579,1.043967,22.382099,2.193852,0.630220
13.174587,1.044538,22.417269,2.199246,0.630642
13.190595,1.045108,22.452525,2.204652,0.631064
13.206603,1.045678,22.487866,2.210070,0.631485
13.222611,1.046248,22.523293,2.215501,0.631906
13.238619,1.046818,22.558806,2.220944,0.632327
13.254627,1.047388,22.594404,2.226400,0.632747
13.270635,1.047959,22.630089,2.231868,0.633166
13.286643,1.048529,22.665859,2.237349,0.633585
13.302651,1.049099,22.701715,2.242843,0.634004
13.318659,1.049669,22.737658,2.248349,0.634422
13.334667,1.050239,22.773686,2.253867,0.634839
13.350675,1.050809,22.809800,2.259399,0.635257
13.366683,1.051380,22.846001,2.264943,0.635674
13.382691,1.051950,22.882288,2.270500,0.636090
13.398699,1.052520,22.918661,2.276069,0.636506
13.414707,1.053090,22.955120,2.281652,0.636921
13.430715,1.053660,22.991666,2.287247,0.637336
13.446723,1.054230,23.028298,2.292855,0.637751
13.462731,1.054801,23.065016,2.298477,0.638165
13.478739,1.055371,23.101821,2.304111,0.638578
13.494747,1.055941,23.138713,2.309758,0.638992
13.510755,1.057174,23.175689,2.309955,0.639004
13.526763,1.057743,23.212749,2.315612,0.639416
13.542771,1.058313,23.249895,2.321283,0.639828
13.558779,1.058883,23.287129,2.326966,0.640240
13.574787,1.059453,23.324449,2.332663,0.640651
13.590795,1.060023,23.361855,2.338372,0.641062
13.606803,1.060592,23.399348,2.344096,0.641472
13.622811,1.061162,23.436928,2.349832,0.641882
13.638819,1.061732,23.474595,2.355581,0.642291
13.654827,1.062302,23.512349,2.361344,0.642700
13.670835,1.062871,23.550190,2.367120,0.643109
13.686843,1.063441,23.588117,2.372910,0.643517
13.702851,1.064011,23.626132,2.378713,0.643924
13.718859,1.064581,23.664233,2.384530,0.644332
13.734867,1.065150,23.702422,2.390360,0.644738
13.750875,1.065720,23.740698,2.396203,0.645145
13.766883,1.066946,23.779057,2.396363,0.645154
13.782891,1.067516,23.817499,2.402218,0.645559
13.798899,1.068085,23.856029,2.408085,0.645965
13.814907,1.068654,23.894645,2.413967,0.646369
13.830915,1.069224,23.933349,2.419862,0.646774
13.846923,1.069793,23.972140,2.425771,0.647178
13.862931,1.070362,24.011019,2.431694,0.647581
13.878939,1.070932,24.049985,2.437630,0.647984
13.894947,1.071501,24.089038,2.443580,0.648387
13.910955,1.072071,24.128178,2.449544,0.648789
13.926963,1.072640,24.167406,2.455523,0.649191
13.942971,1.073861,24.206718,2.455660,0.649198
13.958979,1.074430,24.246111,2.461649,0.649599
13.974987,1.074999,24.285591,2.467652,0.650000
13.990995,1.075568,24.325159,2.473670,0.650400
14.007004,1.076137,24.364814,2.479701,0.650800
14.023012,1.076706,24.404557,2.485746,0.651200
14.039020,1.077275,24.444387,2.491805,0.651599
14.055028,1.077844,24.484305,2.497879,0.651997
14.071036,1.078413,24.524310,2.503967,0.652396
14.087044,1.079630,24.564400,2.504088,0.652402
14.103052,1.080198,24.604569,2.510187,0.652799
14.119060,1.080767,24.644826,2.516301,0.653196
14.135068,1.081336,24.685170,2.522428,0.653593
14.151076,1.081904,24.725602,2.528571,0.653989
14.167084,1.082473,24.766121,2.534727,0.654385
14.183092,1.083041,24.806728,2.540898,0.654781
14.199100,1.083610,24.847423,2.547084,0.655176
14.215108,1.084823,24.888200,2.547191,0.655181
14.231116,1.085392,24.929057,2.553388,0.655575
14.247124,1.085960,24.970002,2.559600,0.655969
14.263132,1.086528,25.011034,2.565826,0.656363
14.279140,1.087096,25.052154,2.572067,0.656756
14.295148,1.087664,25.093362,2.578323,0.657149
14.311156,1.088232,25.134657,2.584593,0.657541
14.327164,1.089443,25.176034,2.584691,0.657546
14.343172,1.090010,25.217490,2.590973,0.657937
14.359180,1.090578,25.259034,2.597270,0.658329
14.375188,1.091146,25.300666,2.603582,0.658720
14.391196,1.091714,25.342385,2.609909,0.659110
14.407204,1.092282,25.384192,2.616250,0.659500
14.423212,1.093489,25.426085,2.616340,0.659504
14.439220,1.094056,25.468052,2.622694,0.659894
14.455228,1.094624,25.510107,2.629063,0.660283
14.471236,1.095191,25.552249,2.635447,0.660672
14.487244,1.095758,25.594478,2.641846,0.661060
14.503252,1.096326,25.636796,2.648260,0.661448
14.519260,1.097531,25.679196,2.648343,0.661451
14.535268,1.098098,25.721672,2.654769,0.661839
14.551276,1.098664,25.764235,2.661211,0.662226
14.567284,1.099231,25.806886,2.667667,0.662612
14.583292,1.099798,25.849625,2.674139,0.662998
14.599300,1.100365,25.892452,2.680627,0.663384
14.615308,1.101567,25.935349,2.680703,0.663387
14.631316,1.102134,25.978333,2.687203,0.663772
14.647324,1.102700,26.021404,2.693718,0.664157
14.663332,1.103267,26.064562,2.700249,0.664541
14.679340,1.103834,26.107809,2.706796,0.664925
14.695348,1.105033,26.151126,2.706868,0.664928
14.711356,1.105599,26.194528,2.713427,0.665311
14.727364,1.106165,26.238018,2.720002,0.665694
14.743372,1.106732,26.281595,2.726592,0.666077
14.759380,1.107929,26.325257,2.726664,0.666080
14.775388,1.108495,26.368989,2.733267,0.666462
14.791396,1.109061,26.412808,2.739886,0.666843
14.807404,1.109626,26.456715,2.746521,0.667225
14.823412,1.110192,26.500709,2.753171,0.667606
14.839420,1.111387,26.544778,2.753240,0.667608
14.855428,1.111953,26.588925,2.759903,0.667988
14.871436,1.112518,26.633160,2.766582,0.668368
14.887444,1.113083,26.677482,2.773277,0.668748
14.903452,1.114276,26.721884,2.773346,0.668750
14.919460,1.114841,26.766359,2.780054,0.669129
14.935468,1.115406,26.810921,2.786779,0.669508
14.951476,1.115971,26.855570,2.793519,0.669886
14.967484,1.117162,26.900300,2.793587,0.669888
14.983492,1.117727,26.945100,2.800341,0.670266
14.999500,1.118292,26.989987,2.807111,0.670644
15.015508,1.118856,27.034962,2.813897,0.671021
15.031516,1.120045,27.080015,2.813965,0.671023
15.047524,1.120609,27.125139,2.820765,0.671399
15.063532,1.121173,27.170351,2.827581,0.671775
15.079540,1.121738,27.215649,2.834413,0.672151
15.095548,1.122925,27.261020,2.834482,0.672153
15.111556,1.123489,27.306467,2.841328,0.672528
15.127564,1.124052,27.352000,2.848190,0.672903
15.143572,1.124616,27.397621,2.855069,0.673277
15.159580,1.125801,27.443304,2.855137,0.673280
15.175588,1.126364,27.489072,2.862030,0.673654
15.191596,1.126928,27.534927,2.868939,0.674027
15.207604,1.128111,27.580857,2.869011,0.674029
15.223612,1.128674,27.626858,2.875934,0.674402
15.239620,1.129237,27.672946,2.882874,0.674775
15.255628,1.130419,27.719119,2.882949,0.674777
15.271636,1.130982,27.765352,2.889903,0.675150
15.287644,1.131544,27.811672,2.896873,0.675521
15.303652,1.132107,27.858078,2.903861,0.675893
15.319660,1.133287,27.904548,2.903936,0.675895
15.335668,1.133849,27.951099,2.910938,0.676266
15.351676,1.134411,27.997735,2.917956,0.676636
15.367684,1.135589,28.044440,2.918036,0.676639
15.383692,1.136151,28.091220,2.925068,0.677009
15.399700,1.136713,28.138086,2.932118,0.677379
15.415708,1.137890,28.185021,2.932201,0.677382
15.431716,1.138451,28.232029,2.939265,0.677751
15.447724,1.139012,28.279123,2.946347,0.678119
15.463732,1.140187,28.326286,2.946433,0.678122
15.479740,1.140748,28.373521,2.953529,0.678491
15.495748,1.141309,28.420842,2.960642,0.678858
15.511756,1.142483,28.468228,2.960733,0.678862
15.527764,1.143043,28.515689,2.967860,0.679229
15.543772,1.143604,28.563235,2.975005,0.679596
15.559780,1.144776,28.610841,2.975100,0.679600
15.575788,1.145336,28.658526,2.982260,0.679966
15.591796,1.146507,28.706295,2.982360,0.679970
15.607804,1.147066,28.754118,2.989535,0.680336
15.623812,1.147626,28.802027,2.996728,0.680701
15.639820,1.148795,28.850009,2.996833,0.680705
15.655828,1.149354,28.898054,3.004040,0.681070
15.671836,1.149914,28.946184,3.011265,0.681435
15.687844,1.151081,28.994375,3.011374,0.681439
15.703852,1.151640,29.042641,3.018614,0.681804
15.719860,1.152807,29.090987,3.018730,0.681808
15.735868,1.153365,29.139388,3.025985,0.682172
15.751876,1.153924,29.187874,3.033258,0.682535
15.767884,1.155088,29.236422,3.033378,0.682540
15.783892,1.155646,29.285042,3.040667,0.682903
15.799900,1.156810,29.333740,3.040794,0.682908
15.815908,1.157368,29.382492,3.048098,0.683271
15.831916,1.157925,29.431329,3.055419,0.683633
15.847924,1.159087,29.480222,3.055551,0.683638
15.863932,1.159645,29.529191,3.062888,0.684000
15.879940,1.160805,29.578228,3.063027,0.684005
15.895948,1.161362,29.627328,3.070380,0.684366
15.911956,1.162522,29.676508,3.070526,0.684372
15.927964,1.163078,29.725738,3.077895,0.684733
15.943972,1.163635,29.775052,3.085281,0.685093
15.959980,1.164793,29.824417,3.085432,0.685100
15.975988,1.165349,29.873859,3.092835,0.685459
15.991996,1.166506,29.923361,3.092993,0.685466
16.008004,1.167061,29.972932,3.100412,0.685825
16.024012,1.168217,30.022568,3.100577,0.685832
16.040020,1.168772,30.072266,3.108012,0.686191
16.056028,1.169926,30.122035,3.108184,0.686198
16.072036,1.170481,30.171859,3.115635,0.686557
16.088044,1.171634,30.221758,3.115815,0.686564
16.104052,1.172189,30.271708,3.123282,0.686922
16.120060,1.173341,30.321734,3.123469,0.686930
16.136068,1.173895,30.371808,3.130953,0.687288
16.152076,1.175046,30.421960,3.131148,0.687296
16.168084,1.175599,30.472158,3.138648,0.687653
16.184092,1.176749,30.522432,3.138850,0.687661
16.200100,1.177302,30.572753,3.146366,0.688018
16.216108,1.178450,30.623149,3.146576,0.688027
16.232116,1.179003,30.673591,3.154109,0.688383
16.248124,1.180150,30.724105,3.154326,0.688392
16.264132,1.180703,30.774668,3.161876,0.688748
16.280140,1.181849,30.825298,3.162101,0.688757
16.296148,1.182401,30.875982,3.169668,0.689113
16.312156,1.183546,30.926726,3.169901,0.689122
16.328164,1.184097,30.977528,3.177484,0.689477
16.344172,1.185241,31.028384,3.177725,0.689487
16.360180,1.185792,31.079304,3.185325,0.689842
16.376188,1.186934,31.130269,3.185573,0.689852
16.392196,1.188076,31.181305,3.185831,0.689863
16.408204,1.188626,31.232379,3.193447,0.690217
16.424212,1.189767,31.283520,3.193712,0.690228
16.440220,1.190317,31.334710,3.201346,0.690582
16.456228,1.191456,31.385955,3.201619,0.690593
16.472236,1.192006,31.437259,3.209270,0.690946
16.488244,1.193143,31.488604,3.209551,0.690958
16.504252,1.194280,31.540015,3.209842,0.690971
16.520260,1.194829,31.591467,3.217509,0.691323
16.536268,1.195965,31.642974,3.217807,0.691336
16.552276,1.196514,31.694538,3.225492,0.691688
16.568284,1.197648,31.746140,3.225798,0.691701
16.584292,1.198782,31.797804,3.226115,0.691714
16.600300,1.199330,31.849511,3.233815,0.692066
16.616308,1.200463,31.901265,3.234140,0.692079
16.632316,1.201594,31.953077,3.234474,0.692094
16.648324,1.202141,32.004924,3.242191,0.692445
16.664332,1.203272,32.056823,3.242533,0.692459
16.680340,1.204402,32.108778,3.242885,0.692474
16.696348,1.204948,32.160763,3.250618,0.692824
16.712356,1.206077,32.212801,3.250978,0.692840
16.728364,1.207204,32.264892,3.251348,0.692855
16.744372,1.207750,32.317012,3.259099,0.693205
16.760380,1.208876,32.369182,3.259476,0.693221
16.776388,1.210002,32.421403,3.259864,0.693238
16.792396,1.210547,32.473655,3.267632,0.693587
16.808404,1.211671,32.525951,3.268027,0.693604
16.824412,1.212795,32.578295,3.268433,0.693621
16.840420,1.213339,32.630676,3.276218,0.693970
16.856428,1.214462,32.683092,3.276632,0.693988
16.872436,1.215583,32.735552,3.277055,0.694006
16.888444,1.216704,32.788057,3.277487,0.694024
16.904452,1.217247,32.840590,3.285289,0.694372
16.920460,1.218367,32.893160,3.285731,0.694391
16.936468,1.219486,32.945773,3.286181,0.694410
16.952476,1.220604,32.998425,3.286642,0.694430
16.968484,1.221145,33.051104,3.294461,0.694777
16.984492,1.222262,33.103818,3.294929,0.694797
17.000500,1.223379,33.156569,3.295408,0.694818
17.016508,1.224494,33.209356,3.295895,0.694838
17.032516,1.225034,33.262176,3.303732,0.695185
17.048524,1.226148,33.315020,3.304229,0.695206
17.064532,1.227262,33.367898,3.304734,0.695228
17.080540,1.228374,33.420809,3.305250,0.695250
17.096548,1.229486,33.473751,3.305774,0.695272
17.112556,1.230597,33.526724,3.306308,0.695295
17.128564,1.231135,33.579718,3.314162,0.695641
17.144572,1.232245,33.632739,3.314705,0.695664
17.160580,1.233354,33.685789,3.315257,0.695687
17.176588,1.234462,33.738866,3.315819,0.695711
17.192596,1.235570,33.791969,3.316390,0.695736
17.208604,1.236676,33.845097,3.316970,0.695760
17.224612,1.237782,33.898249,3.317560,0.695785
17.240620,1.238318,33.951420,3.325431,0.696131
17.256628,1.915239,33.988392,0.899893,0.450509
17.272636,1.915298,34.002810,0.901526,0.450912
17.288644,1.915926,34.017248,0.902621,0.451182
17.304652,1.915985,34.031711,0.904260,0.451586
17.320660,1.916044,34.046200,0.905901,0.451990
17.336668,1.916104,34.060715,0.907546,0.452394
17.352676,1.916163,34.075256,0.909194,0.452798
17.368684,1.916222,34.089822,0.910846,0.453201
17.384692,1.916847,34.104413,0.911954,0.453471
17.400700,1.916906,34.119027,0.913610,0.453875
17.416708,1.916965,34.133666,0.915271,0.454278
17.432716,1.917024,34.148331,0.916934,0.454682
17.448724,1.917083,34.163022,0.918601,0.455085
17.464732,1.917141,34.177740,0.920271,0.455489
17.480740,1.917200,34.192484,0.921945,0.455892
17.496748,1.917822,34.207249,0.923067,0.456162
17.512756,1.917881,34.222040,0.924746,0.456565
17.528764,1.917939,34.236857,0.926429,0.456969
17.544772,1.917997,34.251701,0.928115,0.457372
17.560780,1.918056,34.266571,0.929804,0.457776
17.576788,1.918114,34.281468,0.931497,0.458179
17.592796,1.918733,34.296388,0.932631,0.458448
17.608804,1.918791,34.311332,0.934330,0.458851
17.624812,1.918849,34.326303,0.936032,0.459255
17.640820,1.918907,34.341301,0.937737,0.459658
17.656828,1.918965,34.356325,0.939446,0.460061
17.672836,1.919024,34.371377,0.941158,0.460464
17.688844,1.919640,34.386452,0.942305,0.460733
17.704852,1.919697,34.401552,0.944023,0.461137
17.720860,1.919755,34.416678,0.945744,0.461540
17.736868,1.919813,34.431831,0.947470,0.461943
17.752876,1.919870,34.447012,0.949198,0.462346
17.768884,1.919928,34.462219,0.950930,0.462749
17.784892,1.920541,34.477451,0.952090,0.463018
17.800900,1.920599,34.492707,0.953828,0.463421
17.816908,1.920656,34.507990,0.955570,0.463824
17.832916,1.920713,34.523301,0.957315,0.464226
17.848924,1.920770,34.538639,0.959063,0.464629
17.864932,1.920828,34.554004,0.960816,0.465032
17.880940,1.921438,34.569393,0.961989,0.465301
17.896948,1.921495,34.584807,0.963747,0.465704
17.912956,1.921552,34.600249,0.965509,0.466107
17.928964,1.921609,34.615719,0.967274,0.466509
17.944972,1.921665,34.631216,0.969043,0.466912
17.960980,1.922274,34.646741,0.970228,0.467181
17.976988,1.922330,34.662288,0.972003,0.467583
17.992996,1.922387,34.677863,0.973782,0.467986
18.009005,1.922443,34.693465,0.975564,0.468389
18.025013,1.922499,34.709096,0.977350,0.468791
18.041021,1.922556,34.724755,0.979140,0.469194
18.057029,1.923161,34.740437,0.980338,0.469462
18.073037,1.923217,34.756146,0.982134,0.469865
18.089045,1.923273,34.771883,0.983934,0.470267
18.105053,1.923329,34.787648,0.985738,0.470670
18.121061,1.923385,34.803441,0.987545,0.471072
18.137069,1.923988,34.819261,0.988754,0.471340
18.153077,1.924044,34.835105,0.990568,0.471743
18.169085,1.924100,34.850977,0.992385,0.472145
18.185093,1.924155,34.866878,0.994207,0.472547
18.201101,1.924211,34.882807,0.996032,0.472950
18.217109,1.924267,34.898764,0.997860,0.473352
18.233117,1.924867,34.914745,0.999084,0.473620
18.249125,1.924922,34.930753,1.000919,0.474022
18.265133,1.924977,34.946791,1.002758,0.474425
18.281141,1.925032,34.962857,1.004601,0.474827
18.297149,1.925088,34.978952,1.006448,0.475229
18.313157,1.925685,34.995071,1.007683,0.475497
18.329165,1.925740,35.011217,1.009537,0.475899
18.345173,1.925795,35.027393,1.011394,0.476301
18.361181,1.925850,35.043598,1.013255,0.476703
18.377189,1.925905,35.059832,1.015120,0.477105
18.393197,1.926500,35.076089,1.016367,0.477373
18.409205,1.926555,35.092375,1.018239,0.477775
18.425213,1.926609,35.108690,1.020114,0.478177
18.441221,1.926663,35.125034,1.021994,0.478579
18.457229,1.926718,35.141408,1.023877,0.478981
18.473237,1.927311,35.157806,1.025137,0.479249
18.489245,1.927365,35.174232,1.027027,0.479651
18.505253,1.927419,35.190688,1.028922,0.480053
18.521261,1.927473,35.207173,1.030820,0.480454
18.537269,1.928064,35.223688,1.032090,0.480722
18.553277,1.928118,35.240226,1.033994,0.481124
18.569285,1.928171,35.256794,1.035903,0.481526
18.585293,1.928225,35.273392,1.037817,0.481928
18.601301,1.928278,35.290020,1.039734,0.482329
18.617309,1.928867,35.306675,1.041016,0.482597
18.633317,1.928920,35.323356,1.042940,0.482999
18.649325,1.928973,35.340067,1.044868,0.483400
18.665333,1.929027,35.356808,1.046801,0.483802
18.681341,1.929080,35.373580,1.048737,0.484203
18.697349,1.929666,35.390377,1.050032,0.484471
18.713357,1.929719,35.407202,1.051976,0.484873
18.729365,1.929772,35.424058,1.053923,0.485274
18.745373,1.929825,35.440944,1.055875,0.485676
18.761381,1.930409,35.457859,1.057181,0.485943
18.777389,1.930461,35.474799,1.059140,0.486345
18.793397,1.930514,35.491770,1.061103,0.486746
18.809405,1.930566,35.508771,1.063070,0.487147
18.825413,1.930619,35.525804,1.065041,0.487549
18.841421,1.931200,35.542862,1.066360,0.487816
18.857429,1.931252,35.559948,1.068339,0.488218
18.873437,1.931304,35.577066,1.070322,0.488619
18.889445,1.931356,35.594215,1.072309,0.489020
18.905453,1.931936,35.611393,1.073639,0.489288
18.921461,1.931988,35.628596,1.075633,0.489689
18.937469,1.932039,35.645831,1.077632,0.490090
18.953477,1.932091,35.663097,1.079635,0.490491
18.969485,1.932669,35.680395,1.080976,0.490759
18.985493,1.932720,35.697716,1.082986,0.491160
19.001501,1.932771,35.715069,1.085001,0.491561
19.017509,1.932822,35.732454,1.087021,0.491962
19.033517,1.932874,35.749870,1.089044,0.492363
19.049525,1.933449,35.767311,1.090399,0.492631
19.065533,1.933500,35.784783,1.092430,0.493032
19.081541,1.933551,35.802287,1.094465,0.493433
19.097549,1.933602,35.819823,1.096506,0.493834
19.113557,1.934175,35.837385,1.097871,0.494101
19.129565,1.934225,35.854977,1.099918,0.494502
19.145573,1.934276,35.872601,1.101971,0.494903
19.161581,1.934326,35.890257,1.104027,0.495304
19.177589,1.934897,35.907940,1.105404,0.495571
19.193597,1.934947,35.925653,1.107468,0.495972
19.209605,1.934998,35.943397,1.109537,0.496373
19.225613,1.935048,35.961175,1.111610,0.496774
19.241621,1.935617,35.978980,1.112998,0.497041
19.257629,1.935666,35.996814,1.115079,0.497442
19.273637,1.935716,36.014681,1.117165,0.497843
19.289645,1.935766,36.032580,1.119256,0.498243
19.305653,1.936333,36.050508,1.120655,0.498511
19.321661,1.936382,36.068465,1.122753,0.498911
19.337669,1.936432,36.086454,1.124856,0.499312
19.353677,1.936481,36.104477,1.126964,0.499713
19.369685,1.937046,36.122527,1.128375,0.499980
19.385693,1.937095,36.140607,1.130490,0.500381
19.401701,1.937144,36.158721,1.132611,0.500781
19.417709,1.937193,36.176868,1.134736,0.501182
19.433717,1.937756,36.195041,1.136158,0.501449
19.449725,1.937804,36.213246,1.138291,0.501850
19.465733,1.937853,36.231484,1.140429,0.502250
19.481741,1.938414,36.249755,1.141861,0.502517
19.497749,1.938462,36.268052,1.144007,0.502918
19.513757,1.938511,36.286383,1.146157,0.503318
19.529765,1.938559,36.304747,1.148313,0.503719
19.545773,1.939118,36.323142,1.149757,0.503986
19.561781,1.939166,36.341565,1.151920,0.504386
19.577789,1.939214,36.360023,1.154089,0.504787
19.593797,1.939261,36.378514,1.156262,0.505187
19.609805,1.939819,36.397033,1.157718,0.505455
19.625813,1.939866,36.415583,1.159900,0.505855
19.641821,1.939913,36.434168,1.162087,0.506255
19.657829,1.940469,36.452786,1.163552,0.506523
19.673837,1.940516,36.471431,1.165747,0.506923
19.689845,1.940563,36.490110,1.167947,0.507323
19.705853,1.940610,36.508823,1.170152,0.507723
19.721861,1.941164,36.527566,1.171630,0.507991
19.737869,1.941210,36.546340,1.173843,0.508391
19.753877,1.941257,36.565149,1.176062,0.508791
19.769885,1.941809,36.583991,1.177549,0.509058
19.785893,1.941855,36.602860,1.179776,0.509458
19.801901,1.941901,36.621764,1.182008,0.509859
19.817909,1.941947,36.640703,1.184245,0.510259
19.833917,1.942498,36.659671,1.185745,0.510526
19.849925,1.942544,36.678671,1.187991,0.510926
19.865933,1.942589,36.697706,1.190242,0.511326
19.881941,1.943138,36.716775,1.191752,0.511594
19.897949,1.943183,36.735872,1.194012,0.511994
19.913957,1.943229,36.755004,1.196276,0.512394
19.929965,1.943274,36.774171,1.198547,0.512794
19.945973,1.943821,36.793366,1.200070,0.513061
19.961981,1.943865,36.812596,1.202348,0.513461
19.977989,1.943910,36.831861,1.204633,0.513861
19.993997,1.944456,36.851157,1.206165,0.514128
20.010005,1.944500,36.870484,1.208458,0.514528
20.026013,1.944544,36.889847,1.210757,0.514928
20.042021,1.945088,36.909244,1.212300,0.515196
20.058029,1.945132,36.928670,1.214607,0.515596
20.074037,1.945176,36.948132,1.216920,0.515995
20.090045,1.945220,36.967630,1.219238,0.516395
20.106053,1.945762,36.987155,1.220794,0.516663
20.122061,1.945806,37.006716,1.223121,0.517062
20.138069,1.945849,37.026314,1.225454,0.517462
20.154077,1.946389,37.045941,1.227021,0.517730
20.170085,1.946432,37.065602,1.229362,0.518130
20.186093,1.946476,37.085300,1.231709,0.518529
20.202101,1.947014,37.105029,1.233286,0.518797
20.218109,1.947057,37.124790,1.235643,0.519197
20.234117,1.947100,37.144589,1.238005,0.519596
20.250125,1.947637,37.164420,1.239592,0.519864
20.266133,1.947679,37.184283,1.241963,0.520264
20.282141,1.947722,37.204183,1.244340,0.520663
20.298149,1.948257,37.224116,1.245938,0.520931
20.314157,1.948299,37.244081,1.248325,0.521331
20.330165,1.948341,37.264083,1.250717,0.521730
20.346173,1.948874,37.284119,1.252325,0.521998
20.362181,1.948916,37.304186,1.254726,0.522398
20.378189,1.948958,37.324290,1.257134,0.522797
20.394197,1.949490,37.344429,1.258753,0.523065
20.410205,1.949531,37.364599,1.261169,0.523464
20.426213,1.949572,37.384807,1.263592,0.523864
20.442221,1.950103,37.405049,1.265222,0.524132
20.458229,1.950144,37.425323,1.267654,0.524531
20.474237,1.950184,37.445635,1.270092,0.524931
20.490245,1.950713,37.465981,1.271733,0.525199
20.506253,1.950754,37.486359,1.274181,0.525598
20.522261,1.950794,37.506775,1.276634,0.525998
20.538269,1.951321,37.527224,1.278286,0.526266
20.554277,1.951361,37.547707,1.280750,0.526665
20.570285,1.951401,37.568229,1.283219,0.527064
20.586293,1.951927,37.588782,1.284882,0.527333
20.602301,1.951967,37.609371,1.287362,0.527732
20.618309,1.952006,37.629998,1.289847,0.528131
20.634317,1.952530,37.650656,1.291521,0.528399
20.650325,1.952570,37.671351,1.294017,0.528799
20.666333,1.952609,37.692085,1.296518,0.529198
20.682341,1.953131,37.712847,1.298204,0.529466
20.698349,1.953170,37.733649,1.300715,0.529866
20.714357,1.953691,37.754488,1.302408,0.530134
20.730365,1.953730,37.775358,1.304930,0.530533
20.746373,1.953768,37.796267,1.307458,0.530932
20.762381,1.954288,37.817211,1.309163,0.531201
20.778389,1.954326,37.838189,1.311701,0.531600
20.794397,1.954364,37.859207,1.314245,0.531999
20.810405,1.954882,37.880256,1.315962,0.532268
20.826413,1.954920,37.901343,1.318517,0.532667
20.842421,1.955436,37.922469,1.320241,0.532935
20.858429,1.955474,37.943625,1.322806,0.533334
20.874437,1.955511,37.964821,1.325377,0.533734
20.890445,1.956026,37.986053,1.327113,0.534002
20.906453,1.956063,38.007318,1.329696,0.534401
20.922461,1.956100,38.028625,1.332284,0.534800
20.938469,1.956613,38.049963,1.334032,0.535069
20.954477,1.956650,38.071339,1.336631,0.535468
20.970485,1.957162,38.092755,1.338387,0.535737
20.986493,1.957198,38.114202,1.340997,0.536136
21.002501,1.957234,38.135689,1.343613,0.536535
21.018509,1.957745,38.157212,1.345381,0.536804
21.034517,1.957781,38.178770,1.348008,0.537203
21.050525,1.957816,38.200369,1.350642,0.537602
21.066533,1.958326,38.221999,1.352422,0.537871
21.082541,1.958361,38.243670,1.355067,0.538270
21.098549,1.958869,38.265377,1.356855,0.538539
21.114557,1.958904,38.287119,1.359511,0.538938
21.130565,1.958938,38.308903,1.362173,0.539337
21.146573,1.959445,38.330718,1.363974,0.539606
21.162581,1.959479,38.352574,1.366648,0.540005
21.178589,1.959984,38.374467,1.368457,0.540274
21.194597,1.960019,38.396395,1.371141,0.540673
21.210605,1.960053,38.418365,1.373833,0.541072
21.226613,1.960556,38.440367,1.375655,0.541342
21.242621,1.960590,38.462410,1.378357,0.541741
21.258629,1.961092,38.484489,1.380188,0.542010
21.274637,1.961125,38.506605,1.382902,0.542409
21.290645,1.961627,38.528763,1.384740,0.542678
21.306653,1.961659,38.550953,1.387466,0.543077
21.322661,1.961692,38.573185,1.390198,0.543476
21.338669,1.962192,38.595452,1.392050,0.543746
21.354677,1.962224,38.617758,1.394794,0.544145
21.370685,1.962723,38.640103,1.396654,0.544414
21.386693,1.962755,38.662483,1.399410,0.544813
21.402701,1.962787,38.684907,1.402172,0.545212
21.418709,1.963284,38.707362,1.404046,0.545482
21.434717,1.963315,38.729860,1.406820,0.545881
21.450725,1.963811,38.752394,1.408703,0.546151
21.466733,1.963842,38.774967,1.411489,0.546549
21.482741,1.964336,38.797580,1.413380,0.546819
21.498749,1.964367,38.820228,1.416178,0.547218
21.514757,1.964398,38.842920,1.418983,0.547617
21.530765,1.964891,38.865644,1.420888,0.547887
21.546773,1.964921,38.888412,1.423705,0.548286
21.562781,1.965413,38.911215,1.425619,0.548556
21.578789,1.965443,38.934059,1.428448,0.548955
21.594797,1.965933,38.956942,1.430371,0.549225
21.610805,1.965963,38.979862,1.433212,0.549624
21.626813,1.966452,39.002824,1.435144,0.549894
21.642821,1.966481,39.025821,1.437998,0.550293
21.658829,1.966511,39.048863,1.440859,0.550692
21.674837,1.966998,39.071937,1.442805,0.550962
21.690845,1.967027,39.095056,1.445678,0.551361
21.706853,1.967513,39.118210,1.447633,0.551632
21.722861,1.967542,39.141407,1.450520,0.552030
21.738869,1.968027,39.164640,1.452484,0.552301
21.754877,1.968055,39.187915,1.455382,0.552700
21.770885,1.968539,39.211229,1.457356,0.552971
21.786893,1.968567,39.234582,1.460267,0.553369
21.802901,1.969049,39.257976,1.462250,0.553640
21.818909,1.969077,39.281408,1.465174,0.554039
21.834917,1.969558,39.304883,1.467166,0.554310
21.850925,1.969585,39.328393,1.470103,0.554709
21.866933,1.970065,39.351948,1.472105,0.554980
21.882941,1.970092,39.375538,1.475055,0.555379
21.898949,1.970118,39.399174,1.478013,0.555778
21.914957,1.970597,39.422843,1.480029,0.556049
21.930965,1.970623,39.446559,1.483000,0.556447
21.946973,1.971101,39.470309,1.485026,0.556719
21.962981,1.971126,39.494105,1.488010,0.557118
21.978989,1.971603,39.517936,1.490046,0.557389
21.994997,1.971628,39.541813,1.493043,0.557788
22.011006,1.972103,39.565725,1.495089,0.558059
22.027014,1.972128,39.589683,1.498099,0.558458
22.043022,1.972602,39.613677,1.500155,0.558730
22.059030,1.972626,39.637715,1.503179,0.559128
22.075038,1.973099,39.661791,1.505245,0.559400
22.091046,1.973123,39.685911,1.508282,0.559799
22.107054,1.973595,39.710068,1.510358,0.560071
22.123062,1.973618,39.734270,1.513408,0.560470
22.139070,1.974089,39.758510,1.515494,0.560742
22.155078,1.974112,39.782794,1.518559,0.561140
22.171086,1.974581,39.807115,1.520655,0.561412
22.187094,1.974604,39.831482,1.523733,0.561811
22.203102,1.975072,39.855886,1.525839,0.562083
22.219110,1.975094,39.880336,1.528931,0.562482
22.235118,1.975561,39.904822,1.531048,0.562754
22.251126,1.975583,39.929356,1.534154,0.563153
22.267134,1.976049,39.953924,1.536281,0.563426
22.283142,1.976513,39.978541,1.538413,0.563698
22.299150,1.976535,40.003193,1.541539,0.564097
22.315158,1.976998,40.027892,1.543681,0.564370
22.331166,1.977019,40.052629,1.546821,0.564769
22.347174,1.977481,40.077411,1.548974,0.565041
22.363182,1.977502,40.102232,1.552129,0.565440
22.379190,1.977963,40.127097,1.554292,0.565713
22.395198,1.977983,40.152004,1.557461,0.566112
22.411206,1.978443,40.176952,1.559635,0.566385
22.427214,1.978463,40.201944,1.562818,0.566784
22.443222,1.978921,40.226976,1.565004,0.567057
22.459230,1.978941,40.252054,1.568201,0.567456
22.475238,1.979398,40.277169,1.570397,0.567729
22.491246,1.979855,40.302333,1.572599,0.568002
22.507254,1.979873,40.327533,1.575817,0.568401
22.523262,1.980329,40.352780,1.578029,0.568675
22.539270,1.980347,40.378068,1.581262,0.569074
22.555278,1.980801,40.403399,1.583486,0.569347
22.571286,1.980819,40.428773,1.586734,0.569746
22.587294,1.981272,40.454189,1.588968,0.570020
22.603302,1.981289,40.479651,1.592231,0.570419
22.619310,1.981741,40.505151,1.594477,0.570693
22.635318,1.982192,40.530700,1.596728,0.570967
22.651326,1.982209,40.556286,1.600012,0.571366
22.667334,1.982659,40.581919,1.602275,0.571640
22.683342,1.982675,40.607595,1.605574,0.572039
22.699350,1.983123,40.633313,1.607848,0.572313
22.715358,1.983139,40.659078,1.611163,0.572712
22.731366,1.983587,40.684881,1.613449,0.572986
22.747374,1.984033,40.710732,1.615739,0.573261
22.763382,1.984048,40.736623,1.619076,0.573660
22.779390,1.984494,40.762560,1.621378,0.573935
22.795398,1.984508,40.788542,1.624731,0.574334
22.811406,1.984952,40.814564,1.627045,0.574608
22.827414,1.985396,40.840634,1.629365,0.574883
22.843422,1.985410,40.866744,1.632740,0.575282
22.859430,1.985852,40.892900,1.635071,0.575557
22.875438,1.985865,40.919102,1.638462,0.575956
22.891446,1.986306,40.945344,1.640805,0.576232
22.907454,1.986747,40.971635,1.643154,0.576507
22.923462,1.986759,40.997966,1.646568,0.576906
22.939470,1.987198,41.024343,1.648928,0.577181
22.955478,1.987210,41.050766,1.652358,0.577581
22.971486,1.987648,41.077230,1.654731,0.577856
22.987494,1.988085,41.103742,1.657110,0.578131
23.003502,1.988096,41.130296,1.660563,0.578531
23.019510,1.988532,41.156895,1.662954,0.578806
23.035518,1.988968,41.183543,1.665350,0.579082
23.051526,1.988978,41.210230,1.668827,0.579482
23.067534,1.989412,41.236964,1.671236,0.579758
23.083542,1.989422,41.263745,1.674729,0.580157
23.099550,1.989855,41.290568,1.677150,0.580433
23.115558,1.990287,41.317438,1.679578,0.580709
23.131566,1.990296,41.344353,1.683094,0.581109
23.147574,1.990727,41.371312,1.685534,0.581385
23.163582,1.991156,41.398319,1.687980,0.581662
23.179590,1.991165,41.425368,1.691521,0.582061
23.195598,1.991594,41.452463,1.693980,0.582338
23.211606,1.992022,41.479607,1.696444,0.582614
23.227614,1.992029,41.506793,1.700009,0.583014
23.243622,1.992456,41.534025,1.702487,0.583291
23.259630,1.992882,41.561306,1.704970,0.583568
23.275638,1.992889,41.588628,1.708560,0.583967
23.291646,1.993313,41.615998,1.711057,0.584244
23.307654,1.993737,41.643416,1.713559,0.584522
23.323662,1.993743,41.670876,1.717174,0.584921
23.339670,1.994166,41.698384,1.719689,0.585199
23.355678,1.994588,41.725940,1.722211,0.585476
23.371686,1.994593,41.753539,1.725851,0.585876
23.387694,1.995014,41.781185,1.728386,0.586154
23.403702,1.995434,41.808880,1.730928,0.586431
23.419710,1.995438,41.836618,1.734592,0.586831
23.435718,1.995857,41.864403,1.737148,0.587109
23.451726,1.996275,41.892237,1.739709,0.587387
23.467734,1.996278,41.920115,1.743399,0.587787
23.483742,1.996695,41.948039,1.745974,0.588065
23.499750,1.997111,41.976013,1.748556,0.588344
23.515758,1.997114,42.004033,1.752272,0.588744
23.531766,1.997529,42.032097,1.754867,0.589022
23.547774,1.997942,42.060210,1.757469,0.589301
23.563782,1.998356,42.088372,1.760076,0.589579
23.579790,1.998357,42.116578,1.763827,0.589979
23.595798,1.998769,42.144831,1.766449,0.590258
23.611806,1.999180,42.173134,1.769077,0.590537
23.627814,1.999181,42.201483,1.772854,0.590937
23.643822,1.999591,42.229877,1.775497,0.591216
23.659830,2.000000,42.258321,1.778146,0.591496
23.675838,2.000000,42.286816,1.781949,0.591896
23.691846,2.000000,42.315372,1.785764,0.592296
23.707854,2.000000,42.343989,1.789590,0.592696
23.723862,2.000000,42.372668,1.793426,0.593097
23.739870,2.000000,42.401407,1.797274,0.593497
23.755878,2.000000,42.430209,1.801133,0.593897
23.771886,2.000000,42.459073,1.805003,0.594297
23.787894,2.000000,42.487998,1.808884,0.594697
23.803902,2.000000,42.516986,1.812777,0.595098
23.819910,2.000000,42.546036,1.816681,0.595498
23.835918,2.000000,42.575149,1.820597,0.595898
23.851926,2.000000,42.604324,1.824523,0.596298
23.867934,2.000000,42.633563,1.828462,0.596698
23.883942,2.000000,42.662865,1.832411,0.597099
23.899950,2.000000,42.692229,1.836373,0.597499
23.915958,2.000000,42.721658,1.840346,0.597899
23.931966,2.000000,42.751150,1.844330,0.598299
23.947974,2.000000,42.780706,1.848327,0.598699
23.963982,2.000000,42.810326,1.852335,0.599100
23.979990,2.000000,42.840010,1.856354,0.599500
23.995998,2.000000,42.869759,1.860386,0.599900
24.012006,2.000000,42.899573,1.864430,0.600300
24.028014,2.000000,42.929451,1.868485,0.600700
24.044022,2.000000,42.959394,1.872553,0.601101
24.060030,2.000000,42.989403,1.876632,0.601501
24.076038,2.000000,43.019477,1.880724,0.601901
24.092046,2.000000,43.049616,1.884828,0.602301
24.108054,2.000000,43.079821,1.888944,0.602701
24.124062,2.000000,43.110092,1.893072,0.603102
24.140070,2.000000,43.140430,1.897212,0.603502
24.156078,2.000000,43.170834,1.901365,0.603902
24.172086,2.000000,43.201304,1.905530,0.604302
24.188094,2.000000,43.231841,1.909708,0.604702
24.204102,2.000000,43.262445,1.913898,0.605103
24.220110,2.000000,43.293117,1.918100,0.605503
24.236118,2.000000,43.323855,1.922315,0.605903
24.252126,2.000000,43.354662,1.926543,0.606303
24.268134,2.000000,43.385536,1.930784,0.606703
24.284142,2.000000,43.416478,1.935037,0.607104
24.300150,2.000000,43.447488,1.939303,0.607504
24.316158,2.000000,43.478566,1.943582,0.607904
24.332166,2.000000,43.509714,1.947874,0.608304
24.348174,2.000000,43.540930,1.952178,0.608704
24.364182,2.000000,43.572215,1.956496,0.609105
24.380190,2.000000,43.603569,1.960827,0.609505
24.396198,2.000000,43.634993,1.965171,0.609905
24.412206,2.000000,43.666486,1.969528,0.610305
24.428214,2.000000,43.698049,1.973898,0.610705
24.444222,2.000000,43.729682,1.978282,0.611106
24.460230,2.000000,43.761386,1.982678,0.611506
24.476238,2.000000,43.793160,1.987089,0.611906
24.492246,2.000000,43.825005,1.991512,0.612306
24.508254,2.000000,43.856920,1.995950,0.612706
24.524262,2.000000,43.888907,2.000400,0.613107
24.540270,2.000000,43.920965,2.004865,0.613507
24.556278,2.000000,43.953095,2.009343,0.613907
24.572286,2.000000,43.985296,2.013834,0.614307
24.588294,2.000000,44.017570,2.018340,0.614707
24.604302,2.000000,44.049916,2.022859,0.615108
24.620310,2.000000,44.082334,2.027392,0.615508
24.636318,2.000000,44.114825,2.031940,0.615908
24.652326,2.000000,44.147388,2.036501,0.616308
24.668334,2.000000,44.180025,2.041076,0.616708
24.684342,2.000000,44.212736,2.045665,0.617109
24.700350,2.000000,44.245519,2.050269,0.617509
24.716358,2.000000,44.278377,2.054887,0.617909
24.732366,2.000000,44.311309,2.059519,0.618309
24.748374,2.000000,44.344315,2.064165,0.618709
24.764382,2.000000,44.377395,2.068826,0.619110
24.780390,2.000000,44.410550,2.073502,0.619510
24.796398,2.000000,44.443781,2.078192,0.619910
24.812406,2.000000,44.477086,2.082896,0.620310
24.828414,2.000000,44.510467,2.087616,0.620710
24.844422,2.000000,44.543923,2.092350,0.621111
24.860430,2.000000,44.577455,2.097098,0.621511
24.876438,2.000000,44.611064,2.101862,0.621911
24.892446,2.000000,44.644749,2.106640,0.622311
24.908454,2.000000,44.678510,2.111434,0.622711
24.924462,2.000000,44.712349,2.116243,0.623112
24.940470,2.000000,44.746264,2.121066,0.623512
24.956478,2.000000,44.780257,2.125905,0.623912
24.972486,2.000000,44.814327,2.130759,0.624312
24.988494,2.000000,44.848475,2.135629,0.624712
25.004502,2.000000,44.882701,2.140514,0.625113
25.020510,2.000000,44.917006,2.145414,0.625513
25.036518,2.000000,44.951389,2.150330,0.625913
25.052526,2.000000,44.985851,2.155261,0.626313
25.068534,2.000000,45.020392,2.160208,0.626713
25.084542,2.000000,45.055012,2.165171,0.627114
25.100550,2.000000,45.089712,2.170149,0.627514
25.116558,2.000000,45.124492,2.175144,0.627914
25.132566,2.000000,45.159352,2.180154,0.628314
25.148574,2.000000,45.194292,2.185180,0.628714
25.164582,2.000000,45.229313,2.190222,0.629115
25.180590,2.000000,45.264414,2.195281,0.629515
25.196598,2.000000,45.299597,2.200355,0.629915
25.212606,2.000000,45.334861,2.205446,0.630315
25.228614,2.000000,45.370206,2.210553,0.630715
25.244622,2.000000,45.405634,2.215677,0.631116
25.260630,2.000000,45.441144,2.220817,0.631516
25.276638,2.000000,45.476736,2.225974,0.631916
25.292646,2.000000,45.512411,2.231147,0.632316
25.308654,2.000000,45.548168,2.236337,0.632716
25.324662,2.000000,45.584009,2.241544,0.633117
25.340670,2.000000,45.619934,2.246767,0.633517
25.356678,2.000000,45.655942,2.252008,0.633917
25.372686,2.000000,45.692034,2.257265,0.634317
25.388694,2.000000,45.728211,2.262540,0.634717
25.404702,2.000000,45.764472,2.267831,0.635118
25.420710,2.000000,45.800818,2.273140,0.635518
25.436718,2.000000,45.837249,2.278466,0.635918
25.452726,2.000000,45.873765,2.283810,0.636318
25.468734,2.000000,45.910367,2.289171,0.636718
25.484742,2.000000,45.947055,2.294549,0.637119
25.500750,2.000000,45.983830,2.299945,0.637519
25.516758,2.000000,46.020690,2.305359,0.637919
25.532766,2.000000,46.057638,2.310791,0.638319
25.548774,2.000000,46.094673,2.316240,0.638719
25.564782,2.000000,46.131795,2.321707,0.639120
25.580790,2.000000,46.169005,2.327192,0.639520
25.596798,2.000000,46.206302,2.332696,0.639920
25.612806,2.000000,46.243688,2.338217,0.640320
25.628814,2.000000,46.281163,2.343757,0.640720
25.644822,2.000000,46.318726,2.349315,0.641121
25.660830,2.000000,46.356379,2.354891,0.641521
25.676838,2.000000,46.394121,2.360486,0.641921
25.692846,2.000000,46.431952,2.366100,0.642321
25.708854,2.000000,46.469874,2.371732,0.642721
25.724862,2.000000,46.507886,2.377383,0.643122
25.740870,2.000000,46.545988,2.383052,0.643522
25.756878,2.000000,46.584182,2.388741,0.643922
25.772886,2.000000,46.622466,2.394448,0.644322
25.788894,2.000000,46.660842,2.400175,0.644722
25.804902,2.000000,46.699310,2.405921,0.645123
25.820910,2.000000,46.737870,2.411686,0.645523
25.836918,2.000000,46.776523,2.417470,0.645923
25.852926,2.000000,46.815268,2.423274,0.646323
25.868934,2.000000,46.854107,2.429097,0.646723
25.884942,2.000000,46.893038,2.434940,0.647124
25.900950,2.000000,46.932064,2.440803,0.647524
25.916958,2.000000,46.971183,2.446685,0.647924
25.932966,2.000000,47.010397,2.452587,0.648324
25.948974,2.000000,47.049705,2.458509,0.648724
25.964982,2.000000,47.089109,2.464451,0.649125
25.980990,2.000000,47.128607,2.470414,0.649525
25.996998,2.000000,47.168202,2.476396,0.649925
26.013007,2.000000,47.207892,2.482399,0.650325
26.029015,2.000000,47.247678,2.488423,0.650725
26.045023,2.000000,47.287561,2.494466,0.651126
26.061031,2.000000,47.327541,2.500531,0.651526
26.077039,2.000000,47.367618,2.506616,0.651926
26.093047,2.000000,47.407793,2.512722,0.652326
26.109055,2.000000,47.448066,2.518849,0.652726
26.125063,2.000000,47.488437,2.524996,0.653127
26.141071,2.000000,47.528906,2.531165,0.653527
26.157079,2.000000,47.569475,2.537355,0.653927
26.173087,2.000000,47.610142,2.543567,0.654327
26.189095,2.000000,47.650910,2.549800,0.654727
26.205103,2.000000,47.691777,2.556054,0.655128
26.221111,2.000000,47.732744,2.562330,0.655528
26.237119,2.000000,47.773812,2.568627,0.655928
26.253127,2.000000,47.814982,2.574946,0.656328
26.269135,2.000000,47.856252,2.581288,0.656728
26.285143,2.000000,47.897624,2.587651,0.657129
26.301151,2.000000,47.939098,2.594036,0.657529
26.317159,2.000000,47.980675,2.600443,0.657929
26.333167,2.000000,48.022354,2.606873,0.658329
26.349175,2.000000,48.064137,2.613325,0.658729
26.365183,2.000000,48.106023,2.619800,0.659130
26.381191,2.000000,48.148013,2.626297,0.659530
26.397199,2.000000,48.190106,2.632817,0.659930
26.413207,2.000000,48.232305,2.639360,0.660330
26.429215,2.000000,48.274608,2.645926,0.660730
26.445223,2.000000,48.317017,2.652515,0.661131
26.461231,2.000000,48.359531,2.659127,0.661531
26.477239,2.000000,48.402152,2.665762,0.661931
26.493247,2.000000,48.444879,2.672421,0.662331
26.509255,2.000000,48.487712,2.679103,0.662731
26.525263,2.000000,48.530653,2.685808,0.663132
26.541271,2.000000,48.573701,2.692538,0.663532
26.557279,2.000000,48.616857,2.699291,0.663932
26.573287,2.000000,48.660122,2.706068,0.664332
26.589295,2.000000,48.703495,2.712870,0.664732
26.605303,2.000000,48.746977,2.719695,0.665133
26.621311,2.000000,48.790569,2.726545,0.665533
26.637319,2.000000,48.834270,2.733419,0.665933
26.653327,2.000000,48.878082,2.740317,0.666333
26.669335,2.000000,48.922005,2.747241,0.666733
26.685343,2.000000,48.966038,2.754189,0.667134
26.701351,2.000000,49.010183,2.761162,0.667534
26.717359,2.000000,49.054439,2.768159,0.667934
26.733367,2.000000,49.098808,2.775182,0.668334
26.749375,2.000000,49.143290,2.782231,0.668734
26.765383,2.000000,49.187884,2.789304,0.669135
26.781391,2.000000,49.232592,2.796403,0.669535
26.797399,2.000000,49.277414,2.803528,0.669935
26.813407,2.000000,49.322350,2.810679,0.670335
26.829415,2.000000,49.367401,2.817855,0.670735
26.845423,2.000000,49.412567,2.825057,0.671136
26.861431,2.000000,49.457848,2.832286,0.671536
26.877439,2.000000,49.503246,2.839540,0.671936
26.893447,2.000000,49.548759,2.846821,0.672336
26.909455,2.000000,49.594390,2.854129,0.672736
26.925463,2.000000,49.640137,2.861463,0.673137
26.941471,2.000000,49.686002,2.868824,0.673537
26.957479,2.000000,49.731986,2.876211,0.673937
26.973487,2.000000,49.778087,2.883626,0.674337
26.989495,2.000000,49.824308,2.891068,0.674737
27.005503,2.000000,49.870648,2.898537,0.675138
27.021511,2.000000,49.917108,2.906034,0.675538
27.037519,2.000000,49.963688,2.913558,0.675938
27.053527,2.000000,50.010388,2.921110,0.676338
27.069535,2.000000,50.057210,2.928690,0.676738
27.085543,2.000000,50.104153,2.936298,0.677139
27.101551,2.000000,50.151219,2.943934,0.677539
27.117559,2.000000,50.198407,2.951598,0.677939
27.133567,2.000000,50.245717,2.959290,0.678339
27.149575,2.000000,50.293151,2.967011,0.678739
27.165583,2.000000,50.340709,2.974761,0.679140
27.181591,2.000000,50.388391,2.982539,0.679540
27.197599,2.000000,50.436198,2.990347,0.679940
27.213607,2.000000,50.484131,2.998184,0.680340
27.229615,2.000000,50.532188,3.006049,0.680740
27.245623,2.000000,50.580372,3.013945,0.681141
27.261631,2.000000,50.628683,3.021869,0.681541
27.277639,2.000000,50.677121,3.029824,0.681941
27.293647,2.000000,50.725686,3.037808,0.682341
27.309655,2.000000,50.774379,3.045823,0.682741
27.325663,2.000000,50.823201,3.053867,0.683142
27.341671,2.000000,50.872152,3.061942,0.683542
27.357679,2.000000,50.921233,3.070047,0.683942
27.373687,2.000000,50.970443,3.078183,0.684342
27.389695,2.000000,51.019784,3.086350,0.684742
27.405703,2.000000,51.069256,3.094548,0.685143
27.421711,2.000000,51.118859,3.102776,0.685543
27.437719,2.000000,51.168595,3.111036,0.685943
27.453727,2.000000,51.218462,3.119328,0.686343
27.469735,2.000000,51.268463,3.127650,0.686743
27.485743,2.000000,51.318597,3.136005,0.687144
27.501751,2.000000,51.368866,3.144392,0.687544
27.517759,2.000000,51.419268,3.152810,0.687944
27.533767,2.000000,51.469806,3.161261,0.688344
27.549775,2.000000,51.520480,3.169744,0.688744
27.565783,2.000000,51.571289,3.178260,0.689145
27.581791,2.000000,51.622235,3.186808,0.689545
27.597799,2.000000,51.673318,3.195390,0.689945
27.613807,2.000000,51.724539,3.204004,0.690345
27.629815,2.000000,51.775898,3.212652,0.690745
27.645823,2.000000,51.827395,3.221333,0.691146
27.661831,2.000000,51.879032,3.230048,0.691546
27.677839,2.000000,51.930809,3.238796,0.691946
27.693847,2.000000,51.982726,3.247578,0.692346
27.709855,2.000000,52.034783,3.256395,0.692746
27.725863,2.000000,52.086982,3.265245,0.693147
27.741871,2.000000,52.139324,3.274130,0.693547
27.757879,2.000000,52.191807,3.283050,0.693947
27.773887,2.000000,52.244434,3.292005,0.694347
27.789895,2.000000,52.297204,3.300995,0.694747
27.805903,2.000000,52.350119,3.310019,0.695148
27.821911,2.000000,52.403178,3.319080,0.695548
27.837919,2.000000,52.456383,3.328175,0.695948
27.853927,2.000000,52.509733,3.337307,0.696348
27.869935,2.000000,52.563230,3.346474,0.696748
27.885943,2.000000,52.616874,3.355678,0.697149
27.901951,2.000000,52.670666,3.364918,0.697549
27.917959,2.000000,52.724606,3.374194,0.697949
27.933967,2.000000,52.778694,3.383508,0.698349
27.949975,2.000000,52.832932,3.392858,0.698749
27.965983,2.000000,52.887320,3.402245,0.699150
27.981991,2.000000,52.941859,3.411669,0.699550
27.997999,2.000000,52.996548,3.421131,0.699950
28.014007,2.000000,53.051390,3.430631,0.700350
28.030015,2.000000,53.106384,3.440169,0.700750
28.046023,2.000000,53.161530,3.449744,0.701151
28.062031,2.000000,53.216831,3.459358,0.701551
28.078039,2.000000,53.272286,3.469011,0.701951
28.094047,2.000000,53.327895,3.478702,0.702351
28.110055,2.000000,53.383660,3.488432,0.702751
28.126063,2.000000,53.439581,3.498202,0.703152
28.142071,2.000000,53.495659,3.508010,0.703552
28.158079,2.000000,53.551894,3.517859,0.703952
28.174087,2.000000,53.608287,3.527747,0.704352
28.190095,2.000000,53.664838,3.537675,0.704752
28.206103,2.000000,53.721549,3.547643,0.705153
28.222111,2.000000,53.778420,3.557652,0.705553
28.238119,2.000000,53.835451,3.567701,0.705953
28.254127,2.000000,53.892643,3.577791,0.706353
28.270135,2.000000,53.949998,3.587922,0.706753
28.286143,2.000000,54.007515,3.598095,0.707154
28.302151,2.000000,54.065195,3.608309,0.707554
28.318159,2.000000,54.123039,3.618565,0.707954
28.334167,2.000000,54.181047,3.628863,0.708354
28.350175,2.000000,54.239220,3.639204,0.708754
28.366183,2.000000,54.297560,3.649586,0.709155
28.382191,2.000000,54.356066,3.660012,0.709555
28.398199,2.000000,54.414739,3.670480,0.709955
28.414207,2.000000,54.473580,3.680992,0.710355
28.430215,2.000000,54.532590,3.691547,0.710755
28.446223,2.000000,54.591769,3.702145,0.711156
28.462231,2.000000,54.651118,3.712788,0.711556
28.478239,2.000000,54.710638,3.723475,0.711956
28.494247,2.000000,54.770329,3.734206,0.712356
28.510255,2.000000,54.830193,3.744982,0.712756
28.526263,2.000000,54.890229,3.755802,0.713157
28.542271,2.000000,54.950439,3.766668,0.713557
28.558279,2.000000,55.010823,3.777579,0.713957
28.574287,2.000000,55.071382,3.788536,0.714357
28.590295,2.000000,55.132117,3.799539,0.714757
28.606303,2.000000,55.193028,3.810588,0.715158
28.622311,2.000000,55.254117,3.821683,0.715558
28.638319,2.000000,55.315383,3.832825,0.715958
28.654327,2.000000,55.376829,3.844014,0.716358
28.670335,2.000000,55.438454,3.855251,0.716758
28.686343,2.000000,55.500259,3.866534,0.717159
28.702351,2.000000,55.562245,3.877866,0.717559
28.718359,2.000000,55.624413,3.889246,0.717959
28.734367,2.000000,55.686763,3.900673,0.718359
28.750375,2.000000,55.749297,3.912150,0.718759
28.766383,2.000000,55.812015,3.923675,0.719160
28.782391,2.000000,55.874918,3.935250,0.719560
28.798399,2.000000,55.938006,3.946873,0.719960
28.814407,2.000000,56.001281,3.958547,0.720360
28.830415,2.000000,56.064743,3.970270,0.720760
28.846423,2.000000,56.128394,3.982044,0.721161
28.862431,2.000000,56.192233,3.993869,0.721561
28.878439,2.000000,56.256262,4.005744,0.721961
28.894447,2.000000,56.320481,4.017670,0.722361
28.910455,2.000000,56.384892,4.029648,0.722761
28.926463,2.000000,56.449495,4.041678,0.723162
28.942471,2.000000,56.514290,4.053759,0.723562
28.958479,2.000000,56.579280,4.065893,0.723962
28.974487,2.000000,56.644464,4.078080,0.724362
28.990495,2.000000,56.709844,4.090319,0.724762
29.006503,2.000000,56.775420,4.102612,0.725163
29.022511,2.000000,56.841194,4.114959,0.725563
29.038519,2.000000,56.907165,4.127359,0.725963
29.054527,2.000000,56.973336,4.139813,0.726363
29.070535,2.000000,57.039706,4.152322,0.726763
29.086543,2.000000,57.106277,4.164886,0.727164
29.102551,2.000000,57.173049,4.177505,0.727564
29.118559,2.000000,57.240024,4.190180,0.727964
29.134567,2.000000,57.307202,4.202910,0.728364
29.150575,2.000000,57.374585,4.215697,0.728764
29.166583,2.000000,57.442172,4.228540,0.729165
29.182591,2.000000,57.509966,4.241439,0.729565
29.198599,2.000000,57.577966,4.254396,0.729965
29.214607,2.000000,57.646175,4.267411,0.730365
29.230615,2.000000,57.714592,4.280483,0.730765
29.246623,2.000000,57.783219,4.293613,0.731166
29.262631,2.000000,57.852057,4.306802,0.731566
29.278639,2.000000,57.921106,4.320050,0.731966
29.294647,2.000000,57.990368,4.333357,0.732366
29.310655,2.000000,58.059843,4.346724,0.732766
29.326663,2.000000,58.129533,4.360151,0.733167
29.342671,2.000000,58.199438,4.373638,0.733567
29.358679,2.000000,58.269560,4.387185,0.733967
29.374687,2.000000,58.339899,4.400794,0.734367
29.390695,2.000000,58.410456,4.414464,0.734767
29.406703,2.000000,58.481233,4.428196,0.735168
29.422711,2.000000,58.552229,4.441990,0.735568
29.438719,2.000000,58.623448,4.455846,0.735968
29.454727,2.000000,58.694888,4.469765,0.736368
29.470735,2.000000,58.766552,4.483748,0.736768
29.486743,2.000000,58.838440,4.497795,0.737169
29.502751,2.000000,58.910554,4.511905,0.737569
29.518759,2.000000,58.982894,4.526080,0.737969
29.534767,2.000000,59.055461,4.540320,0.738369
29.550775,2.000000,59.128257,4.554625,0.738769
29.566783,2.000000,59.201282,4.568995,0.739170
29.582791,2.000000,59.274538,4.583432,0.739570
29.598799,2.000000,59.348026,4.597935,0.739970
29.614807,2.000000,59.421746,4.612505,0.740370
29.630815,2.000000,59.495700,4.627142,0.740770
29.646823,2.000000,59.569889,4.641847,0.741171
29.662831,2.000000,59.644314,4.656620,0.741571
29.678839,2.000000,59.718976,4.671462,0.741971
29.694847,2.000000,59.793876,4.686373,0.742371
29.710855,2.000000,59.869015,4.701353,0.742771
29.726863,2.000000,59.944395,4.716403,0.743172
29.742871,2.000000,60.020016,4.731523,0.743572
29.758879,2.000000,60.095880,4.746714,0.743972
29.774887,2.000000,60.171987,4.761976,0.744372
29.790895,2.000000,60.248340,4.777309,0.744772
29.806903,2.000000,60.324938,4.792715,0.745173
29.822911,2.000000,60.401784,4.808193,0.745573
29.838919,2.000000,60.478878,4.823744,0.745973
29.854927,2.000000,60.556221,4.839369,0.746373
29.870935,2.000000,60.633815,4.855067,0.746773
29.886943,2.000000,60.711661,4.870840,0.747174
29.902951,2.000000,60.789761,4.886688,0.747574
29.918959,2.000000,60.868114,4.902611,0.747974
29.934967,2.000000,60.946723,4.918610,0.748374
29.950975,2.000000,61.025589,4.934685,0.748774
29.966983,2.000000,61.104712,4.950836,0.749175
29.982991,2.000000,61.184095,4.967065,0.749575
29.998999,2.000000,61.263738,4.983372,0.749975
30.015008,2.000000,61.343643,4.999757,0.750375
30.031016,2.000000,61.423811,5.016221,0.750775
30.047024,2.000000,61.504243,5.032764,0.751176
30.063032,2.000000,61.584940,5.049387,0.751576
30.079040,2.000000,61.665905,5.066090,0.751976
30.095048,2.000000,61.747137,5.082874,0.752376
30.111056,2.000000,61.828638,5.099739,0.752776
30.127064,2.000000,61.910411,5.116686,0.753177
30.143072,2.000000,61.992455,5.133715,0.753577
30.159080,2.000000,62.074772,5.150827,0.753977
30.175088,2.000000,62.157364,5.168023,0.754377
30.191096,2.000000,62.240232,5.185303,0.754777
30.207104,2.000000,62.323377,5.202667,0.755178
30.223112,2.000000,62.406801,5.220117,0.755578
30.239120,2.000000,62.490505,5.237652,0.755978
30.255128,2.000000,62.574490,5.255273,0.756378
30.271136,2.000000,62.658758,5.272981,0.756778
30.287144,2.000000,62.743311,5.290777,0.757179
30.303152,2.000000,62.828148,5.308661,0.757579
30.319160,2.000000,62.913273,5.326633,0.757979
30.335168,2.000000,62.998686,5.344694,0.758379
30.351176,2.000000,63.084389,5.362845,0.758779
30.367184,2.000000,63.170384,5.381086,0.759180
30.383192,2.000000,63.256671,5.399418,0.759580
30.399200,2.000000,63.343252,5.417841,0.759980
30.415208,2.000000,63.430129,5.436357,0.760380
30.431216,2.000000,63.517303,5.454966,0.760780
30.447224,2.000000,63.604776,5.473668,0.761181
30.463232,2.000000,63.692548,5.492463,0.761581
30.479240,2.000000,63.780623,5.511354,0.761981
30.495248,2.000000,63.869000,5.530340,0.762381
30.511256,2.000000,63.957683,5.549421,0.762781
30.527264,2.000000,64.046671,5.568600,0.763182
30.543272,2.000000,64.135968,5.587875,0.763582
30.559280,2.000000,64.225573,5.607249,0.763982
30.575288,2.000000,64.315490,5.626721,0.764382
30.591296,2.000000,64.405719,5.646292,0.764782
30.607304,2.000000,64.496262,5.665963,0.765183
30.623312,2.000000,64.587121,5.685734,0.765583
30.639320,2.000000,64.678297,5.705607,0.765983
30.655328,2.000000,64.769792,5.725582,0.766383
30.671336,2.000000,64.861608,5.745659,0.766783
30.687344,2.000000,64.953746,5.765840,0.767184
30.703352,2.000000,65.046208,5.786125,0.767584
30.719360,2.000000,65.138995,5.806515,0.767984
30.735368,2.000000,65.232110,5.827010,0.768384
30.751376,2.000000,65.325553,5.847612,0.768784
30.767384,2.000000,65.419327,5.868320,0.769185
30.783392,2.000000,65.513434,5.889137,0.769585
30.799400,2.000000,65.607875,5.910061,0.769985
30.815408,2.000000,65.702651,5.931095,0.770385
30.831416,2.000000,65.797765,5.952239,0.770785
30.847424,2.000000,65.893219,5.973494,0.771186
30.863432,2.000000,65.989013,5.994860,0.771586
30.879440,2.000000,66.085151,6.016339,0.771986
30.895448,2.000000,66.181633,6.037931,0.772386
30.911456,2.000000,66.278462,6.059637,0.772786
30.927464,2.000000,66.375639,6.081457,0.773187
30.943472,2.000000,66.473166,6.103393,0.773587
30.959480,2.000000,66.571046,6.125446,0.773987
30.975488,2.000000,66.669279,6.147615,0.774387
30.991496,2.000000,66.767869,6.169903,0.774787
31.007504,2.000000,66.866816,6.192309,0.775188
31.023512,2.000000,66.966122,6.214836,0.775588
31.039520,2.000000,67.065791,6.237482,0.775988
31.055528,2.000000,67.165822,6.260251,0.776388
31.071536,2.000000,67.266219,6.283141,0.776788
31.087544,2.000000,67.366984,6.306155,0.777189
31.103552,2.000000,67.468118,6.329293,0.777589
31.119560,2.000000,67.569623,6.352555,0.777989
31.135568,2.000000,67.671502,6.375944,0.778389
31.151576,2.000000,67.773756,6.399460,0.778789
31.167584,2.000000,67.876388,6.423103,0.779190
31.183592,2.000000,67.979399,6.446875,0.779590
31.199600,2.000000,68.082792,6.470776,0.779990
31.215608,2.000000,68.186568,6.494808,0.780390
31.231616,2.000000,68.290730,6.518971,0.780790
31.247624,2.000000,68.395280,6.543267,0.781191
31.263632,2.000000,68.500220,6.567696,0.781591
31.279640,2.000000,68.605553,6.592260,0.781991
31.295648,2.000000,68.711279,6.616959,0.782391
31.311656,2.000000,68.817402,6.641794,0.782791
31.327664,2.000000,68.923923,6.666767,0.783192
31.343672,2.000000,69.030846,6.691878,0.783592
31.359680,2.000000,69.138171,6.717129,0.783992
31.375688,2.000000,69.245902,6.742520,0.784392
31.391696,2.000000,69.354041,6.768053,0.784792
31.407704,2.000000,69.462589,6.793728,0.785193
31.423712,2.000000,69.571550,6.819547,0.785593
31.439720,2.000000,69.680925,6.845510,0.785993
31.455728,2.000000,69.790716,6.871620,0.786393
31.471736,2.000000,69.900927,6.897876,0.786793
31.487744,2.000000,70.011559,6.924280,0.787194
31.503752,2.000000,70.122616,6.950834,0.787594
31.519760,2.000000,70.234098,6.977537,0.787994
31.535768,2.000000,70.346009,7.004392,0.788394
31.551776,2.000000,70.458352,7.031400,0.788794
31.567784,2.000000,70.571128,7.058561,0.789195
31.583792,2.000000,70.684340,7.085877,0.789595
31.599800,2.000000,70.797990,7.113349,0.789995
31.615808,2.000000,70.912081,7.140979,0.790395
31.631816,2.000000,71.026616,7.168766,0.790795
31.647824,2.000000,71.141598,7.196714,0.791196
31.663832,2.000000,71.257027,7.224822,0.791596
31.679840,2.000000,71.372908,7.253093,0.791996
31.695848,2.000000,71.489243,7.281527,0.792396
31.711856,2.000000,71.606035,7.310125,0.792796
31.727864,2.000000,71.723285,7.338889,0.793197
31.743872,2.000000,71.840997,7.367821,0.793597
31.759880,2.000000,71.959174,7.396921,0.793997
31.775888,2.000000,72.077818,7.426191,0.794397
31.791896,2.000000,72.196932,7.455632,0.794797
31.807904,2.000000,72.316519,7.485246,0.795198
31.823912,2.000000,72.436581,7.515033,0.795598
31.839920,2.000000,72.557121,7.544996,0.795998
31.855928,2.000000,72.678142,7.575135,0.796398
31.871936,2.000000,72.799648,7.605452,0.796798
31.887944,2.000000,72.921640,7.635949,0.797199
31.903952,2.000000,73.044121,7.666626,0.797599
31.919960,2.000000,73.167095,7.697486,0.797999
31.935968,2.000000,73.290565,7.728529,0.798399
31.951976,2.000000,73.414533,7.759758,0.798799
31.967984,2.000000,73.539002,7.791173,0.799200
31.983992,2.000000,73.663976,7.822776,0.799600
32.000000,2.000000,73.789457,7.854569,0.800000
